jurisdiction,state,month,deaths,crude_rate
United States,United States,2018-01-01,5659,1.7
United States,United States,2018-02-01,5244,1.6
United States,United States,2018-03-01,5793,1.8
United States,United States,2018-04-01,5555,1.7
United States,United States,2018-05-01,5773,1.8
United States,United States,2018-06-01,5817,1.8
United States,United States,2018-07-01,5940,1.8
United States,United States,2018-08-01,5836,1.8
United States,United States,2018-09-01,5500,1.7
United States,United States,2018-10-01,5522,1.7
United States,United States,2018-11-01,5177,1.6
United States,United States,2018-12-01,5551,1.7
United States,United States,2019-01-01,5519,1.7
United States,United States,2019-02-01,5180,1.6
United States,United States,2019-03-01,5887,1.8
United States,United States,2019-04-01,5562,1.7
United States,United States,2019-05-01,5829,1.8
United States,United States,2019-06-01,5807,1.8
United States,United States,2019-07-01,6162,1.9
United States,United States,2019-08-01,6194,1.9
United States,United States,2019-09-01,5882,1.8
United States,United States,2019-10-01,6133,1.9
United States,United States,2019-11-01,6176,1.9
United States,United States,2019-12-01,6299,1.9
United States,United States,2020-01-01,6490,2
United States,United States,2020-02-01,6388,1.9
United States,United States,2020-03-01,7198,2.2
United States,United States,2020-04-01,7882,2.4
United States,United States,2020-05-01,9375,2.8
United States,United States,2020-06-01,8138,2.5
United States,United States,2020-07-01,8475,2.6
United States,United States,2020-08-01,8216,2.5
United States,United States,2020-09-01,7461,2.3
United States,United States,2020-10-01,7333,2.2
United States,United States,2020-11-01,7271,2.2
United States,United States,2020-12-01,7572,2.3
United States,United States,2021-01-01,8777,2.6
United States,United States,2021-02-01,7706,2.3
United States,United States,2021-03-01,9300,2.8
United States,United States,2021-04-01,9428,2.8
United States,United States,2021-05-01,9279,2.8
United States,United States,2021-06-01,9020,2.7
United States,United States,2021-07-01,9355,2.8
United States,United States,2021-08-01,9349,2.8
United States,United States,2021-09-01,8941,2.7
United States,United States,2021-10-01,8730,2.6
United States,United States,2021-11-01,8254,2.5
United States,United States,2021-12-01,8560,2.6
United States,United States,2022-01-01,8992,2.7
United States,United States,2022-02-01,8492,2.5
United States,United States,2022-03-01,9214,2.8
United States,United States,2022-04-01,8558,2.6
United States,United States,2022-05-01,8873,2.7
United States,United States,2022-06-01,8899,2.7
United States,United States,2022-07-01,9517,2.8
United States,United States,2022-08-01,9165,2.7
United States,United States,2022-09-01,8835,2.6
United States,United States,2022-10-01,9084,2.7
United States,United States,2022-11-01,8827,2.6
United States,United States,2022-12-01,9485,2.8
United States,United States,2023-01-01,9257,2.7
United States,United States,2023-02-01,8434,2.5
United States,United States,2023-03-01,9510,2.8
United States,United States,2023-04-01,9223,2.7
United States,United States,2023-05-01,9493,2.8
United States,United States,2023-06-01,8911,2.6
United States,United States,2023-07-01,9389,2.8
United States,United States,2023-08-01,9189,2.7
United States,United States,2023-09-01,8087,2.4
United States,United States,2023-10-01,8049,2.4
United States,United States,2023-11-01,7635,2.3
United States,United States,2023-12-01,7830,2.3
United States,United States,2024-01-01,7921,2.3
United States,United States,2024-02-01,7271,2.1
United States,United States,2024-03-01,7359,2.2
United States,United States,2024-04-01,7116,2.1
United States,United States,2024-05-01,7141,2.1
United States,United States,2024-06-01,6985,2.1
United States,United States,2024-07-01,6851,2
United States,United States,2024-08-01,6278,1.8
United States,United States,2024-09-01,5574,1.6
United States,United States,2024-10-01,5633,1.7
United States,United States,2024-11-01,5451,1.6
United States,United States,2024-12-01,5804,1.7
United States,United States,2025-01-01,6383,1.9
United States,United States,2025-02-01,5785,1.7
United States,United States,2025-03-01,6584,1.9
United States,United States,2025-04-01,6055,1.8
United States,United States,2025-05-01,6026,1.8
United States,United States,2025-06-01,5954,1.8
United States,United States,2025-07-01,5924,1.7
United States,United States,2025-08-01,5597,1.6
United States,United States,2025-09-01,4997,1.5
United States,United States,2025-10-01,5058,1.5
United States,United States,2025-11-01,4961,1.5
Alabama,Alabama,2018-01-01,56,1.1
Alaska,Alaska,2018-01-01,11,1.5
Arizona,Arizona,2018-01-01,146,2
Arkansas,Arkansas,2018-01-01,37,1.2
California,California,2018-01-01,475,1.2
Colorado,Colorado,2018-01-01,100,1.8
Connecticut,Connecticut,2018-01-01,66,1.8
Delaware,Delaware,2018-01-01,27,2.8
Florida,Florida,2018-01-01,438,2.1
Georgia,Georgia,2018-01-01,100,1
Hawaii,Hawaii,2018-01-01,17,1.2
Idaho,Idaho,2018-01-01,14,0.8
Illinois,Illinois,2018-01-01,242,1.9
Indiana,Indiana,2018-01-01,138,2.1
Iowa,Iowa,2018-01-01,27,0.9
Kansas,Kansas,2018-01-01,30,1
Kentucky,Kentucky,2018-01-01,109,2.4
Louisiana,Louisiana,2018-01-01,102,2.2
Maine,Maine,2018-01-01,28,2.1
Maryland,Maryland,2018-01-01,212,3.5
Massachusetts,Massachusetts,2018-01-01,208,3
Michigan,Michigan,2018-01-01,243,2.4
Minnesota,Minnesota,2018-01-01,47,0.8
Mississippi,Mississippi,2018-01-01,23,0.8
Missouri,Missouri,2018-01-01,124,2
Montana,Montana,2018-01-01,11,1
Nevada,Nevada,2018-01-01,57,1.9
New Hampshire,New Hampshire,2018-01-01,29,2.1
New Jersey,New Jersey,2018-01-01,218,2.5
New Mexico,New Mexico,2018-01-01,41,2
New York,New York,2018-01-01,374,1.9
North Carolina,North Carolina,2018-01-01,199,1.9
North Dakota,North Dakota,2018-01-01,10,1.3
Ohio,Ohio,2018-01-01,298,2.6
Oklahoma,Oklahoma,2018-01-01,69,1.8
Oregon,Oregon,2018-01-01,58,1.4
Pennsylvania,Pennsylvania,2018-01-01,361,2.8
Rhode Island,Rhode Island,2018-01-01,20,1.9
South Carolina,South Carolina,2018-01-01,86,1.7
Tennessee,Tennessee,2018-01-01,136,2
Texas,Texas,2018-01-01,237,0.8
Utah,Utah,2018-01-01,51,1.6
Vermont,Vermont,2018-01-01,10,1.6
Virginia,Virginia,2018-01-01,98,1.2
Washington,Washington,2018-01-01,94,1.2
West Virginia,West Virginia,2018-01-01,61,3.4
Wisconsin,Wisconsin,2018-01-01,86,1.5
Alabama,Alabama,2018-02-01,73,1.5
Arizona,Arizona,2018-02-01,99,1.4
Arkansas,Arkansas,2018-02-01,22,0.7
California,California,2018-02-01,419,1.1
Colorado,Colorado,2018-02-01,80,1.4
Connecticut,Connecticut,2018-02-01,86,2.4
Delaware,Delaware,2018-02-01,27,2.8
Florida,Florida,2018-02-01,373,1.8
Georgia,Georgia,2018-02-01,98,0.9
Hawaii,Hawaii,2018-02-01,20,1.4
Idaho,Idaho,2018-02-01,18,1
Illinois,Illinois,2018-02-01,207,1.6
Indiana,Indiana,2018-02-01,120,1.8
Iowa,Iowa,2018-02-01,25,0.8
Kansas,Kansas,2018-02-01,22,0.8
Kentucky,Kentucky,2018-02-01,122,2.7
Louisiana,Louisiana,2018-02-01,101,2.2
Maine,Maine,2018-02-01,23,1.7
Maryland,Maryland,2018-02-01,224,3.7
Massachusetts,Massachusetts,2018-02-01,175,2.5
Michigan,Michigan,2018-02-01,230,2.3
Minnesota,Minnesota,2018-02-01,61,1.1
Mississippi,Mississippi,2018-02-01,32,1.1
Missouri,Missouri,2018-02-01,122,2
Nebraska,Nebraska,2018-02-01,13,0.7
Nevada,Nevada,2018-02-01,55,1.8
New Hampshire,New Hampshire,2018-02-01,37,2.7
New Jersey,New Jersey,2018-02-01,194,2.2
New Mexico,New Mexico,2018-02-01,33,1.6
New York,New York,2018-02-01,270,1.4
North Carolina,North Carolina,2018-02-01,162,1.6
Ohio,Ohio,2018-02-01,315,2.7
Oklahoma,Oklahoma,2018-02-01,52,1.3
Oregon,Oregon,2018-02-01,36,0.9
Pennsylvania,Pennsylvania,2018-02-01,292,2.3
Rhode Island,Rhode Island,2018-02-01,21,2
South Carolina,South Carolina,2018-02-01,81,1.6
Tennessee,Tennessee,2018-02-01,159,2.3
Texas,Texas,2018-02-01,254,0.9
Utah,Utah,2018-02-01,58,1.8
Vermont,Vermont,2018-02-01,12,1.9
Virginia,Virginia,2018-02-01,113,1.3
Washington,Washington,2018-02-01,97,1.3
West Virginia,West Virginia,2018-02-01,75,4.2
Wisconsin,Wisconsin,2018-02-01,91,1.6
Alabama,Alabama,2018-03-01,72,1.5
Arizona,Arizona,2018-03-01,148,2.1
Arkansas,Arkansas,2018-03-01,43,1.4
California,California,2018-03-01,442,1.1
Colorado,Colorado,2018-03-01,89,1.6
Connecticut,Connecticut,2018-03-01,104,2.9
Delaware,Delaware,2018-03-01,36,3.7
Florida,Florida,2018-03-01,370,1.7
Georgia,Georgia,2018-03-01,147,1.4
Hawaii,Hawaii,2018-03-01,18,1.3
Idaho,Idaho,2018-03-01,25,1.4
Illinois,Illinois,2018-03-01,237,1.9
Indiana,Indiana,2018-03-01,141,2.1
Iowa,Iowa,2018-03-01,23,0.7
Kansas,Kansas,2018-03-01,29,1
Kentucky,Kentucky,2018-03-01,109,2.4
Louisiana,Louisiana,2018-03-01,120,2.6
Maine,Maine,2018-03-01,36,2.7
Maryland,Maryland,2018-03-01,226,3.7
Massachusetts,Massachusetts,2018-03-01,179,2.6
Michigan,Michigan,2018-03-01,244,2.4
Minnesota,Minnesota,2018-03-01,61,1.1
Mississippi,Mississippi,2018-03-01,24,0.8
Missouri,Missouri,2018-03-01,128,2.1
Nebraska,Nebraska,2018-03-01,17,0.9
Nevada,Nevada,2018-03-01,53,1.8
New Hampshire,New Hampshire,2018-03-01,45,3.3
New Jersey,New Jersey,2018-03-01,250,2.8
New Mexico,New Mexico,2018-03-01,49,2.3
New York,New York,2018-03-01,296,1.5
North Carolina,North Carolina,2018-03-01,169,1.6
Ohio,Ohio,2018-03-01,340,2.9
Oklahoma,Oklahoma,2018-03-01,66,1.7
Oregon,Oregon,2018-03-01,44,1.1
Pennsylvania,Pennsylvania,2018-03-01,369,2.9
Rhode Island,Rhode Island,2018-03-01,28,2.6
South Carolina,South Carolina,2018-03-01,101,2
Tennessee,Tennessee,2018-03-01,160,2.4
Texas,Texas,2018-03-01,227,0.8
Utah,Utah,2018-03-01,55,1.7
Vermont,Vermont,2018-03-01,12,1.9
Virginia,Virginia,2018-03-01,127,1.5
Washington,Washington,2018-03-01,100,1.3
West Virginia,West Virginia,2018-03-01,82,4.5
Wisconsin,Wisconsin,2018-03-01,103,1.8
Alabama,Alabama,2018-04-01,62,1.3
Alaska,Alaska,2018-04-01,11,1.5
Arizona,Arizona,2018-04-01,128,1.8
Arkansas,Arkansas,2018-04-01,33,1.1
California,California,2018-04-01,424,1.1
Colorado,Colorado,2018-04-01,78,1.4
Connecticut,Connecticut,2018-04-01,83,2.3
Delaware,Delaware,2018-04-01,34,3.5
Florida,Florida,2018-04-01,410,1.9
Georgia,Georgia,2018-04-01,117,1.1
Hawaii,Hawaii,2018-04-01,23,1.6
Idaho,Idaho,2018-04-01,22,1.3
Illinois,Illinois,2018-04-01,232,1.8
Indiana,Indiana,2018-04-01,140,2.1
Iowa,Iowa,2018-04-01,21,0.7
Kansas,Kansas,2018-04-01,29,1
Kentucky,Kentucky,2018-04-01,124,2.8
Louisiana,Louisiana,2018-04-01,95,2
Maine,Maine,2018-04-01,38,2.8
Maryland,Maryland,2018-04-01,219,3.6
Massachusetts,Massachusetts,2018-04-01,175,2.5
Michigan,Michigan,2018-04-01,201,2
Minnesota,Minnesota,2018-04-01,41,0.7
Mississippi,Mississippi,2018-04-01,18,0.6
Missouri,Missouri,2018-04-01,123,2
Nebraska,Nebraska,2018-04-01,12,0.6
Nevada,Nevada,2018-04-01,58,1.9
New Hampshire,New Hampshire,2018-04-01,33,2.4
New Jersey,New Jersey,2018-04-01,221,2.5
New Mexico,New Mexico,2018-04-01,41,2
New York,New York,2018-04-01,309,1.6
North Carolina,North Carolina,2018-04-01,178,1.7
Ohio,Ohio,2018-04-01,299,2.6
Oklahoma,Oklahoma,2018-04-01,57,1.4
Oregon,Oregon,2018-04-01,50,1.2
Pennsylvania,Pennsylvania,2018-04-01,400,3.1
Rhode Island,Rhode Island,2018-04-01,26,2.5
South Carolina,South Carolina,2018-04-01,118,2.3
Tennessee,Tennessee,2018-04-01,156,2.3
Texas,Texas,2018-04-01,244,0.9
Utah,Utah,2018-04-01,62,2
Virginia,Virginia,2018-04-01,112,1.3
Washington,Washington,2018-04-01,87,1.2
West Virginia,West Virginia,2018-04-01,74,4.1
Wisconsin,Wisconsin,2018-04-01,71,1.2
Alabama,Alabama,2018-05-01,69,1.4
Arizona,Arizona,2018-05-01,139,1.9
Arkansas,Arkansas,2018-05-01,54,1.8
California,California,2018-05-01,412,1
Colorado,Colorado,2018-05-01,90,1.6
Connecticut,Connecticut,2018-05-01,95,2.7
Delaware,Delaware,2018-05-01,31,3.2
Florida,Florida,2018-05-01,430,2
Georgia,Georgia,2018-05-01,120,1.1
Hawaii,Hawaii,2018-05-01,10,0.7
Idaho,Idaho,2018-05-01,23,1.3
Illinois,Illinois,2018-05-01,228,1.8
Indiana,Indiana,2018-05-01,128,1.9
Iowa,Iowa,2018-05-01,24,0.8
Kansas,Kansas,2018-05-01,30,1
Kentucky,Kentucky,2018-05-01,88,2
Louisiana,Louisiana,2018-05-01,104,2.2
Maine,Maine,2018-05-01,21,1.6
Maryland,Maryland,2018-05-01,222,3.7
Massachusetts,Massachusetts,2018-05-01,209,3
Michigan,Michigan,2018-05-01,182,1.8
Minnesota,Minnesota,2018-05-01,52,0.9
Mississippi,Mississippi,2018-05-01,22,0.7
Missouri,Missouri,2018-05-01,124,2
Montana,Montana,2018-05-01,13,1.2
Nebraska,Nebraska,2018-05-01,15,0.8
Nevada,Nevada,2018-05-01,43,1.4
New Hampshire,New Hampshire,2018-05-01,42,3.1
New Jersey,New Jersey,2018-05-01,255,2.9
New Mexico,New Mexico,2018-05-01,43,2.1
New York,New York,2018-05-01,310,1.6
North Carolina,North Carolina,2018-05-01,210,2
Ohio,Ohio,2018-05-01,338,2.9
Oklahoma,Oklahoma,2018-05-01,75,1.9
Oregon,Oregon,2018-05-01,58,1.4
Pennsylvania,Pennsylvania,2018-05-01,402,3.1
Rhode Island,Rhode Island,2018-05-01,33,3.1
South Carolina,South Carolina,2018-05-01,92,1.8
Tennessee,Tennessee,2018-05-01,167,2.5
Texas,Texas,2018-05-01,243,0.8
Utah,Utah,2018-05-01,62,2
Vermont,Vermont,2018-05-01,16,2.6
Virginia,Virginia,2018-05-01,126,1.5
Washington,Washington,2018-05-01,99,1.3
West Virginia,West Virginia,2018-05-01,75,4.2
Wisconsin,Wisconsin,2018-05-01,106,1.8
Alabama,Alabama,2018-06-01,53,1.1
Arizona,Arizona,2018-06-01,150,2.1
Arkansas,Arkansas,2018-06-01,44,1.5
California,California,2018-06-01,466,1.2
Colorado,Colorado,2018-06-01,69,1.2
Connecticut,Connecticut,2018-06-01,108,3
Delaware,Delaware,2018-06-01,30,3.1
Florida,Florida,2018-06-01,373,1.8
Georgia,Georgia,2018-06-01,123,1.2
Hawaii,Hawaii,2018-06-01,18,1.3
Idaho,Idaho,2018-06-01,26,1.5
Illinois,Illinois,2018-06-01,210,1.7
Indiana,Indiana,2018-06-01,141,2.1
Iowa,Iowa,2018-06-01,25,0.8
Kansas,Kansas,2018-06-01,35,1.2
Kentucky,Kentucky,2018-06-01,110,2.5
Louisiana,Louisiana,2018-06-01,101,2.2
Maine,Maine,2018-06-01,31,2.3
Maryland,Maryland,2018-06-01,223,3.7
Massachusetts,Massachusetts,2018-06-01,208,3
Michigan,Michigan,2018-06-01,223,2.2
Minnesota,Minnesota,2018-06-01,52,0.9
Mississippi,Mississippi,2018-06-01,22,0.7
Missouri,Missouri,2018-06-01,149,2.4
Montana,Montana,2018-06-01,14,1.3
Nebraska,Nebraska,2018-06-01,12,0.6
Nevada,Nevada,2018-06-01,69,2.3
New Hampshire,New Hampshire,2018-06-01,19,1.4
New Jersey,New Jersey,2018-06-01,246,2.8
New Mexico,New Mexico,2018-06-01,60,2.9
New York,New York,2018-06-01,317,1.6
North Carolina,North Carolina,2018-06-01,219,2.1
Ohio,Ohio,2018-06-01,322,2.8
Oklahoma,Oklahoma,2018-06-01,66,1.7
Oregon,Oregon,2018-06-01,48,1.1
Pennsylvania,Pennsylvania,2018-06-01,414,3.2
Rhode Island,Rhode Island,2018-06-01,34,3.2
South Carolina,South Carolina,2018-06-01,91,1.8
Tennessee,Tennessee,2018-06-01,143,2.1
Texas,Texas,2018-06-01,272,1
Utah,Utah,2018-06-01,56,1.8
Virginia,Virginia,2018-06-01,111,1.3
Washington,Washington,2018-06-01,100,1.3
West Virginia,West Virginia,2018-06-01,79,4.4
Wisconsin,Wisconsin,2018-06-01,87,1.5
Alabama,Alabama,2018-07-01,66,1.4
Arizona,Arizona,2018-07-01,192,2.7
Arkansas,Arkansas,2018-07-01,40,1.3
California,California,2018-07-01,476,1.2
Colorado,Colorado,2018-07-01,92,1.6
Connecticut,Connecticut,2018-07-01,98,2.7
Delaware,Delaware,2018-07-01,32,3.3
Florida,Florida,2018-07-01,405,1.9
Georgia,Georgia,2018-07-01,119,1.1
Hawaii,Hawaii,2018-07-01,19,1.3
Idaho,Idaho,2018-07-01,28,1.6
Illinois,Illinois,2018-07-01,246,1.9
Indiana,Indiana,2018-07-01,150,2.2
Iowa,Iowa,2018-07-01,22,0.7
Kansas,Kansas,2018-07-01,34,1.2
Kentucky,Kentucky,2018-07-01,104,2.3
Louisiana,Louisiana,2018-07-01,85,1.8
Maine,Maine,2018-07-01,36,2.7
Maryland,Maryland,2018-07-01,170,2.8
Massachusetts,Massachusetts,2018-07-01,205,3
Michigan,Michigan,2018-07-01,250,2.5
Minnesota,Minnesota,2018-07-01,56,1
Mississippi,Mississippi,2018-07-01,28,0.9
Missouri,Missouri,2018-07-01,144,2.4
Nebraska,Nebraska,2018-07-01,11,0.6
Nevada,Nevada,2018-07-01,90,3
New Hampshire,New Hampshire,2018-07-01,54,4
New Jersey,New Jersey,2018-07-01,236,2.7
New Mexico,New Mexico,2018-07-01,45,2.2
New York,New York,2018-07-01,322,1.6
North Carolina,North Carolina,2018-07-01,178,1.7
Ohio,Ohio,2018-07-01,364,3.1
Oklahoma,Oklahoma,2018-07-01,51,1.3
Oregon,Oregon,2018-07-01,41,1
Pennsylvania,Pennsylvania,2018-07-01,397,3.1
Rhode Island,Rhode Island,2018-07-01,25,2.4
South Carolina,South Carolina,2018-07-01,93,1.8
Tennessee,Tennessee,2018-07-01,163,2.4
Texas,Texas,2018-07-01,278,1
Utah,Utah,2018-07-01,57,1.8
Vermont,Vermont,2018-07-01,15,2.4
Virginia,Virginia,2018-07-01,118,1.4
Washington,Washington,2018-07-01,93,1.2
West Virginia,West Virginia,2018-07-01,78,4.3
Wisconsin,Wisconsin,2018-07-01,81,1.4
Alabama,Alabama,2018-08-01,54,1.1
Alaska,Alaska,2018-08-01,11,1.5
Arizona,Arizona,2018-08-01,161,2.2
Arkansas,Arkansas,2018-08-01,46,1.5
California,California,2018-08-01,483,1.2
Colorado,Colorado,2018-08-01,83,1.5
Connecticut,Connecticut,2018-08-01,80,2.2
Delaware,Delaware,2018-08-01,47,4.9
Florida,Florida,2018-08-01,385,1.8
Georgia,Georgia,2018-08-01,114,1.1
Hawaii,Hawaii,2018-08-01,16,1.1
Idaho,Idaho,2018-08-01,16,0.9
Illinois,Illinois,2018-08-01,202,1.6
Indiana,Indiana,2018-08-01,135,2
Iowa,Iowa,2018-08-01,20,0.6
Kansas,Kansas,2018-08-01,30,1
Kentucky,Kentucky,2018-08-01,124,2.8
Louisiana,Louisiana,2018-08-01,84,1.8
Maine,Maine,2018-08-01,32,2.4
Maryland,Maryland,2018-08-01,167,2.8
Massachusetts,Massachusetts,2018-08-01,185,2.7
Michigan,Michigan,2018-08-01,208,2.1
Minnesota,Minnesota,2018-08-01,48,0.9
Mississippi,Mississippi,2018-08-01,32,1.1
Missouri,Missouri,2018-08-01,153,2.5
Montana,Montana,2018-08-01,10,0.9
Nevada,Nevada,2018-08-01,78,2.6
New Hampshire,New Hampshire,2018-08-01,35,2.6
New Jersey,New Jersey,2018-08-01,271,3
New Mexico,New Mexico,2018-08-01,50,2.4
New York,New York,2018-08-01,327,1.7
North Carolina,North Carolina,2018-08-01,189,1.8
Ohio,Ohio,2018-08-01,376,3.2
Oklahoma,Oklahoma,2018-08-01,63,1.6
Oregon,Oregon,2018-08-01,45,1.1
Pennsylvania,Pennsylvania,2018-08-01,387,3
Rhode Island,Rhode Island,2018-08-01,27,2.6
South Carolina,South Carolina,2018-08-01,83,1.6
Tennessee,Tennessee,2018-08-01,151,2.2
Texas,Texas,2018-08-01,279,1
Utah,Utah,2018-08-01,60,1.9
Virginia,Virginia,2018-08-01,144,1.7
Washington,Washington,2018-08-01,104,1.4
West Virginia,West Virginia,2018-08-01,89,4.9
Wisconsin,Wisconsin,2018-08-01,97,1.7
Alabama,Alabama,2018-09-01,64,1.3
Arizona,Arizona,2018-09-01,116,1.6
Arkansas,Arkansas,2018-09-01,27,0.9
California,California,2018-09-01,472,1.2
Colorado,Colorado,2018-09-01,66,1.2
Connecticut,Connecticut,2018-09-01,95,2.7
Delaware,Delaware,2018-09-01,37,3.8
Florida,Florida,2018-09-01,388,1.8
Georgia,Georgia,2018-09-01,113,1.1
Hawaii,Hawaii,2018-09-01,21,1.5
Idaho,Idaho,2018-09-01,14,0.8
Illinois,Illinois,2018-09-01,219,1.7
Indiana,Indiana,2018-09-01,130,1.9
Iowa,Iowa,2018-09-01,28,0.9
Kansas,Kansas,2018-09-01,28,1
Kentucky,Kentucky,2018-09-01,106,2.4
Louisiana,Louisiana,2018-09-01,90,1.9
Maine,Maine,2018-09-01,25,1.9
Maryland,Maryland,2018-09-01,173,2.9
Massachusetts,Massachusetts,2018-09-01,165,2.4
Michigan,Michigan,2018-09-01,196,2
Minnesota,Minnesota,2018-09-01,49,0.9
Mississippi,Mississippi,2018-09-01,25,0.8
Missouri,Missouri,2018-09-01,140,2.3
Montana,Montana,2018-09-01,11,1
Nevada,Nevada,2018-09-01,54,1.8
New Hampshire,New Hampshire,2018-09-01,35,2.6
New Jersey,New Jersey,2018-09-01,237,2.7
New Mexico,New Mexico,2018-09-01,46,2.2
New York,New York,2018-09-01,274,1.4
North Carolina,North Carolina,2018-09-01,204,2
Ohio,Ohio,2018-09-01,367,3.1
Oklahoma,Oklahoma,2018-09-01,48,1.2
Oregon,Oregon,2018-09-01,43,1
Pennsylvania,Pennsylvania,2018-09-01,365,2.9
Rhode Island,Rhode Island,2018-09-01,25,2.4
South Carolina,South Carolina,2018-09-01,80,1.6
Tennessee,Tennessee,2018-09-01,146,2.2
Texas,Texas,2018-09-01,258,0.9
Utah,Utah,2018-09-01,44,1.4
Vermont,Vermont,2018-09-01,15,2.4
Virginia,Virginia,2018-09-01,146,1.7
Washington,Washington,2018-09-01,100,1.3
West Virginia,West Virginia,2018-09-01,66,3.7
Wisconsin,Wisconsin,2018-09-01,86,1.5
Alabama,Alabama,2018-10-01,44,0.9
Arizona,Arizona,2018-10-01,123,1.7
Arkansas,Arkansas,2018-10-01,29,1
California,California,2018-10-01,459,1.2
Colorado,Colorado,2018-10-01,83,1.5
Connecticut,Connecticut,2018-10-01,84,2.4
Delaware,Delaware,2018-10-01,38,3.9
Florida,Florida,2018-10-01,394,1.9
Georgia,Georgia,2018-10-01,104,1
Hawaii,Hawaii,2018-10-01,11,0.8
Idaho,Idaho,2018-10-01,17,1
Illinois,Illinois,2018-10-01,253,2
Indiana,Indiana,2018-10-01,146,2.2
Iowa,Iowa,2018-10-01,20,0.6
Kansas,Kansas,2018-10-01,27,0.9
Kentucky,Kentucky,2018-10-01,111,2.5
Louisiana,Louisiana,2018-10-01,86,1.8
Maine,Maine,2018-10-01,23,1.7
Maryland,Maryland,2018-10-01,173,2.9
Massachusetts,Massachusetts,2018-10-01,164,2.4
Michigan,Michigan,2018-10-01,193,1.9
Minnesota,Minnesota,2018-10-01,56,1
Mississippi,Mississippi,2018-10-01,22,0.7
Missouri,Missouri,2018-10-01,156,2.5
Montana,Montana,2018-10-01,11,1
Nevada,Nevada,2018-10-01,53,1.8
New Hampshire,New Hampshire,2018-10-01,42,3.1
New Jersey,New Jersey,2018-10-01,270,3
New Mexico,New Mexico,2018-10-01,32,1.5
New York,New York,2018-10-01,321,1.6
North Carolina,North Carolina,2018-10-01,192,1.8
Ohio,Ohio,2018-10-01,328,2.8
Oklahoma,Oklahoma,2018-10-01,56,1.4
Oregon,Oregon,2018-10-01,38,0.9
Pennsylvania,Pennsylvania,2018-10-01,363,2.8
Rhode Island,Rhode Island,2018-10-01,34,3.2
South Carolina,South Carolina,2018-10-01,95,1.9
Tennessee,Tennessee,2018-10-01,141,2.1
Texas,Texas,2018-10-01,223,0.8
Utah,Utah,2018-10-01,37,1.2
Vermont,Vermont,2018-10-01,16,2.6
Virginia,Virginia,2018-10-01,132,1.6
Washington,Washington,2018-10-01,103,1.4
West Virginia,West Virginia,2018-10-01,72,4
Wisconsin,Wisconsin,2018-10-01,89,1.5
Alabama,Alabama,2018-11-01,52,1.1
Alaska,Alaska,2018-11-01,13,1.8
Arizona,Arizona,2018-11-01,148,2.1
Arkansas,Arkansas,2018-11-01,25,0.8
California,California,2018-11-01,392,1
Colorado,Colorado,2018-11-01,73,1.3
Connecticut,Connecticut,2018-11-01,93,2.6
Delaware,Delaware,2018-11-01,37,3.8
Florida,Florida,2018-11-01,425,2
Georgia,Georgia,2018-11-01,106,1
Hawaii,Hawaii,2018-11-01,20,1.4
Idaho,Idaho,2018-11-01,14,0.8
Illinois,Illinois,2018-11-01,192,1.5
Indiana,Indiana,2018-11-01,118,1.8
Iowa,Iowa,2018-11-01,19,0.6
Kansas,Kansas,2018-11-01,21,0.7
Kentucky,Kentucky,2018-11-01,109,2.4
Louisiana,Louisiana,2018-11-01,99,2.1
Maine,Maine,2018-11-01,28,2.1
Maryland,Maryland,2018-11-01,177,2.9
Massachusetts,Massachusetts,2018-11-01,173,2.5
Michigan,Michigan,2018-11-01,195,2
Minnesota,Minnesota,2018-11-01,60,1.1
Mississippi,Mississippi,2018-11-01,22,0.7
Missouri,Missouri,2018-11-01,138,2.3
Nebraska,Nebraska,2018-11-01,15,0.8
Nevada,Nevada,2018-11-01,50,1.7
New Hampshire,New Hampshire,2018-11-01,37,2.7
New Jersey,New Jersey,2018-11-01,221,2.5
New Mexico,New Mexico,2018-11-01,28,1.3
New York,New York,2018-11-01,258,1.3
North Carolina,North Carolina,2018-11-01,173,1.7
Ohio,Ohio,2018-11-01,318,2.7
Oklahoma,Oklahoma,2018-11-01,47,1.2
Oregon,Oregon,2018-11-01,43,1
Pennsylvania,Pennsylvania,2018-11-01,316,2.5
Rhode Island,Rhode Island,2018-11-01,29,2.7
South Carolina,South Carolina,2018-11-01,75,1.5
Tennessee,Tennessee,2018-11-01,156,2.3
Texas,Texas,2018-11-01,235,0.8
Utah,Utah,2018-11-01,42,1.3
Virginia,Virginia,2018-11-01,110,1.3
Washington,Washington,2018-11-01,83,1.1
West Virginia,West Virginia,2018-11-01,60,3.3
Wisconsin,Wisconsin,2018-11-01,83,1.4
Alabama,Alabama,2018-12-01,75,1.5
Alaska,Alaska,2018-12-01,15,2
Arizona,Arizona,2018-12-01,145,2
Arkansas,Arkansas,2018-12-01,32,1.1
California,California,2018-12-01,457,1.2
Colorado,Colorado,2018-12-01,98,1.7
Connecticut,Connecticut,2018-12-01,78,2.2
Delaware,Delaware,2018-12-01,21,2.2
Florida,Florida,2018-12-01,426,2
Georgia,Georgia,2018-12-01,112,1.1
Hawaii,Hawaii,2018-12-01,18,1.3
Idaho,Idaho,2018-12-01,23,1.3
Illinois,Illinois,2018-12-01,243,1.9
Indiana,Indiana,2018-12-01,125,1.9
Iowa,Iowa,2018-12-01,23,0.7
Kansas,Kansas,2018-12-01,23,0.8
Kentucky,Kentucky,2018-12-01,95,2.1
Louisiana,Louisiana,2018-12-01,96,2.1
Maine,Maine,2018-12-01,17,1.3
Maryland,Maryland,2018-12-01,193,3.2
Massachusetts,Massachusetts,2018-12-01,190,2.8
Michigan,Michigan,2018-12-01,206,2.1
Minnesota,Minnesota,2018-12-01,54,1
Mississippi,Mississippi,2018-12-01,19,0.6
Missouri,Missouri,2018-12-01,134,2.2
Montana,Montana,2018-12-01,10,0.9
Nebraska,Nebraska,2018-12-01,14,0.7
Nevada,Nevada,2018-12-01,66,2.2
New Hampshire,New Hampshire,2018-12-01,38,2.8
New Jersey,New Jersey,2018-12-01,231,2.6
New Mexico,New Mexico,2018-12-01,55,2.6
New York,New York,2018-12-01,295,1.5
North Carolina,North Carolina,2018-12-01,168,1.6
Ohio,Ohio,2018-12-01,338,2.9
Oklahoma,Oklahoma,2018-12-01,52,1.3
Oregon,Oregon,2018-12-01,49,1.2
Pennsylvania,Pennsylvania,2018-12-01,335,2.6
Rhode Island,Rhode Island,2018-12-01,29,2.7
South Carolina,South Carolina,2018-12-01,110,2.2
Tennessee,Tennessee,2018-12-01,157,2.3
Texas,Texas,2018-12-01,213,0.7
Utah,Utah,2018-12-01,44,1.4
Vermont,Vermont,2018-12-01,18,2.9
Virginia,Virginia,2018-12-01,97,1.1
Washington,Washington,2018-12-01,98,1.3
West Virginia,West Virginia,2018-12-01,70,3.9
Wisconsin,Wisconsin,2018-12-01,107,1.8
Alabama,Alabama,2019-01-01,40,0.8
Alaska,Alaska,2019-01-01,13,1.8
Arizona,Arizona,2019-01-01,142,2
Arkansas,Arkansas,2019-01-01,43,1.4
California,California,2019-01-01,498,1.3
Colorado,Colorado,2019-01-01,88,1.5
Connecticut,Connecticut,2019-01-01,83,2.3
Delaware,Delaware,2019-01-01,31,3.2
Florida,Florida,2019-01-01,428,2
Georgia,Georgia,2019-01-01,109,1
Hawaii,Hawaii,2019-01-01,28,2
Idaho,Idaho,2019-01-01,19,1.1
Illinois,Illinois,2019-01-01,197,1.6
Indiana,Indiana,2019-01-01,117,1.7
Iowa,Iowa,2019-01-01,28,0.9
Kansas,Kansas,2019-01-01,37,1.3
Kentucky,Kentucky,2019-01-01,113,2.5
Louisiana,Louisiana,2019-01-01,97,2.1
Maine,Maine,2019-01-01,14,1
Maryland,Maryland,2019-01-01,213,3.5
Massachusetts,Massachusetts,2019-01-01,182,2.6
Michigan,Michigan,2019-01-01,181,1.8
Minnesota,Minnesota,2019-01-01,73,1.3
Mississippi,Mississippi,2019-01-01,21,0.7
Missouri,Missouri,2019-01-01,153,2.5
Montana,Montana,2019-01-01,14,1.3
Nebraska,Nebraska,2019-01-01,14,0.7
Nevada,Nevada,2019-01-01,69,2.2
New Hampshire,New Hampshire,2019-01-01,29,2.1
New Jersey,New Jersey,2019-01-01,181,2
New Mexico,New Mexico,2019-01-01,29,1.4
New York,New York,2019-01-01,256,1.3
North Carolina,North Carolina,2019-01-01,178,1.7
Ohio,Ohio,2019-01-01,330,2.8
Oklahoma,Oklahoma,2019-01-01,41,1
Oregon,Oregon,2019-01-01,49,1.2
Pennsylvania,Pennsylvania,2019-01-01,349,2.7
Rhode Island,Rhode Island,2019-01-01,33,3.1
South Carolina,South Carolina,2019-01-01,96,1.9
Tennessee,Tennessee,2019-01-01,179,2.6
Texas,Texas,2019-01-01,235,0.8
Utah,Utah,2019-01-01,55,1.7
Vermont,Vermont,2019-01-01,13,2.1
Virginia,Virginia,2019-01-01,128,1.5
Washington,Washington,2019-01-01,112,1.5
West Virginia,West Virginia,2019-01-01,66,3.7
Wisconsin,Wisconsin,2019-01-01,80,1.4
Alabama,Alabama,2019-02-01,52,1.1
Alaska,Alaska,2019-02-01,17,2.3
Arizona,Arizona,2019-02-01,121,1.7
Arkansas,Arkansas,2019-02-01,34,1.1
California,California,2019-02-01,459,1.2
Colorado,Colorado,2019-02-01,87,1.5
Connecticut,Connecticut,2019-02-01,79,2.2
Delaware,Delaware,2019-02-01,25,2.6
Florida,Florida,2019-02-01,387,1.8
Georgia,Georgia,2019-02-01,98,0.9
Hawaii,Hawaii,2019-02-01,22,1.6
Idaho,Idaho,2019-02-01,29,1.6
Illinois,Illinois,2019-02-01,175,1.4
Indiana,Indiana,2019-02-01,121,1.8
Iowa,Iowa,2019-02-01,24,0.8
Kansas,Kansas,2019-02-01,35,1.2
Kentucky,Kentucky,2019-02-01,103,2.3
Louisiana,Louisiana,2019-02-01,94,2
Maine,Maine,2019-02-01,29,2.2
Maryland,Maryland,2019-02-01,185,3.1
Massachusetts,Massachusetts,2019-02-01,162,2.4
Michigan,Michigan,2019-02-01,180,1.8
Minnesota,Minnesota,2019-02-01,54,1
Mississippi,Mississippi,2019-02-01,17,0.6
Missouri,Missouri,2019-02-01,125,2
Montana,Montana,2019-02-01,11,1
Nebraska,Nebraska,2019-02-01,16,0.8
Nevada,Nevada,2019-02-01,60,1.9
New Hampshire,New Hampshire,2019-02-01,40,2.9
New Jersey,New Jersey,2019-02-01,233,2.6
New Mexico,New Mexico,2019-02-01,46,2.2
New York,New York,2019-02-01,286,1.5
North Carolina,North Carolina,2019-02-01,200,1.9
North Dakota,North Dakota,2019-02-01,10,1.3
Ohio,Ohio,2019-02-01,290,2.5
Oklahoma,Oklahoma,2019-02-01,40,1
Oregon,Oregon,2019-02-01,44,1
Pennsylvania,Pennsylvania,2019-02-01,300,2.3
Rhode Island,Rhode Island,2019-02-01,22,2.1
South Carolina,South Carolina,2019-02-01,83,1.6
Tennessee,Tennessee,2019-02-01,139,2
Texas,Texas,2019-02-01,197,0.7
Utah,Utah,2019-02-01,48,1.5
Vermont,Vermont,2019-02-01,15,2.4
Virginia,Virginia,2019-02-01,123,1.4
Washington,Washington,2019-02-01,96,1.3
West Virginia,West Virginia,2019-02-01,51,2.8
Wisconsin,Wisconsin,2019-02-01,79,1.4
Alabama,Alabama,2019-03-01,70,1.4
Alaska,Alaska,2019-03-01,15,2.1
Arizona,Arizona,2019-03-01,165,2.3
Arkansas,Arkansas,2019-03-01,29,1
California,California,2019-03-01,511,1.3
Colorado,Colorado,2019-03-01,79,1.4
Connecticut,Connecticut,2019-03-01,98,2.7
Delaware,Delaware,2019-03-01,29,3
Florida,Florida,2019-03-01,395,1.8
Georgia,Georgia,2019-03-01,135,1.3
Hawaii,Hawaii,2019-03-01,19,1.3
Idaho,Idaho,2019-03-01,30,1.7
Illinois,Illinois,2019-03-01,208,1.6
Indiana,Indiana,2019-03-01,159,2.4
Iowa,Iowa,2019-03-01,23,0.7
Kansas,Kansas,2019-03-01,31,1.1
Kentucky,Kentucky,2019-03-01,123,2.8
Louisiana,Louisiana,2019-03-01,92,2
Maine,Maine,2019-03-01,24,1.8
Maryland,Maryland,2019-03-01,216,3.6
Massachusetts,Massachusetts,2019-03-01,201,2.9
Michigan,Michigan,2019-03-01,198,2
Minnesota,Minnesota,2019-03-01,53,0.9
Mississippi,Mississippi,2019-03-01,36,1.2
Missouri,Missouri,2019-03-01,134,2.2
Nebraska,Nebraska,2019-03-01,18,0.9
Nevada,Nevada,2019-03-01,47,1.5
New Hampshire,New Hampshire,2019-03-01,36,2.6
New Jersey,New Jersey,2019-03-01,193,2.2
New Mexico,New Mexico,2019-03-01,44,2.1
New York,New York,2019-03-01,315,1.6
North Carolina,North Carolina,2019-03-01,220,2.1
Ohio,Ohio,2019-03-01,390,3.3
Oklahoma,Oklahoma,2019-03-01,43,1.1
Oregon,Oregon,2019-03-01,51,1.2
Pennsylvania,Pennsylvania,2019-03-01,369,2.9
Rhode Island,Rhode Island,2019-03-01,31,2.9
South Carolina,South Carolina,2019-03-01,87,1.7
Tennessee,Tennessee,2019-03-01,180,2.6
Texas,Texas,2019-03-01,269,0.9
Utah,Utah,2019-03-01,45,1.4
Virginia,Virginia,2019-03-01,129,1.5
Washington,Washington,2019-03-01,102,1.3
West Virginia,West Virginia,2019-03-01,69,3.9
Wisconsin,Wisconsin,2019-03-01,119,2
Wyoming,Wyoming,2019-03-01,10,1.7
Alabama,Alabama,2019-04-01,60,1.2
Arizona,Arizona,2019-04-01,135,1.9
Arkansas,Arkansas,2019-04-01,30,1
California,California,2019-04-01,495,1.3
Colorado,Colorado,2019-04-01,83,1.4
Connecticut,Connecticut,2019-04-01,89,2.5
Delaware,Delaware,2019-04-01,32,3.3
Florida,Florida,2019-04-01,432,2
Georgia,Georgia,2019-04-01,122,1.1
Hawaii,Hawaii,2019-04-01,18,1.3
Idaho,Idaho,2019-04-01,17,1
Illinois,Illinois,2019-04-01,194,1.5
Indiana,Indiana,2019-04-01,128,1.9
Iowa,Iowa,2019-04-01,30,1
Kansas,Kansas,2019-04-01,34,1.2
Kentucky,Kentucky,2019-04-01,122,2.7
Louisiana,Louisiana,2019-04-01,93,2
Maine,Maine,2019-04-01,30,2.2
Maryland,Maryland,2019-04-01,203,3.4
Massachusetts,Massachusetts,2019-04-01,172,2.5
Michigan,Michigan,2019-04-01,190,1.9
Minnesota,Minnesota,2019-04-01,66,1.2
Mississippi,Mississippi,2019-04-01,23,0.8
Missouri,Missouri,2019-04-01,97,1.6
Montana,Montana,2019-04-01,11,1
Nevada,Nevada,2019-04-01,62,2
New Hampshire,New Hampshire,2019-04-01,30,2.2
New Jersey,New Jersey,2019-04-01,190,2.1
New Mexico,New Mexico,2019-04-01,56,2.7
New York,New York,2019-04-01,265,1.4
North Carolina,North Carolina,2019-04-01,188,1.8
Ohio,Ohio,2019-04-01,347,3
Oklahoma,Oklahoma,2019-04-01,50,1.3
Oregon,Oregon,2019-04-01,56,1.3
Pennsylvania,Pennsylvania,2019-04-01,370,2.9
Rhode Island,Rhode Island,2019-04-01,23,2.2
South Carolina,South Carolina,2019-04-01,82,1.6
Tennessee,Tennessee,2019-04-01,177,2.6
Texas,Texas,2019-04-01,251,0.9
Utah,Utah,2019-04-01,48,1.5
Vermont,Vermont,2019-04-01,11,1.8
Virginia,Virginia,2019-04-01,126,1.5
Washington,Washington,2019-04-01,88,1.2
West Virginia,West Virginia,2019-04-01,78,4.4
Wisconsin,Wisconsin,2019-04-01,104,1.8
Alabama,Alabama,2019-05-01,69,1.4
Alaska,Alaska,2019-05-01,12,1.6
Arizona,Arizona,2019-05-01,151,2.1
Arkansas,Arkansas,2019-05-01,31,1
California,California,2019-05-01,511,1.3
Colorado,Colorado,2019-05-01,88,1.5
Connecticut,Connecticut,2019-05-01,108,3
Delaware,Delaware,2019-05-01,42,4.3
Florida,Florida,2019-05-01,395,1.8
Georgia,Georgia,2019-05-01,124,1.2
Idaho,Idaho,2019-05-01,20,1.1
Illinois,Illinois,2019-05-01,266,2.1
Indiana,Indiana,2019-05-01,142,2.1
Iowa,Iowa,2019-05-01,25,0.8
Kansas,Kansas,2019-05-01,34,1.2
Kentucky,Kentucky,2019-05-01,106,2.4
Louisiana,Louisiana,2019-05-01,107,2.3
Maine,Maine,2019-05-01,30,2.2
Maryland,Maryland,2019-05-01,188,3.1
Massachusetts,Massachusetts,2019-05-01,182,2.6
Michigan,Michigan,2019-05-01,236,2.4
Minnesota,Minnesota,2019-05-01,68,1.2
Mississippi,Mississippi,2019-05-01,35,1.2
Missouri,Missouri,2019-05-01,112,1.8
Montana,Montana,2019-05-01,10,0.9
Nevada,Nevada,2019-05-01,62,2
New Hampshire,New Hampshire,2019-05-01,33,2.4
New Jersey,New Jersey,2019-05-01,233,2.6
New Mexico,New Mexico,2019-05-01,57,2.7
New York,New York,2019-05-01,292,1.5
North Carolina,North Carolina,2019-05-01,188,1.8
Ohio,Ohio,2019-05-01,345,3
Oklahoma,Oklahoma,2019-05-01,57,1.4
Oregon,Oregon,2019-05-01,44,1
Pennsylvania,Pennsylvania,2019-05-01,359,2.8
Rhode Island,Rhode Island,2019-05-01,37,3.5
South Carolina,South Carolina,2019-05-01,87,1.7
South Dakota,South Dakota,2019-05-01,10,1.1
Tennessee,Tennessee,2019-05-01,183,2.7
Texas,Texas,2019-05-01,260,0.9
Utah,Utah,2019-05-01,37,1.2
Virginia,Virginia,2019-05-01,133,1.6
Washington,Washington,2019-05-01,98,1.3
West Virginia,West Virginia,2019-05-01,59,3.3
Wisconsin,Wisconsin,2019-05-01,104,1.8
Alabama,Alabama,2019-06-01,73,1.5
Alaska,Alaska,2019-06-01,11,1.5
Arizona,Arizona,2019-06-01,143,2
Arkansas,Arkansas,2019-06-01,28,0.9
California,California,2019-06-01,550,1.4
Colorado,Colorado,2019-06-01,85,1.5
Connecticut,Connecticut,2019-06-01,117,3.3
Delaware,Delaware,2019-06-01,44,4.5
Florida,Florida,2019-06-01,455,2.1
Georgia,Georgia,2019-06-01,104,1
Hawaii,Hawaii,2019-06-01,22,1.6
Idaho,Idaho,2019-06-01,30,1.7
Illinois,Illinois,2019-06-01,217,1.7
Indiana,Indiana,2019-06-01,139,2.1
Iowa,Iowa,2019-06-01,21,0.7
Kansas,Kansas,2019-06-01,38,1.3
Kentucky,Kentucky,2019-06-01,101,2.3
Louisiana,Louisiana,2019-06-01,90,1.9
Maine,Maine,2019-06-01,40,3
Maryland,Maryland,2019-06-01,195,3.2
Massachusetts,Massachusetts,2019-06-01,188,2.7
Michigan,Michigan,2019-06-01,184,1.8
Minnesota,Minnesota,2019-06-01,70,1.2
Mississippi,Mississippi,2019-06-01,44,1.5
Missouri,Missouri,2019-06-01,96,1.6
Montana,Montana,2019-06-01,11,1
Nevada,Nevada,2019-06-01,54,1.8
New Hampshire,New Hampshire,2019-06-01,27,2
New Jersey,New Jersey,2019-06-01,218,2.5
New Mexico,New Mexico,2019-06-01,60,2.9
New York,New York,2019-06-01,294,1.5
North Carolina,North Carolina,2019-06-01,203,1.9
Ohio,Ohio,2019-06-01,352,3
Oklahoma,Oklahoma,2019-06-01,54,1.4
Oregon,Oregon,2019-06-01,55,1.3
Pennsylvania,Pennsylvania,2019-06-01,362,2.8
Rhode Island,Rhode Island,2019-06-01,26,2.5
South Carolina,South Carolina,2019-06-01,85,1.7
South Dakota,South Dakota,2019-06-01,10,1.1
Tennessee,Tennessee,2019-06-01,188,2.8
Texas,Texas,2019-06-01,244,0.8
Utah,Utah,2019-06-01,49,1.5
Virginia,Virginia,2019-06-01,113,1.3
Washington,Washington,2019-06-01,110,1.4
West Virginia,West Virginia,2019-06-01,61,3.4
Wisconsin,Wisconsin,2019-06-01,84,1.4
Alabama,Alabama,2019-07-01,61,1.2
Arizona,Arizona,2019-07-01,219,3
Arkansas,Arkansas,2019-07-01,26,0.9
California,California,2019-07-01,539,1.4
Colorado,Colorado,2019-07-01,92,1.6
Connecticut,Connecticut,2019-07-01,126,3.5
Delaware,Delaware,2019-07-01,39,4
Florida,Florida,2019-07-01,454,2.1
Georgia,Georgia,2019-07-01,109,1
Hawaii,Hawaii,2019-07-01,19,1.3
Idaho,Idaho,2019-07-01,12,0.7
Illinois,Illinois,2019-07-01,219,1.7
Indiana,Indiana,2019-07-01,163,2.4
Iowa,Iowa,2019-07-01,36,1.1
Kansas,Kansas,2019-07-01,36,1.2
Kentucky,Kentucky,2019-07-01,109,2.4
Louisiana,Louisiana,2019-07-01,92,2
Maine,Maine,2019-07-01,30,2.2
Maryland,Maryland,2019-07-01,192,3.2
Massachusetts,Massachusetts,2019-07-01,189,2.7
Michigan,Michigan,2019-07-01,205,2.1
Minnesota,Minnesota,2019-07-01,69,1.2
Mississippi,Mississippi,2019-07-01,36,1.2
Missouri,Missouri,2019-07-01,141,2.3
Montana,Montana,2019-07-01,19,1.8
Nebraska,Nebraska,2019-07-01,13,0.7
Nevada,Nevada,2019-07-01,76,2.5
New Hampshire,New Hampshire,2019-07-01,24,1.8
New Jersey,New Jersey,2019-07-01,247,2.8
New Mexico,New Mexico,2019-07-01,62,3
New York,New York,2019-07-01,363,1.9
North Carolina,North Carolina,2019-07-01,181,1.7
North Dakota,North Dakota,2019-07-01,14,1.8
Ohio,Ohio,2019-07-01,377,3.2
Oklahoma,Oklahoma,2019-07-01,49,1.2
Oregon,Oregon,2019-07-01,54,1.3
Pennsylvania,Pennsylvania,2019-07-01,373,2.9
Rhode Island,Rhode Island,2019-07-01,29,2.7
South Carolina,South Carolina,2019-07-01,91,1.8
Tennessee,Tennessee,2019-07-01,184,2.7
Texas,Texas,2019-07-01,283,1
Utah,Utah,2019-07-01,50,1.6
Vermont,Vermont,2019-07-01,11,1.8
Virginia,Virginia,2019-07-01,107,1.3
Washington,Washington,2019-07-01,106,1.4
West Virginia,West Virginia,2019-07-01,84,4.7
Wisconsin,Wisconsin,2019-07-01,106,1.8
Alabama,Alabama,2019-08-01,70,1.4
Arizona,Arizona,2019-08-01,178,2.4
Arkansas,Arkansas,2019-08-01,21,0.7
California,California,2019-08-01,589,1.5
Colorado,Colorado,2019-08-01,92,1.6
Connecticut,Connecticut,2019-08-01,133,3.7
Delaware,Delaware,2019-08-01,41,4.2
Florida,Florida,2019-08-01,435,2
Georgia,Georgia,2019-08-01,143,1.3
Hawaii,Hawaii,2019-08-01,25,1.8
Idaho,Idaho,2019-08-01,11,0.6
Illinois,Illinois,2019-08-01,252,2
Indiana,Indiana,2019-08-01,140,2.1
Iowa,Iowa,2019-08-01,29,0.9
Kansas,Kansas,2019-08-01,26,0.9
Kentucky,Kentucky,2019-08-01,89,2
Louisiana,Louisiana,2019-08-01,123,2.6
Maine,Maine,2019-08-01,40,3
Maryland,Maryland,2019-08-01,214,3.5
Massachusetts,Massachusetts,2019-08-01,182,2.6
Michigan,Michigan,2019-08-01,166,1.7
Minnesota,Minnesota,2019-08-01,67,1.2
Mississippi,Mississippi,2019-08-01,29,1
Missouri,Missouri,2019-08-01,162,2.6
Montana,Montana,2019-08-01,15,1.4
Nebraska,Nebraska,2019-08-01,11,0.6
Nevada,Nevada,2019-08-01,69,2.2
New Hampshire,New Hampshire,2019-08-01,27,2
New Jersey,New Jersey,2019-08-01,282,3.2
New Mexico,New Mexico,2019-08-01,47,2.2
New York,New York,2019-08-01,313,1.6
North Carolina,North Carolina,2019-08-01,166,1.6
Ohio,Ohio,2019-08-01,345,3
Oklahoma,Oklahoma,2019-08-01,51,1.3
Oregon,Oregon,2019-08-01,53,1.3
Pennsylvania,Pennsylvania,2019-08-01,407,3.2
Rhode Island,Rhode Island,2019-08-01,23,2.2
South Carolina,South Carolina,2019-08-01,109,2.1
South Dakota,South Dakota,2019-08-01,11,1.2
Tennessee,Tennessee,2019-08-01,164,2.4
Texas,Texas,2019-08-01,297,1
Utah,Utah,2019-08-01,41,1.3
Vermont,Vermont,2019-08-01,16,2.6
Virginia,Virginia,2019-08-01,129,1.5
Washington,Washington,2019-08-01,117,1.5
West Virginia,West Virginia,2019-08-01,79,4.4
Wisconsin,Wisconsin,2019-08-01,110,1.9
Alabama,Alabama,2019-09-01,52,1.1
Alaska,Alaska,2019-09-01,12,1.6
Arizona,Arizona,2019-09-01,183,2.5
Arkansas,Arkansas,2019-09-01,26,0.9
California,California,2019-09-01,520,1.3
Colorado,Colorado,2019-09-01,87,1.5
Connecticut,Connecticut,2019-09-01,97,2.7
Delaware,Delaware,2019-09-01,33,3.4
Florida,Florida,2019-09-01,485,2.3
Georgia,Georgia,2019-09-01,112,1.1
Hawaii,Hawaii,2019-09-01,20,1.4
Idaho,Idaho,2019-09-01,23,1.3
Illinois,Illinois,2019-09-01,250,2
Indiana,Indiana,2019-09-01,139,2.1
Iowa,Iowa,2019-09-01,38,1.2
Kansas,Kansas,2019-09-01,33,1.1
Kentucky,Kentucky,2019-09-01,101,2.3
Louisiana,Louisiana,2019-09-01,114,2.5
Maine,Maine,2019-09-01,29,2.2
Maryland,Maryland,2019-09-01,187,3.1
Massachusetts,Massachusetts,2019-09-01,168,2.4
Michigan,Michigan,2019-09-01,199,2
Minnesota,Minnesota,2019-09-01,61,1.1
Mississippi,Mississippi,2019-09-01,30,1
Missouri,Missouri,2019-09-01,148,2.4
Montana,Montana,2019-09-01,10,0.9
Nebraska,Nebraska,2019-09-01,14,0.7
Nevada,Nevada,2019-09-01,59,1.9
New Hampshire,New Hampshire,2019-09-01,36,2.6
New Jersey,New Jersey,2019-09-01,218,2.5
New Mexico,New Mexico,2019-09-01,55,2.6
New York,New York,2019-09-01,274,1.4
North Carolina,North Carolina,2019-09-01,193,1.8
Ohio,Ohio,2019-09-01,355,3
Oklahoma,Oklahoma,2019-09-01,69,1.7
Oregon,Oregon,2019-09-01,52,1.2
Pennsylvania,Pennsylvania,2019-09-01,355,2.8
Rhode Island,Rhode Island,2019-09-01,18,1.7
South Carolina,South Carolina,2019-09-01,105,2
South Dakota,South Dakota,2019-09-01,10,1.1
Tennessee,Tennessee,2019-09-01,180,2.6
Texas,Texas,2019-09-01,238,0.8
Utah,Utah,2019-09-01,46,1.4
Virginia,Virginia,2019-09-01,124,1.5
Washington,Washington,2019-09-01,108,1.4
West Virginia,West Virginia,2019-09-01,62,3.5
Wisconsin,Wisconsin,2019-09-01,101,1.7
Alabama,Alabama,2019-10-01,68,1.4
Alaska,Alaska,2019-10-01,17,2.3
Arizona,Arizona,2019-10-01,170,2.3
Arkansas,Arkansas,2019-10-01,32,1.1
California,California,2019-10-01,506,1.3
Colorado,Colorado,2019-10-01,98,1.7
Connecticut,Connecticut,2019-10-01,88,2.5
Delaware,Delaware,2019-10-01,29,3
Florida,Florida,2019-10-01,538,2.5
Georgia,Georgia,2019-10-01,100,0.9
Hawaii,Hawaii,2019-10-01,23,1.6
Idaho,Idaho,2019-10-01,23,1.3
Illinois,Illinois,2019-10-01,225,1.8
Indiana,Indiana,2019-10-01,170,2.5
Iowa,Iowa,2019-10-01,26,0.8
Kansas,Kansas,2019-10-01,17,0.6
Kentucky,Kentucky,2019-10-01,122,2.7
Louisiana,Louisiana,2019-10-01,145,3.1
Maine,Maine,2019-10-01,46,3.4
Maryland,Maryland,2019-10-01,188,3.1
Massachusetts,Massachusetts,2019-10-01,202,2.9
Michigan,Michigan,2019-10-01,201,2
Minnesota,Minnesota,2019-10-01,70,1.2
Mississippi,Mississippi,2019-10-01,30,1
Missouri,Missouri,2019-10-01,144,2.3
Nevada,Nevada,2019-10-01,39,1.3
New Hampshire,New Hampshire,2019-10-01,37,2.7
New Jersey,New Jersey,2019-10-01,244,2.7
New Mexico,New Mexico,2019-10-01,50,2.4
New York,New York,2019-10-01,324,1.7
North Carolina,North Carolina,2019-10-01,187,1.8
Ohio,Ohio,2019-10-01,376,3.2
Oklahoma,Oklahoma,2019-10-01,52,1.3
Oregon,Oregon,2019-10-01,40,0.9
Pennsylvania,Pennsylvania,2019-10-01,368,2.9
Rhode Island,Rhode Island,2019-10-01,25,2.4
South Carolina,South Carolina,2019-10-01,97,1.9
Tennessee,Tennessee,2019-10-01,187,2.7
Texas,Texas,2019-10-01,271,0.9
Utah,Utah,2019-10-01,50,1.6
Virginia,Virginia,2019-10-01,155,1.8
Washington,Washington,2019-10-01,101,1.3
West Virginia,West Virginia,2019-10-01,78,4.4
Wisconsin,Wisconsin,2019-10-01,101,1.7
Alabama,Alabama,2019-11-01,59,1.2
Arizona,Arizona,2019-11-01,156,2.1
Arkansas,Arkansas,2019-11-01,31,1
California,California,2019-11-01,546,1.4
Colorado,Colorado,2019-11-01,92,1.6
Connecticut,Connecticut,2019-11-01,101,2.8
Delaware,Delaware,2019-11-01,30,3.1
Florida,Florida,2019-11-01,508,2.4
Georgia,Georgia,2019-11-01,111,1
Hawaii,Hawaii,2019-11-01,18,1.3
Idaho,Idaho,2019-11-01,25,1.4
Illinois,Illinois,2019-11-01,252,2
Indiana,Indiana,2019-11-01,137,2
Iowa,Iowa,2019-11-01,33,1
Kansas,Kansas,2019-11-01,33,1.1
Kentucky,Kentucky,2019-11-01,122,2.7
Louisiana,Louisiana,2019-11-01,133,2.9
Maine,Maine,2019-11-01,26,1.9
Maryland,Maryland,2019-11-01,196,3.2
Massachusetts,Massachusetts,2019-11-01,193,2.8
Michigan,Michigan,2019-11-01,223,2.2
Minnesota,Minnesota,2019-11-01,62,1.1
Mississippi,Mississippi,2019-11-01,27,0.9
Missouri,Missouri,2019-11-01,135,2.2
Montana,Montana,2019-11-01,13,1.2
Nebraska,Nebraska,2019-11-01,15,0.8
Nevada,Nevada,2019-11-01,45,1.5
New Hampshire,New Hampshire,2019-11-01,27,2
New Jersey,New Jersey,2019-11-01,263,3
New Mexico,New Mexico,2019-11-01,49,2.3
New York,New York,2019-11-01,299,1.5
North Carolina,North Carolina,2019-11-01,169,1.6
North Dakota,North Dakota,2019-11-01,10,1.3
Ohio,Ohio,2019-11-01,413,3.5
Oklahoma,Oklahoma,2019-11-01,60,1.5
Oregon,Oregon,2019-11-01,51,1.2
Pennsylvania,Pennsylvania,2019-11-01,390,3
Rhode Island,Rhode Island,2019-11-01,22,2.1
South Carolina,South Carolina,2019-11-01,99,1.9
Tennessee,Tennessee,2019-11-01,191,2.8
Texas,Texas,2019-11-01,278,1
Utah,Utah,2019-11-01,55,1.7
Virginia,Virginia,2019-11-01,134,1.6
Washington,Washington,2019-11-01,99,1.3
West Virginia,West Virginia,2019-11-01,85,4.7
Wisconsin,Wisconsin,2019-11-01,103,1.8
Alabama,Alabama,2019-12-01,64,1.3
Arizona,Arizona,2019-12-01,172,2.4
Arkansas,Arkansas,2019-12-01,31,1
California,California,2019-12-01,534,1.4
Colorado,Colorado,2019-12-01,127,2.2
Connecticut,Connecticut,2019-12-01,111,3.1
Delaware,Delaware,2019-12-01,45,4.6
Florida,Florida,2019-12-01,473,2.2
Georgia,Georgia,2019-12-01,109,1
Hawaii,Hawaii,2019-12-01,22,1.6
Idaho,Idaho,2019-12-01,24,1.3
Illinois,Illinois,2019-12-01,296,2.3
Indiana,Indiana,2019-12-01,148,2.2
Iowa,Iowa,2019-12-01,37,1.2
Kansas,Kansas,2019-12-01,25,0.9
Kentucky,Kentucky,2019-12-01,145,3.2
Louisiana,Louisiana,2019-12-01,119,2.6
Maine,Maine,2019-12-01,23,1.7
Maryland,Maryland,2019-12-01,179,3
Massachusetts,Massachusetts,2019-12-01,194,2.8
Michigan,Michigan,2019-12-01,190,1.9
Minnesota,Minnesota,2019-12-01,73,1.3
Mississippi,Mississippi,2019-12-01,37,1.2
Missouri,Missouri,2019-12-01,156,2.5
Nebraska,Nebraska,2019-12-01,11,0.6
Nevada,Nevada,2019-12-01,57,1.9
New Hampshire,New Hampshire,2019-12-01,48,3.5
New Jersey,New Jersey,2019-12-01,266,3
New Mexico,New Mexico,2019-12-01,51,2.4
New York,New York,2019-12-01,307,1.6
North Carolina,North Carolina,2019-12-01,155,1.5
Ohio,Ohio,2019-12-01,357,3.1
Oklahoma,Oklahoma,2019-12-01,52,1.3
Oregon,Oregon,2019-12-01,54,1.3
Pennsylvania,Pennsylvania,2019-12-01,428,3.3
Rhode Island,Rhode Island,2019-12-01,28,2.6
South Carolina,South Carolina,2019-12-01,108,2.1
Tennessee,Tennessee,2019-12-01,178,2.6
Texas,Texas,2019-12-01,284,1
Utah,Utah,2019-12-01,47,1.5
Vermont,Vermont,2019-12-01,13,2.1
Virginia,Virginia,2019-12-01,137,1.6
Washington,Washington,2019-12-01,111,1.5
West Virginia,West Virginia,2019-12-01,78,4.4
Wisconsin,Wisconsin,2019-12-01,108,1.9
Wyoming,Wyoming,2019-12-01,12,2.1
Alabama,Alabama,2020-01-01,55,1.1
Alaska,Alaska,2020-01-01,14,1.9
Arizona,Arizona,2020-01-01,184,2.6
Arkansas,Arkansas,2020-01-01,48,1.6
California,California,2020-01-01,590,1.5
Colorado,Colorado,2020-01-01,108,1.9
Connecticut,Connecticut,2020-01-01,115,3.2
Delaware,Delaware,2020-01-01,36,3.6
Florida,Florida,2020-01-01,532,2.5
Georgia,Georgia,2020-01-01,120,1.1
Hawaii,Hawaii,2020-01-01,17,1.2
Idaho,Idaho,2020-01-01,20,1.1
Illinois,Illinois,2020-01-01,262,2
Indiana,Indiana,2020-01-01,165,2.4
Iowa,Iowa,2020-01-01,24,0.8
Kansas,Kansas,2020-01-01,44,1.5
Kentucky,Kentucky,2020-01-01,119,2.6
Louisiana,Louisiana,2020-01-01,124,2.7
Maine,Maine,2020-01-01,42,3.1
Maryland,Maryland,2020-01-01,187,3
Massachusetts,Massachusetts,2020-01-01,163,2.3
Michigan,Michigan,2020-01-01,183,1.8
Minnesota,Minnesota,2020-01-01,67,1.2
Mississippi,Mississippi,2020-01-01,35,1.2
Missouri,Missouri,2020-01-01,147,2.4
Montana,Montana,2020-01-01,14,1.3
Nebraska,Nebraska,2020-01-01,12,0.6
Nevada,Nevada,2020-01-01,59,1.9
New Hampshire,New Hampshire,2020-01-01,31,2.2
New Jersey,New Jersey,2020-01-01,248,2.7
New Mexico,New Mexico,2020-01-01,54,2.5
New York,New York,2020-01-01,358,1.8
North Carolina,North Carolina,2020-01-01,222,2.1
North Dakota,North Dakota,2020-01-01,12,1.5
Ohio,Ohio,2020-01-01,353,3
Oklahoma,Oklahoma,2020-01-01,40,1
Oregon,Oregon,2020-01-01,60,1.4
Pennsylvania,Pennsylvania,2020-01-01,386,3
Rhode Island,Rhode Island,2020-01-01,34,3.1
South Carolina,South Carolina,2020-01-01,113,2.2
Tennessee,Tennessee,2020-01-01,203,2.9
Texas,Texas,2020-01-01,297,1
Utah,Utah,2020-01-01,47,1.4
Vermont,Vermont,2020-01-01,11,1.7
Virginia,Virginia,2020-01-01,154,1.8
Washington,Washington,2020-01-01,124,1.6
West Virginia,West Virginia,2020-01-01,83,4.6
Wisconsin,Wisconsin,2020-01-01,115,2
Wyoming,Wyoming,2020-01-01,10,1.7
Alabama,Alabama,2020-02-01,70,1.4
Arizona,Arizona,2020-02-01,160,2.2
Arkansas,Arkansas,2020-02-01,37,1.2
California,California,2020-02-01,600,1.5
Colorado,Colorado,2020-02-01,97,1.7
Connecticut,Connecticut,2020-02-01,92,2.6
Delaware,Delaware,2020-02-01,44,4.4
Florida,Florida,2020-02-01,523,2.4
Georgia,Georgia,2020-02-01,138,1.3
Hawaii,Hawaii,2020-02-01,15,1
Idaho,Idaho,2020-02-01,23,1.2
Illinois,Illinois,2020-02-01,273,2.1
Indiana,Indiana,2020-02-01,159,2.3
Iowa,Iowa,2020-02-01,41,1.3
Kansas,Kansas,2020-02-01,31,1.1
Kentucky,Kentucky,2020-02-01,145,3.2
Louisiana,Louisiana,2020-02-01,106,2.3
Maine,Maine,2020-02-01,40,2.9
Maryland,Maryland,2020-02-01,211,3.4
Massachusetts,Massachusetts,2020-02-01,186,2.7
Michigan,Michigan,2020-02-01,208,2.1
Minnesota,Minnesota,2020-02-01,63,1.1
Mississippi,Mississippi,2020-02-01,35,1.2
Missouri,Missouri,2020-02-01,159,2.6
Nebraska,Nebraska,2020-02-01,13,0.7
Nevada,Nevada,2020-02-01,53,1.7
New Hampshire,New Hampshire,2020-02-01,32,2.3
New Jersey,New Jersey,2020-02-01,228,2.5
New Mexico,New Mexico,2020-02-01,53,2.5
New York,New York,2020-02-01,362,1.8
North Carolina,North Carolina,2020-02-01,227,2.2
North Dakota,North Dakota,2020-02-01,12,1.5
Ohio,Ohio,2020-02-01,354,3
Oklahoma,Oklahoma,2020-02-01,44,1.1
Oregon,Oregon,2020-02-01,47,1.1
Pennsylvania,Pennsylvania,2020-02-01,368,2.8
Rhode Island,Rhode Island,2020-02-01,30,2.7
South Carolina,South Carolina,2020-02-01,111,2.2
Tennessee,Tennessee,2020-02-01,178,2.6
Texas,Texas,2020-02-01,268,0.9
Utah,Utah,2020-02-01,41,1.2
Virginia,Virginia,2020-02-01,128,1.5
Washington,Washington,2020-02-01,107,1.4
West Virginia,West Virginia,2020-02-01,71,4
Wisconsin,Wisconsin,2020-02-01,131,2.2
Alabama,Alabama,2020-03-01,89,1.8
Arizona,Arizona,2020-03-01,199,2.8
Arkansas,Arkansas,2020-03-01,43,1.4
California,California,2020-03-01,660,1.7
Colorado,Colorado,2020-03-01,122,2.1
Connecticut,Connecticut,2020-03-01,110,3.1
Delaware,Delaware,2020-03-01,35,3.5
Florida,Florida,2020-03-01,617,2.9
Georgia,Georgia,2020-03-01,155,1.4
Hawaii,Hawaii,2020-03-01,27,1.9
Idaho,Idaho,2020-03-01,22,1.2
Illinois,Illinois,2020-03-01,285,2.2
Indiana,Indiana,2020-03-01,167,2.5
Iowa,Iowa,2020-03-01,34,1.1
Kansas,Kansas,2020-03-01,35,1.2
Kentucky,Kentucky,2020-03-01,153,3.4
Louisiana,Louisiana,2020-03-01,137,2.9
Maine,Maine,2020-03-01,43,3.2
Maryland,Maryland,2020-03-01,237,3.8
Massachusetts,Massachusetts,2020-03-01,193,2.8
Michigan,Michigan,2020-03-01,218,2.2
Minnesota,Minnesota,2020-03-01,89,1.6
Mississippi,Mississippi,2020-03-01,38,1.3
Missouri,Missouri,2020-03-01,158,2.6
Montana,Montana,2020-03-01,12,1.1
Nebraska,Nebraska,2020-03-01,25,1.3
Nevada,Nevada,2020-03-01,54,1.7
New Hampshire,New Hampshire,2020-03-01,38,2.8
New Jersey,New Jersey,2020-03-01,238,2.6
New Mexico,New Mexico,2020-03-01,51,2.4
New York,New York,2020-03-01,412,2
North Carolina,North Carolina,2020-03-01,241,2.3
North Dakota,North Dakota,2020-03-01,12,1.5
Ohio,Ohio,2020-03-01,373,3.2
Oklahoma,Oklahoma,2020-03-01,70,1.8
Oregon,Oregon,2020-03-01,62,1.5
Pennsylvania,Pennsylvania,2020-03-01,414,3.2
Rhode Island,Rhode Island,2020-03-01,32,2.9
South Carolina,South Carolina,2020-03-01,154,3
Tennessee,Tennessee,2020-03-01,249,3.6
Texas,Texas,2020-03-01,301,1
Utah,Utah,2020-03-01,37,1.1
Vermont,Vermont,2020-03-01,10,1.6
Virginia,Virginia,2020-03-01,150,1.7
Washington,Washington,2020-03-01,144,1.9
West Virginia,West Virginia,2020-03-01,80,4.5
Wisconsin,Wisconsin,2020-03-01,116,2
Wyoming,Wyoming,2020-03-01,11,1.9
Alabama,Alabama,2020-04-01,95,1.9
Arizona,Arizona,2020-04-01,177,2.5
Arkansas,Arkansas,2020-04-01,48,1.6
California,California,2020-04-01,715,1.8
Colorado,Colorado,2020-04-01,139,2.4
Connecticut,Connecticut,2020-04-01,133,3.7
Delaware,Delaware,2020-04-01,41,4.1
Florida,Florida,2020-04-01,659,3.1
Georgia,Georgia,2020-04-01,186,1.7
Hawaii,Hawaii,2020-04-01,24,1.7
Idaho,Idaho,2020-04-01,17,0.9
Illinois,Illinois,2020-04-01,335,2.6
Indiana,Indiana,2020-04-01,208,3.1
Iowa,Iowa,2020-04-01,44,1.4
Kansas,Kansas,2020-04-01,30,1
Kentucky,Kentucky,2020-04-01,174,3.9
Louisiana,Louisiana,2020-04-01,168,3.6
Maine,Maine,2020-04-01,35,2.6
Maryland,Maryland,2020-04-01,195,3.2
Massachusetts,Massachusetts,2020-04-01,202,2.9
Michigan,Michigan,2020-04-01,233,2.3
Minnesota,Minnesota,2020-04-01,97,1.7
Mississippi,Mississippi,2020-04-01,44,1.5
Missouri,Missouri,2020-04-01,191,3.1
Montana,Montana,2020-04-01,21,1.9
Nebraska,Nebraska,2020-04-01,24,1.2
Nevada,Nevada,2020-04-01,80,2.6
New Hampshire,New Hampshire,2020-04-01,40,2.9
New Jersey,New Jersey,2020-04-01,225,2.4
New Mexico,New Mexico,2020-04-01,56,2.6
New York,New York,2020-04-01,410,2
North Carolina,North Carolina,2020-04-01,284,2.7
North Dakota,North Dakota,2020-04-01,10,1.3
Ohio,Ohio,2020-04-01,409,3.5
Oklahoma,Oklahoma,2020-04-01,64,1.6
Oregon,Oregon,2020-04-01,68,1.6
Pennsylvania,Pennsylvania,2020-04-01,475,3.7
Rhode Island,Rhode Island,2020-04-01,36,3.3
South Carolina,South Carolina,2020-04-01,143,2.8
Tennessee,Tennessee,2020-04-01,258,3.7
Texas,Texas,2020-04-01,345,1.2
Utah,Utah,2020-04-01,59,1.8
Vermont,Vermont,2020-04-01,20,3.1
Virginia,Virginia,2020-04-01,195,2.3
Washington,Washington,2020-04-01,159,2.1
West Virginia,West Virginia,2020-04-01,107,6
Wisconsin,Wisconsin,2020-04-01,127,2.2
Alabama,Alabama,2020-05-01,122,2.4
Alaska,Alaska,2020-05-01,20,2.7
Arizona,Arizona,2020-05-01,228,3.2
Arkansas,Arkansas,2020-05-01,45,1.5
California,California,2020-05-01,776,2
Colorado,Colorado,2020-05-01,154,2.7
Connecticut,Connecticut,2020-05-01,123,3.4
Delaware,Delaware,2020-05-01,52,5.2
Florida,Florida,2020-05-01,787,3.6
Georgia,Georgia,2020-05-01,173,1.6
Hawaii,Hawaii,2020-05-01,27,1.9
Idaho,Idaho,2020-05-01,29,1.6
Illinois,Illinois,2020-05-01,400,3.1
Indiana,Indiana,2020-05-01,250,3.7
Iowa,Iowa,2020-05-01,34,1.1
Kansas,Kansas,2020-05-01,42,1.4
Kentucky,Kentucky,2020-05-01,250,5.5
Louisiana,Louisiana,2020-05-01,206,4.4
Maine,Maine,2020-05-01,42,3.1
Maryland,Maryland,2020-05-01,265,4.3
Massachusetts,Massachusetts,2020-05-01,220,3.1
Michigan,Michigan,2020-05-01,321,3.2
Minnesota,Minnesota,2020-05-01,115,2
Mississippi,Mississippi,2020-05-01,57,1.9
Missouri,Missouri,2020-05-01,197,3.2
Montana,Montana,2020-05-01,12,1.1
Nebraska,Nebraska,2020-05-01,19,1
Nevada,Nevada,2020-05-01,92,3
New Hampshire,New Hampshire,2020-05-01,45,3.3
New Jersey,New Jersey,2020-05-01,285,3.1
New Mexico,New Mexico,2020-05-01,71,3.4
New York,New York,2020-05-01,499,2.5
North Carolina,North Carolina,2020-05-01,364,3.5
Ohio,Ohio,2020-05-01,584,4.9
Oklahoma,Oklahoma,2020-05-01,79,2
Oregon,Oregon,2020-05-01,101,2.4
Pennsylvania,Pennsylvania,2020-05-01,484,3.7
Rhode Island,Rhode Island,2020-05-01,40,3.6
South Carolina,South Carolina,2020-05-01,172,3.4
Tennessee,Tennessee,2020-05-01,350,5.1
Texas,Texas,2020-05-01,371,1.3
Utah,Utah,2020-05-01,45,1.4
Vermont,Vermont,2020-05-01,17,2.6
Virginia,Virginia,2020-05-01,232,2.7
Washington,Washington,2020-05-01,169,2.2
West Virginia,West Virginia,2020-05-01,168,9.4
Wisconsin,Wisconsin,2020-05-01,167,2.8
Alabama,Alabama,2020-06-01,97,1.9
Alaska,Alaska,2020-06-01,15,2
Arizona,Arizona,2020-06-01,280,3.9
Arkansas,Arkansas,2020-06-01,47,1.6
California,California,2020-06-01,769,1.9
Colorado,Colorado,2020-06-01,110,1.9
Connecticut,Connecticut,2020-06-01,117,3.3
Delaware,Delaware,2020-06-01,47,4.7
Florida,Florida,2020-06-01,653,3
Georgia,Georgia,2020-06-01,176,1.6
Hawaii,Hawaii,2020-06-01,27,1.9
Idaho,Idaho,2020-06-01,24,1.3
Illinois,Illinois,2020-06-01,294,2.3
Indiana,Indiana,2020-06-01,196,2.9
Iowa,Iowa,2020-06-01,39,1.2
Kansas,Kansas,2020-06-01,43,1.5
Kentucky,Kentucky,2020-06-01,163,3.6
Louisiana,Louisiana,2020-06-01,167,3.6
Maine,Maine,2020-06-01,47,3.4
Maryland,Maryland,2020-06-01,236,3.8
Massachusetts,Massachusetts,2020-06-01,202,2.9
Michigan,Michigan,2020-06-01,283,2.8
Minnesota,Minnesota,2020-06-01,83,1.5
Mississippi,Mississippi,2020-06-01,53,1.8
Missouri,Missouri,2020-06-01,159,2.6
Nebraska,Nebraska,2020-06-01,15,0.8
Nevada,Nevada,2020-06-01,67,2.1
New Hampshire,New Hampshire,2020-06-01,26,1.9
New Jersey,New Jersey,2020-06-01,240,2.6
New Mexico,New Mexico,2020-06-01,80,3.8
New York,New York,2020-06-01,410,2
North Carolina,North Carolina,2020-06-01,267,2.6
Ohio,Ohio,2020-06-01,532,4.5
Oklahoma,Oklahoma,2020-06-01,62,1.6
Oregon,Oregon,2020-06-01,56,1.3
Pennsylvania,Pennsylvania,2020-06-01,464,3.6
Rhode Island,Rhode Island,2020-06-01,29,2.6
South Carolina,South Carolina,2020-06-01,165,3.2
South Dakota,South Dakota,2020-06-01,10,1.1
Tennessee,Tennessee,2020-06-01,301,4.3
Texas,Texas,2020-06-01,360,1.2
Utah,Utah,2020-06-01,52,1.6
Vermont,Vermont,2020-06-01,11,1.7
Virginia,Virginia,2020-06-01,172,2
Washington,Washington,2020-06-01,154,2
West Virginia,West Virginia,2020-06-01,135,7.5
Wisconsin,Wisconsin,2020-06-01,142,2.4
Alabama,Alabama,2020-07-01,78,1.5
Alaska,Alaska,2020-07-01,12,1.6
Arizona,Arizona,2020-07-01,319,4.4
Arkansas,Arkansas,2020-07-01,51,1.7
California,California,2020-07-01,891,2.3
Colorado,Colorado,2020-07-01,147,2.5
Connecticut,Connecticut,2020-07-01,140,3.9
Delaware,Delaware,2020-07-01,40,4
Florida,Florida,2020-07-01,669,3.1
Georgia,Georgia,2020-07-01,185,1.7
Hawaii,Hawaii,2020-07-01,23,1.6
Idaho,Idaho,2020-07-01,30,1.6
Illinois,Illinois,2020-07-01,293,2.3
Indiana,Indiana,2020-07-01,211,3.1
Iowa,Iowa,2020-07-01,32,1
Kansas,Kansas,2020-07-01,52,1.8
Kentucky,Kentucky,2020-07-01,190,4.2
Louisiana,Louisiana,2020-07-01,173,3.7
Maine,Maine,2020-07-01,42,3.1
Maryland,Maryland,2020-07-01,229,3.7
Massachusetts,Massachusetts,2020-07-01,211,3
Michigan,Michigan,2020-07-01,240,2.4
Minnesota,Minnesota,2020-07-01,86,1.5
Mississippi,Mississippi,2020-07-01,47,1.6
Missouri,Missouri,2020-07-01,162,2.6
Montana,Montana,2020-07-01,13,1.2
Nebraska,Nebraska,2020-07-01,13,0.7
Nevada,Nevada,2020-07-01,91,2.9
New Hampshire,New Hampshire,2020-07-01,40,2.9
New Jersey,New Jersey,2020-07-01,224,2.4
New Mexico,New Mexico,2020-07-01,65,3.1
New York,New York,2020-07-01,445,2.2
North Carolina,North Carolina,2020-07-01,290,2.8
North Dakota,North Dakota,2020-07-01,10,1.3
Ohio,Ohio,2020-07-01,486,4.1
Oklahoma,Oklahoma,2020-07-01,73,1.8
Oregon,Oregon,2020-07-01,69,1.6
Pennsylvania,Pennsylvania,2020-07-01,480,3.7
Rhode Island,Rhode Island,2020-07-01,42,3.8
South Carolina,South Carolina,2020-07-01,156,3
Tennessee,Tennessee,2020-07-01,279,4
Texas,Texas,2020-07-01,412,1.4
Utah,Utah,2020-07-01,77,2.3
Vermont,Vermont,2020-07-01,16,2.5
Virginia,Virginia,2020-07-01,209,2.4
Washington,Washington,2020-07-01,148,1.9
West Virginia,West Virginia,2020-07-01,107,6
Wisconsin,Wisconsin,2020-07-01,129,2.2
Wyoming,Wyoming,2020-07-01,10,1.7
Alabama,Alabama,2020-08-01,85,1.7
Alaska,Alaska,2020-08-01,10,1.4
Arizona,Arizona,2020-08-01,285,4
Arkansas,Arkansas,2020-08-01,42,1.4
California,California,2020-08-01,995,2.5
Colorado,Colorado,2020-08-01,155,2.7
Connecticut,Connecticut,2020-08-01,95,2.7
Delaware,Delaware,2020-08-01,39,3.9
Florida,Florida,2020-08-01,642,3
Georgia,Georgia,2020-08-01,152,1.4
Hawaii,Hawaii,2020-08-01,21,1.4
Idaho,Idaho,2020-08-01,20,1.1
Illinois,Illinois,2020-08-01,295,2.3
Indiana,Indiana,2020-08-01,173,2.5
Iowa,Iowa,2020-08-01,27,0.8
Kansas,Kansas,2020-08-01,41,1.4
Kentucky,Kentucky,2020-08-01,175,3.9
Louisiana,Louisiana,2020-08-01,173,3.7
Maine,Maine,2020-08-01,38,2.8
Maryland,Maryland,2020-08-01,244,3.9
Massachusetts,Massachusetts,2020-08-01,170,2.4
Michigan,Michigan,2020-08-01,209,2.1
Minnesota,Minnesota,2020-08-01,107,1.9
Mississippi,Mississippi,2020-08-01,58,2
Missouri,Missouri,2020-08-01,151,2.5
Montana,Montana,2020-08-01,13,1.2
Nebraska,Nebraska,2020-08-01,22,1.1
Nevada,Nevada,2020-08-01,102,3.3
New Hampshire,New Hampshire,2020-08-01,21,1.5
New Jersey,New Jersey,2020-08-01,242,2.6
New Mexico,New Mexico,2020-08-01,87,4.1
New York,New York,2020-08-01,432,2.1
North Carolina,North Carolina,2020-08-01,285,2.7
Ohio,Ohio,2020-08-01,400,3.4
Oklahoma,Oklahoma,2020-08-01,67,1.7
Oregon,Oregon,2020-08-01,73,1.7
Pennsylvania,Pennsylvania,2020-08-01,443,3.4
Rhode Island,Rhode Island,2020-08-01,40,3.6
South Carolina,South Carolina,2020-08-01,159,3.1
Tennessee,Tennessee,2020-08-01,263,3.8
Texas,Texas,2020-08-01,437,1.5
Utah,Utah,2020-08-01,63,1.9
Vermont,Vermont,2020-08-01,18,2.8
Virginia,Virginia,2020-08-01,196,2.3
Washington,Washington,2020-08-01,147,1.9
West Virginia,West Virginia,2020-08-01,104,5.8
Wisconsin,Wisconsin,2020-08-01,127,2.2
Alabama,Alabama,2020-09-01,70,1.4
Alaska,Alaska,2020-09-01,13,1.8
Arizona,Arizona,2020-09-01,188,2.6
Arkansas,Arkansas,2020-09-01,37,1.2
California,California,2020-09-01,772,2
Colorado,Colorado,2020-09-01,128,2.2
Connecticut,Connecticut,2020-09-01,125,3.5
Delaware,Delaware,2020-09-01,36,3.6
Florida,Florida,2020-09-01,657,3
Georgia,Georgia,2020-09-01,139,1.3
Hawaii,Hawaii,2020-09-01,29,2
Idaho,Idaho,2020-09-01,24,1.3
Illinois,Illinois,2020-09-01,286,2.2
Indiana,Indiana,2020-09-01,175,2.6
Iowa,Iowa,2020-09-01,44,1.4
Kansas,Kansas,2020-09-01,35,1.2
Kentucky,Kentucky,2020-09-01,167,3.7
Louisiana,Louisiana,2020-09-01,165,3.5
Maine,Maine,2020-09-01,37,2.7
Maryland,Maryland,2020-09-01,243,3.9
Massachusetts,Massachusetts,2020-09-01,172,2.5
Michigan,Michigan,2020-09-01,202,2
Minnesota,Minnesota,2020-09-01,79,1.4
Mississippi,Mississippi,2020-09-01,36,1.2
Missouri,Missouri,2020-09-01,140,2.3
Montana,Montana,2020-09-01,15,1.4
Nebraska,Nebraska,2020-09-01,23,1.2
Nevada,Nevada,2020-09-01,51,1.6
New Hampshire,New Hampshire,2020-09-01,32,2.3
New Jersey,New Jersey,2020-09-01,223,2.4
New Mexico,New Mexico,2020-09-01,71,3.4
New York,New York,2020-09-01,389,1.9
North Carolina,North Carolina,2020-09-01,229,2.2
North Dakota,North Dakota,2020-09-01,13,1.7
Ohio,Ohio,2020-09-01,438,3.7
Oklahoma,Oklahoma,2020-09-01,51,1.3
Oregon,Oregon,2020-09-01,63,1.5
Pennsylvania,Pennsylvania,2020-09-01,435,3.3
Rhode Island,Rhode Island,2020-09-01,33,3
South Carolina,South Carolina,2020-09-01,145,2.8
Tennessee,Tennessee,2020-09-01,244,3.5
Texas,Texas,2020-09-01,335,1.1
Utah,Utah,2020-09-01,43,1.3
Vermont,Vermont,2020-09-01,13,2
Virginia,Virginia,2020-09-01,183,2.1
Washington,Washington,2020-09-01,125,1.6
West Virginia,West Virginia,2020-09-01,126,7
Wisconsin,Wisconsin,2020-09-01,126,2.1
Wyoming,Wyoming,2020-09-01,12,2.1
Alabama,Alabama,2020-10-01,62,1.2
Alaska,Alaska,2020-10-01,11,1.5
Arizona,Arizona,2020-10-01,201,2.8
Arkansas,Arkansas,2020-10-01,38,1.3
California,California,2020-10-01,761,1.9
Colorado,Colorado,2020-10-01,110,1.9
Connecticut,Connecticut,2020-10-01,99,2.8
Delaware,Delaware,2020-10-01,28,2.8
Florida,Florida,2020-10-01,559,2.6
Georgia,Georgia,2020-10-01,144,1.3
Hawaii,Hawaii,2020-10-01,25,1.7
Idaho,Idaho,2020-10-01,22,1.2
Illinois,Illinois,2020-10-01,243,1.9
Indiana,Indiana,2020-10-01,196,2.9
Iowa,Iowa,2020-10-01,35,1.1
Kansas,Kansas,2020-10-01,37,1.3
Kentucky,Kentucky,2020-10-01,170,3.8
Louisiana,Louisiana,2020-10-01,152,3.3
Maine,Maine,2020-10-01,34,2.5
Maryland,Maryland,2020-10-01,274,4.4
Massachusetts,Massachusetts,2020-10-01,196,2.8
Michigan,Michigan,2020-10-01,226,2.2
Minnesota,Minnesota,2020-10-01,91,1.6
Mississippi,Mississippi,2020-10-01,42,1.4
Missouri,Missouri,2020-10-01,161,2.6
Montana,Montana,2020-10-01,13,1.2
Nebraska,Nebraska,2020-10-01,16,0.8
Nevada,Nevada,2020-10-01,80,2.6
New Hampshire,New Hampshire,2020-10-01,26,1.9
New Jersey,New Jersey,2020-10-01,204,2.2
New Mexico,New Mexico,2020-10-01,69,3.3
New York,New York,2020-10-01,417,2.1
North Carolina,North Carolina,2020-10-01,234,2.2
Ohio,Ohio,2020-10-01,433,3.7
Oklahoma,Oklahoma,2020-10-01,73,1.8
Oregon,Oregon,2020-10-01,59,1.4
Pennsylvania,Pennsylvania,2020-10-01,393,3
Rhode Island,Rhode Island,2020-10-01,26,2.4
South Carolina,South Carolina,2020-10-01,120,2.3
Tennessee,Tennessee,2020-10-01,270,3.9
Texas,Texas,2020-10-01,303,1
Utah,Utah,2020-10-01,53,1.6
Vermont,Vermont,2020-10-01,21,3.3
Virginia,Virginia,2020-10-01,199,2.3
Washington,Washington,2020-10-01,142,1.8
West Virginia,West Virginia,2020-10-01,100,5.6
Wisconsin,Wisconsin,2020-10-01,111,1.9
Wyoming,Wyoming,2020-10-01,10,1.7
Alabama,Alabama,2020-11-01,73,1.5
Alaska,Alaska,2020-11-01,13,1.8
Arizona,Arizona,2020-11-01,193,2.7
Arkansas,Arkansas,2020-11-01,39,1.3
California,California,2020-11-01,734,1.9
Colorado,Colorado,2020-11-01,121,2.1
Connecticut,Connecticut,2020-11-01,104,2.9
Delaware,Delaware,2020-11-01,22,2.2
Florida,Florida,2020-11-01,577,2.7
Georgia,Georgia,2020-11-01,143,1.3
Hawaii,Hawaii,2020-11-01,20,1.4
Idaho,Idaho,2020-11-01,23,1.2
Illinois,Illinois,2020-11-01,287,2.2
Indiana,Indiana,2020-11-01,166,2.4
Iowa,Iowa,2020-11-01,35,1.1
Kansas,Kansas,2020-11-01,29,1
Kentucky,Kentucky,2020-11-01,170,3.8
Louisiana,Louisiana,2020-11-01,153,3.3
Maine,Maine,2020-11-01,44,3.2
Maryland,Maryland,2020-11-01,223,3.6
Massachusetts,Massachusetts,2020-11-01,181,2.6
Michigan,Michigan,2020-11-01,196,1.9
Minnesota,Minnesota,2020-11-01,87,1.5
Mississippi,Mississippi,2020-11-01,40,1.4
Missouri,Missouri,2020-11-01,145,2.4
Montana,Montana,2020-11-01,14,1.3
Nevada,Nevada,2020-11-01,72,2.3
New Hampshire,New Hampshire,2020-11-01,26,1.9
New Jersey,New Jersey,2020-11-01,238,2.6
New Mexico,New Mexico,2020-11-01,71,3.4
New York,New York,2020-11-01,397,2
North Carolina,North Carolina,2020-11-01,246,2.4
Ohio,Ohio,2020-11-01,402,3.4
Oklahoma,Oklahoma,2020-11-01,58,1.5
Oregon,Oregon,2020-11-01,75,1.8
Pennsylvania,Pennsylvania,2020-11-01,417,3.2
Rhode Island,Rhode Island,2020-11-01,26,2.4
South Carolina,South Carolina,2020-11-01,142,2.8
Tennessee,Tennessee,2020-11-01,238,3.4
Texas,Texas,2020-11-01,329,1.1
Utah,Utah,2020-11-01,49,1.5
Vermont,Vermont,2020-11-01,18,2.8
Virginia,Virginia,2020-11-01,179,2.1
Washington,Washington,2020-11-01,144,1.9
West Virginia,West Virginia,2020-11-01,128,7.1
Wisconsin,Wisconsin,2020-11-01,117,2
Wyoming,Wyoming,2020-11-01,14,2.4
Alabama,Alabama,2020-12-01,93,1.8
Alaska,Alaska,2020-12-01,14,1.9
Arizona,Arizona,2020-12-01,167,2.3
Arkansas,Arkansas,2020-12-01,39,1.3
California,California,2020-12-01,792,2
Colorado,Colorado,2020-12-01,120,2.1
Connecticut,Connecticut,2020-12-01,129,3.6
Delaware,Delaware,2020-12-01,27,2.7
Florida,Florida,2020-12-01,529,2.4
Georgia,Georgia,2020-12-01,155,1.4
Hawaii,Hawaii,2020-12-01,21,1.4
Idaho,Idaho,2020-12-01,26,1.4
Illinois,Illinois,2020-12-01,255,2
Indiana,Indiana,2020-12-01,201,3
Iowa,Iowa,2020-12-01,27,0.8
Kansas,Kansas,2020-12-01,54,1.8
Kentucky,Kentucky,2020-12-01,201,4.5
Louisiana,Louisiana,2020-12-01,201,4.3
Maine,Maine,2020-12-01,45,3.3
Maryland,Maryland,2020-12-01,216,3.5
Massachusetts,Massachusetts,2020-12-01,192,2.7
Michigan,Michigan,2020-12-01,220,2.2
Minnesota,Minnesota,2020-12-01,96,1.7
Mississippi,Mississippi,2020-12-01,47,1.6
Missouri,Missouri,2020-12-01,144,2.3
Montana,Montana,2020-12-01,13,1.2
Nebraska,Nebraska,2020-12-01,19,1
Nevada,Nevada,2020-12-01,84,2.7
New Hampshire,New Hampshire,2020-12-01,35,2.5
New Jersey,New Jersey,2020-12-01,210,2.3
New Mexico,New Mexico,2020-12-01,63,3
New York,New York,2020-12-01,406,2
North Carolina,North Carolina,2020-12-01,226,2.2
North Dakota,North Dakota,2020-12-01,18,2.3
Ohio,Ohio,2020-12-01,450,3.8
Oklahoma,Oklahoma,2020-12-01,65,1.6
Oregon,Oregon,2020-12-01,64,1.5
Pennsylvania,Pennsylvania,2020-12-01,410,3.2
Rhode Island,Rhode Island,2020-12-01,29,2.6
South Carolina,South Carolina,2020-12-01,143,2.8
Tennessee,Tennessee,2020-12-01,243,3.5
Texas,Texas,2020-12-01,375,1.3
Utah,Utah,2020-12-01,52,1.6
Vermont,Vermont,2020-12-01,22,3.4
Virginia,Virginia,2020-12-01,187,2.2
Washington,Washington,2020-12-01,156,2
West Virginia,West Virginia,2020-12-01,122,6.8
Wisconsin,Wisconsin,2020-12-01,121,2.1
Alabama,Alabama,2021-01-01,98,1.9
Alaska,Alaska,2021-01-01,13,1.8
Arizona,Arizona,2021-01-01,212,2.9
Arkansas,Arkansas,2021-01-01,47,1.6
California,California,2021-01-01,989,2.5
Colorado,Colorado,2021-01-01,153,2.6
Connecticut,Connecticut,2021-01-01,123,3.4
Delaware,Delaware,2021-01-01,42,4.2
Florida,Florida,2021-01-01,640,2.9
Georgia,Georgia,2021-01-01,169,1.6
Hawaii,Hawaii,2021-01-01,16,1.1
Idaho,Idaho,2021-01-01,24,1.3
Illinois,Illinois,2021-01-01,243,1.9
Indiana,Indiana,2021-01-01,230,3.4
Iowa,Iowa,2021-01-01,33,1
Kansas,Kansas,2021-01-01,48,1.6
Kentucky,Kentucky,2021-01-01,203,4.5
Louisiana,Louisiana,2021-01-01,217,4.7
Maine,Maine,2021-01-01,54,3.9
Maryland,Maryland,2021-01-01,258,4.2
Massachusetts,Massachusetts,2021-01-01,200,2.9
Michigan,Michigan,2021-01-01,248,2.5
Minnesota,Minnesota,2021-01-01,108,1.9
Mississippi,Mississippi,2021-01-01,64,2.2
Missouri,Missouri,2021-01-01,178,2.9
Montana,Montana,2021-01-01,22,2
Nebraska,Nebraska,2021-01-01,15,0.8
Nevada,Nevada,2021-01-01,84,2.7
New Hampshire,New Hampshire,2021-01-01,27,1.9
New Jersey,New Jersey,2021-01-01,253,2.7
New Mexico,New Mexico,2021-01-01,71,3.4
New York,New York,2021-01-01,533,2.7
North Carolina,North Carolina,2021-01-01,322,3
North Dakota,North Dakota,2021-01-01,14,1.8
Ohio,Ohio,2021-01-01,460,3.9
Oklahoma,Oklahoma,2021-01-01,71,1.8
Oregon,Oregon,2021-01-01,101,2.4
Pennsylvania,Pennsylvania,2021-01-01,448,3.4
Rhode Island,Rhode Island,2021-01-01,39,3.6
South Carolina,South Carolina,2021-01-01,161,3.1
Tennessee,Tennessee,2021-01-01,327,4.7
Texas,Texas,2021-01-01,397,1.3
Utah,Utah,2021-01-01,59,1.8
Vermont,Vermont,2021-01-01,16,2.5
Virginia,Virginia,2021-01-01,228,2.6
Washington,Washington,2021-01-01,177,2.3
West Virginia,West Virginia,2021-01-01,150,8.4
Wisconsin,Wisconsin,2021-01-01,133,2.3
Alabama,Alabama,2021-02-01,85,1.7
Alaska,Alaska,2021-02-01,15,2
Arizona,Arizona,2021-02-01,183,2.5
Arkansas,Arkansas,2021-02-01,49,1.6
California,California,2021-02-01,809,2.1
Colorado,Colorado,2021-02-01,124,2.1
Connecticut,Connecticut,2021-02-01,116,3.2
Delaware,Delaware,2021-02-01,37,3.7
Florida,Florida,2021-02-01,568,2.6
Georgia,Georgia,2021-02-01,205,1.9
Hawaii,Hawaii,2021-02-01,27,1.9
Idaho,Idaho,2021-02-01,18,0.9
Illinois,Illinois,2021-02-01,235,1.9
Indiana,Indiana,2021-02-01,180,2.6
Iowa,Iowa,2021-02-01,35,1.1
Kansas,Kansas,2021-02-01,48,1.6
Kentucky,Kentucky,2021-02-01,173,3.8
Louisiana,Louisiana,2021-02-01,181,3.9
Maine,Maine,2021-02-01,41,3
Maryland,Maryland,2021-02-01,208,3.4
Massachusetts,Massachusetts,2021-02-01,189,2.7
Michigan,Michigan,2021-02-01,208,2.1
Minnesota,Minnesota,2021-02-01,96,1.7
Mississippi,Mississippi,2021-02-01,70,2.4
Missouri,Missouri,2021-02-01,163,2.6
Montana,Montana,2021-02-01,10,0.9
Nebraska,Nebraska,2021-02-01,19,1
Nevada,Nevada,2021-02-01,81,2.6
New Hampshire,New Hampshire,2021-02-01,25,1.8
New Jersey,New Jersey,2021-02-01,240,2.6
New Mexico,New Mexico,2021-02-01,70,3.3
New York,New York,2021-02-01,432,2.2
North Carolina,North Carolina,2021-02-01,289,2.7
Ohio,Ohio,2021-02-01,398,3.4
Oklahoma,Oklahoma,2021-02-01,46,1.2
Oregon,Oregon,2021-02-01,70,1.6
Pennsylvania,Pennsylvania,2021-02-01,442,3.4
Rhode Island,Rhode Island,2021-02-01,37,3.4
South Carolina,South Carolina,2021-02-01,134,2.6
South Dakota,South Dakota,2021-02-01,12,1.3
Tennessee,Tennessee,2021-02-01,287,4.1
Texas,Texas,2021-02-01,369,1.2
Utah,Utah,2021-02-01,47,1.4
Vermont,Vermont,2021-02-01,12,1.9
Virginia,Virginia,2021-02-01,192,2.2
Washington,Washington,2021-02-01,143,1.8
West Virginia,West Virginia,2021-02-01,117,6.6
Wisconsin,Wisconsin,2021-02-01,124,2.1
Alabama,Alabama,2021-03-01,133,2.6
Alaska,Alaska,2021-03-01,26,3.5
Arizona,Arizona,2021-03-01,220,3
Arkansas,Arkansas,2021-03-01,54,1.8
California,California,2021-03-01,925,2.4
Colorado,Colorado,2021-03-01,171,2.9
Connecticut,Connecticut,2021-03-01,125,3.5
Delaware,Delaware,2021-03-01,47,4.7
Florida,Florida,2021-03-01,672,3.1
Georgia,Georgia,2021-03-01,211,2
Hawaii,Hawaii,2021-03-01,19,1.3
Idaho,Idaho,2021-03-01,19,1
Illinois,Illinois,2021-03-01,322,2.5
Indiana,Indiana,2021-03-01,243,3.6
Iowa,Iowa,2021-03-01,40,1.3
Kansas,Kansas,2021-03-01,68,2.3
Kentucky,Kentucky,2021-03-01,206,4.6
Louisiana,Louisiana,2021-03-01,216,4.7
Maine,Maine,2021-03-01,58,4.2
Maryland,Maryland,2021-03-01,238,3.9
Massachusetts,Massachusetts,2021-03-01,240,3.4
Michigan,Michigan,2021-03-01,286,2.8
Minnesota,Minnesota,2021-03-01,128,2.2
Mississippi,Mississippi,2021-03-01,70,2.4
Missouri,Missouri,2021-03-01,185,3
Montana,Montana,2021-03-01,10,0.9
Nebraska,Nebraska,2021-03-01,21,1.1
Nevada,Nevada,2021-03-01,74,2.4
New Hampshire,New Hampshire,2021-03-01,34,2.5
New Jersey,New Jersey,2021-03-01,270,2.9
New Mexico,New Mexico,2021-03-01,80,3.8
New York,New York,2021-03-01,508,2.6
North Carolina,North Carolina,2021-03-01,359,3.4
North Dakota,North Dakota,2021-03-01,12,1.5
Ohio,Ohio,2021-03-01,497,4.2
Oklahoma,Oklahoma,2021-03-01,80,2
Oregon,Oregon,2021-03-01,95,2.2
Pennsylvania,Pennsylvania,2021-03-01,458,3.5
Rhode Island,Rhode Island,2021-03-01,30,2.7
South Carolina,South Carolina,2021-03-01,184,3.5
Tennessee,Tennessee,2021-03-01,344,4.9
Texas,Texas,2021-03-01,478,1.6
Utah,Utah,2021-03-01,48,1.4
Vermont,Vermont,2021-03-01,27,4.2
Virginia,Virginia,2021-03-01,256,3
Washington,Washington,2021-03-01,192,2.5
West Virginia,West Virginia,2021-03-01,142,8
Wisconsin,Wisconsin,2021-03-01,129,2.2
Alabama,Alabama,2021-04-01,128,2.5
Alaska,Alaska,2021-04-01,16,2.2
Arizona,Arizona,2021-04-01,212,2.9
Arkansas,Arkansas,2021-04-01,54,1.8
California,California,2021-04-01,949,2.4
Colorado,Colorado,2021-04-01,161,2.8
Connecticut,Connecticut,2021-04-01,120,3.3
Delaware,Delaware,2021-04-01,41,4.1
Florida,Florida,2021-04-01,752,3.4
Georgia,Georgia,2021-04-01,225,2.1
Hawaii,Hawaii,2021-04-01,11,0.8
Idaho,Idaho,2021-04-01,31,1.6
Illinois,Illinois,2021-04-01,353,2.8
Indiana,Indiana,2021-04-01,260,3.8
Iowa,Iowa,2021-04-01,42,1.3
Kansas,Kansas,2021-04-01,56,1.9
Kentucky,Kentucky,2021-04-01,224,5
Louisiana,Louisiana,2021-04-01,218,4.7
Maine,Maine,2021-04-01,45,3.3
Maryland,Maryland,2021-04-01,237,3.8
Massachusetts,Massachusetts,2021-04-01,220,3.1
Michigan,Michigan,2021-04-01,293,2.9
Minnesota,Minnesota,2021-04-01,109,1.9
Mississippi,Mississippi,2021-04-01,75,2.5
Missouri,Missouri,2021-04-01,214,3.5
Montana,Montana,2021-04-01,20,1.8
Nebraska,Nebraska,2021-04-01,20,1
Nevada,Nevada,2021-04-01,77,2.4
New Hampshire,New Hampshire,2021-04-01,34,2.5
New Jersey,New Jersey,2021-04-01,243,2.6
New Mexico,New Mexico,2021-04-01,97,4.6
New York,New York,2021-04-01,466,2.3
North Carolina,North Carolina,2021-04-01,333,3.2
North Dakota,North Dakota,2021-04-01,12,1.5
Ohio,Ohio,2021-04-01,500,4.2
Oklahoma,Oklahoma,2021-04-01,63,1.6
Oregon,Oregon,2021-04-01,112,2.6
Pennsylvania,Pennsylvania,2021-04-01,432,3.3
Rhode Island,Rhode Island,2021-04-01,40,3.6
South Carolina,South Carolina,2021-04-01,218,4.2
South Dakota,South Dakota,2021-04-01,10,1.1
Tennessee,Tennessee,2021-04-01,356,5.1
Texas,Texas,2021-04-01,432,1.5
Utah,Utah,2021-04-01,79,2.4
Vermont,Vermont,2021-04-01,18,2.8
Virginia,Virginia,2021-04-01,250,2.9
Washington,Washington,2021-04-01,193,2.5
West Virginia,West Virginia,2021-04-01,164,9.2
Wisconsin,Wisconsin,2021-04-01,169,2.9
Alabama,Alabama,2021-05-01,121,2.4
Alaska,Alaska,2021-05-01,29,3.9
Arizona,Arizona,2021-05-01,258,3.5
Arkansas,Arkansas,2021-05-01,63,2.1
California,California,2021-05-01,952,2.4
Colorado,Colorado,2021-05-01,177,3
Connecticut,Connecticut,2021-05-01,140,3.9
Delaware,Delaware,2021-05-01,48,4.8
Florida,Florida,2021-05-01,678,3.1
Georgia,Georgia,2021-05-01,230,2.1
Hawaii,Hawaii,2021-05-01,23,1.6
Idaho,Idaho,2021-05-01,37,1.9
Illinois,Illinois,2021-05-01,306,2.4
Indiana,Indiana,2021-05-01,240,3.5
Iowa,Iowa,2021-05-01,43,1.3
Kansas,Kansas,2021-05-01,48,1.6
Kentucky,Kentucky,2021-05-01,202,4.5
Louisiana,Louisiana,2021-05-01,211,4.6
Maine,Maine,2021-05-01,46,3.3
Maryland,Maryland,2021-05-01,250,4
Massachusetts,Massachusetts,2021-05-01,193,2.8
Michigan,Michigan,2021-05-01,269,2.7
Minnesota,Minnesota,2021-05-01,109,1.9
Mississippi,Mississippi,2021-05-01,65,2.2
Missouri,Missouri,2021-05-01,211,3.4
Montana,Montana,2021-05-01,22,2
Nebraska,Nebraska,2021-05-01,16,0.8
Nevada,Nevada,2021-05-01,72,2.3
New Hampshire,New Hampshire,2021-05-01,39,2.8
New Jersey,New Jersey,2021-05-01,231,2.5
New Mexico,New Mexico,2021-05-01,103,4.9
New York,New York,2021-05-01,483,2.4
North Carolina,North Carolina,2021-05-01,338,3.2
North Dakota,North Dakota,2021-05-01,14,1.8
Ohio,Ohio,2021-05-01,467,4
Oklahoma,Oklahoma,2021-05-01,74,1.9
Oregon,Oregon,2021-05-01,114,2.7
Pennsylvania,Pennsylvania,2021-05-01,554,4.3
Rhode Island,Rhode Island,2021-05-01,48,4.4
South Carolina,South Carolina,2021-05-01,181,3.5
Tennessee,Tennessee,2021-05-01,323,4.6
Texas,Texas,2021-05-01,426,1.4
Utah,Utah,2021-05-01,57,1.7
Vermont,Vermont,2021-05-01,18,2.8
Virginia,Virginia,2021-05-01,207,2.4
Washington,Washington,2021-05-01,189,2.4
West Virginia,West Virginia,2021-05-01,122,6.8
Wisconsin,Wisconsin,2021-05-01,166,2.8
Wyoming,Wyoming,2021-05-01,11,1.9
Alabama,Alabama,2021-06-01,112,2.2
Alaska,Alaska,2021-06-01,20,2.7
Arizona,Arizona,2021-06-01,261,3.6
Arkansas,Arkansas,2021-06-01,51,1.7
California,California,2021-06-01,968,2.5
Colorado,Colorado,2021-06-01,171,2.9
Connecticut,Connecticut,2021-06-01,131,3.6
Delaware,Delaware,2021-06-01,44,4.4
Florida,Florida,2021-06-01,751,3.4
Georgia,Georgia,2021-06-01,184,1.7
Hawaii,Hawaii,2021-06-01,20,1.4
Idaho,Idaho,2021-06-01,39,2
Illinois,Illinois,2021-06-01,325,2.6
Indiana,Indiana,2021-06-01,211,3.1
Iowa,Iowa,2021-06-01,39,1.2
Kansas,Kansas,2021-06-01,56,1.9
Kentucky,Kentucky,2021-06-01,199,4.4
Louisiana,Louisiana,2021-06-01,197,4.3
Maine,Maine,2021-06-01,53,3.8
Maryland,Maryland,2021-06-01,248,4
Massachusetts,Massachusetts,2021-06-01,210,3
Michigan,Michigan,2021-06-01,259,2.6
Minnesota,Minnesota,2021-06-01,86,1.5
Mississippi,Mississippi,2021-06-01,59,2
Missouri,Missouri,2021-06-01,184,3
Montana,Montana,2021-06-01,11,1
Nebraska,Nebraska,2021-06-01,18,0.9
Nevada,Nevada,2021-06-01,98,3.1
New Hampshire,New Hampshire,2021-06-01,39,2.8
New Jersey,New Jersey,2021-06-01,283,3.1
New Mexico,New Mexico,2021-06-01,94,4.4
New York,New York,2021-06-01,466,2.3
North Carolina,North Carolina,2021-06-01,322,3
Ohio,Ohio,2021-06-01,415,3.5
Oklahoma,Oklahoma,2021-06-01,79,2
Oregon,Oregon,2021-06-01,106,2.5
Pennsylvania,Pennsylvania,2021-06-01,454,3.5
Rhode Island,Rhode Island,2021-06-01,25,2.3
South Carolina,South Carolina,2021-06-01,181,3.5
Tennessee,Tennessee,2021-06-01,325,4.7
Texas,Texas,2021-06-01,427,1.4
Utah,Utah,2021-06-01,55,1.6
Vermont,Vermont,2021-06-01,20,3.1
Virginia,Virginia,2021-06-01,199,2.3
Washington,Washington,2021-06-01,185,2.4
West Virginia,West Virginia,2021-06-01,113,6.3
Wisconsin,Wisconsin,2021-06-01,157,2.7
Wyoming,Wyoming,2021-06-01,10,1.7
Alabama,Alabama,2021-07-01,105,2.1
Alaska,Alaska,2021-07-01,21,2.9
Arizona,Arizona,2021-07-01,281,3.9
Arkansas,Arkansas,2021-07-01,40,1.3
California,California,2021-07-01,985,2.5
Colorado,Colorado,2021-07-01,172,3
Connecticut,Connecticut,2021-07-01,152,4.2
Delaware,Delaware,2021-07-01,33,3.3
Florida,Florida,2021-07-01,675,3.1
Georgia,Georgia,2021-07-01,177,1.6
Hawaii,Hawaii,2021-07-01,40,2.8
Idaho,Idaho,2021-07-01,36,1.9
Illinois,Illinois,2021-07-01,355,2.8
Indiana,Indiana,2021-07-01,231,3.4
Iowa,Iowa,2021-07-01,46,1.4
Kansas,Kansas,2021-07-01,61,2.1
Kentucky,Kentucky,2021-07-01,195,4.3
Louisiana,Louisiana,2021-07-01,245,5.3
Maine,Maine,2021-07-01,42,3
Maryland,Maryland,2021-07-01,251,4.1
Massachusetts,Massachusetts,2021-07-01,212,3
Michigan,Michigan,2021-07-01,249,2.5
Minnesota,Minnesota,2021-07-01,121,2.1
Mississippi,Mississippi,2021-07-01,68,2.3
Missouri,Missouri,2021-07-01,175,2.8
Montana,Montana,2021-07-01,18,1.6
Nebraska,Nebraska,2021-07-01,16,0.8
Nevada,Nevada,2021-07-01,126,4
New Hampshire,New Hampshire,2021-07-01,38,2.7
New Jersey,New Jersey,2021-07-01,254,2.7
New Mexico,New Mexico,2021-07-01,106,5
New York,New York,2021-07-01,495,2.5
North Carolina,North Carolina,2021-07-01,349,3.3
Ohio,Ohio,2021-07-01,496,4.2
Oklahoma,Oklahoma,2021-07-01,79,2
Oregon,Oregon,2021-07-01,104,2.4
Pennsylvania,Pennsylvania,2021-07-01,508,3.9
Rhode Island,Rhode Island,2021-07-01,30,2.7
South Carolina,South Carolina,2021-07-01,186,3.6
South Dakota,South Dakota,2021-07-01,10,1.1
Tennessee,Tennessee,2021-07-01,306,4.4
Texas,Texas,2021-07-01,430,1.5
Utah,Utah,2021-07-01,66,2
Vermont,Vermont,2021-07-01,28,4.3
Virginia,Virginia,2021-07-01,195,2.3
Washington,Washington,2021-07-01,209,2.7
West Virginia,West Virginia,2021-07-01,115,6.4
Wisconsin,Wisconsin,2021-07-01,158,2.7
Alabama,Alabama,2021-08-01,113,2.2
Alaska,Alaska,2021-08-01,26,3.5
Arizona,Arizona,2021-08-01,281,3.9
Arkansas,Arkansas,2021-08-01,58,1.9
California,California,2021-08-01,1007,2.6
Colorado,Colorado,2021-08-01,177,3
Connecticut,Connecticut,2021-08-01,143,4
Delaware,Delaware,2021-08-01,41,4.1
Florida,Florida,2021-08-01,684,3.1
Georgia,Georgia,2021-08-01,194,1.8
Hawaii,Hawaii,2021-08-01,17,1.2
Idaho,Idaho,2021-08-01,26,1.4
Illinois,Illinois,2021-08-01,331,2.6
Indiana,Indiana,2021-08-01,239,3.5
Iowa,Iowa,2021-08-01,43,1.3
Kansas,Kansas,2021-08-01,77,2.6
Kentucky,Kentucky,2021-08-01,203,4.5
Louisiana,Louisiana,2021-08-01,211,4.6
Maine,Maine,2021-08-01,49,3.6
Maryland,Maryland,2021-08-01,197,3.2
Massachusetts,Massachusetts,2021-08-01,233,3.3
Michigan,Michigan,2021-08-01,269,2.7
Minnesota,Minnesota,2021-08-01,132,2.3
Mississippi,Mississippi,2021-08-01,56,1.9
Missouri,Missouri,2021-08-01,194,3.1
Montana,Montana,2021-08-01,21,1.9
Nebraska,Nebraska,2021-08-01,36,1.8
Nevada,Nevada,2021-08-01,80,2.5
New Hampshire,New Hampshire,2021-08-01,37,2.7
New Jersey,New Jersey,2021-08-01,266,2.9
New Mexico,New Mexico,2021-08-01,106,5
New York,New York,2021-08-01,547,2.8
North Carolina,North Carolina,2021-08-01,317,3
North Dakota,North Dakota,2021-08-01,11,1.4
Ohio,Ohio,2021-08-01,446,3.8
Oklahoma,Oklahoma,2021-08-01,97,2.4
Oregon,Oregon,2021-08-01,96,2.3
Pennsylvania,Pennsylvania,2021-08-01,446,3.4
Rhode Island,Rhode Island,2021-08-01,44,4
South Carolina,South Carolina,2021-08-01,180,3.5
South Dakota,South Dakota,2021-08-01,10,1.1
Tennessee,Tennessee,2021-08-01,330,4.7
Texas,Texas,2021-08-01,425,1.4
Utah,Utah,2021-08-01,51,1.5
Vermont,Vermont,2021-08-01,20,3.1
Virginia,Virginia,2021-08-01,221,2.6
Washington,Washington,2021-08-01,218,2.8
West Virginia,West Virginia,2021-08-01,139,7.8
Wisconsin,Wisconsin,2021-08-01,149,2.5
Wyoming,Wyoming,2021-08-01,12,2.1
Alabama,Alabama,2021-09-01,124,2.5
Alaska,Alaska,2021-09-01,18,2.5
Arizona,Arizona,2021-09-01,222,3.1
Arkansas,Arkansas,2021-09-01,52,1.7
California,California,2021-09-01,945,2.4
Colorado,Colorado,2021-09-01,173,3
Connecticut,Connecticut,2021-09-01,140,3.9
Delaware,Delaware,2021-09-01,29,2.9
Florida,Florida,2021-09-01,646,3
Georgia,Georgia,2021-09-01,207,1.9
Hawaii,Hawaii,2021-09-01,20,1.4
Idaho,Idaho,2021-09-01,33,1.7
Illinois,Illinois,2021-09-01,304,2.4
Indiana,Indiana,2021-09-01,264,3.9
Iowa,Iowa,2021-09-01,33,1
Kansas,Kansas,2021-09-01,62,2.1
Kentucky,Kentucky,2021-09-01,215,4.8
Louisiana,Louisiana,2021-09-01,232,5
Maine,Maine,2021-09-01,57,4.1
Maryland,Maryland,2021-09-01,208,3.4
Massachusetts,Massachusetts,2021-09-01,209,3
Michigan,Michigan,2021-09-01,245,2.4
Minnesota,Minnesota,2021-09-01,106,1.9
Mississippi,Mississippi,2021-09-01,56,1.9
Missouri,Missouri,2021-09-01,173,2.8
Montana,Montana,2021-09-01,17,1.5
Nebraska,Nebraska,2021-09-01,16,0.8
Nevada,Nevada,2021-09-01,66,2.1
New Hampshire,New Hampshire,2021-09-01,44,3.2
New Jersey,New Jersey,2021-09-01,260,2.8
New Mexico,New Mexico,2021-09-01,82,3.9
New York,New York,2021-09-01,494,2.5
North Carolina,North Carolina,2021-09-01,307,2.9
North Dakota,North Dakota,2021-09-01,12,1.5
Ohio,Ohio,2021-09-01,441,3.7
Oklahoma,Oklahoma,2021-09-01,81,2
Oregon,Oregon,2021-09-01,108,2.5
Pennsylvania,Pennsylvania,2021-09-01,451,3.5
Rhode Island,Rhode Island,2021-09-01,38,3.5
South Carolina,South Carolina,2021-09-01,206,4
Tennessee,Tennessee,2021-09-01,328,4.7
Texas,Texas,2021-09-01,421,1.4
Utah,Utah,2021-09-01,50,1.5
Vermont,Vermont,2021-09-01,26,4
Virginia,Virginia,2021-09-01,224,2.6
Washington,Washington,2021-09-01,185,2.4
West Virginia,West Virginia,2021-09-01,109,6.1
Wisconsin,Wisconsin,2021-09-01,140,2.4
Alabama,Alabama,2021-10-01,110,2.2
Alaska,Alaska,2021-10-01,26,3.5
Arizona,Arizona,2021-10-01,216,3
Arkansas,Arkansas,2021-10-01,46,1.5
California,California,2021-10-01,895,2.3
Colorado,Colorado,2021-10-01,146,2.5
Connecticut,Connecticut,2021-10-01,115,3.2
Delaware,Delaware,2021-10-01,45,4.5
Florida,Florida,2021-10-01,672,3.1
Georgia,Georgia,2021-10-01,213,2
Hawaii,Hawaii,2021-10-01,35,2.4
Idaho,Idaho,2021-10-01,26,1.4
Illinois,Illinois,2021-10-01,323,2.5
Indiana,Indiana,2021-10-01,217,3.2
Iowa,Iowa,2021-10-01,30,0.9
Kansas,Kansas,2021-10-01,50,1.7
Kentucky,Kentucky,2021-10-01,195,4.3
Louisiana,Louisiana,2021-10-01,187,4
Maine,Maine,2021-10-01,63,4.6
Maryland,Maryland,2021-10-01,218,3.5
Massachusetts,Massachusetts,2021-10-01,224,3.2
Michigan,Michigan,2021-10-01,246,2.4
Minnesota,Minnesota,2021-10-01,111,1.9
Mississippi,Mississippi,2021-10-01,59,2
Missouri,Missouri,2021-10-01,175,2.8
Nebraska,Nebraska,2021-10-01,16,0.8
Nevada,Nevada,2021-10-01,73,2.3
New Hampshire,New Hampshire,2021-10-01,38,2.7
New Jersey,New Jersey,2021-10-01,275,3
New Mexico,New Mexico,2021-10-01,78,3.7
New York,New York,2021-10-01,492,2.5
North Carolina,North Carolina,2021-10-01,311,2.9
North Dakota,North Dakota,2021-10-01,13,1.7
Ohio,Ohio,2021-10-01,447,3.8
Oklahoma,Oklahoma,2021-10-01,90,2.3
Oregon,Oregon,2021-10-01,102,2.4
Pennsylvania,Pennsylvania,2021-10-01,440,3.4
Rhode Island,Rhode Island,2021-10-01,46,4.2
South Carolina,South Carolina,2021-10-01,188,3.6
South Dakota,South Dakota,2021-10-01,10,1.1
Tennessee,Tennessee,2021-10-01,333,4.8
Texas,Texas,2021-10-01,341,1.2
Utah,Utah,2021-10-01,54,1.6
Vermont,Vermont,2021-10-01,23,3.6
Virginia,Virginia,2021-10-01,221,2.6
Washington,Washington,2021-10-01,194,2.5
West Virginia,West Virginia,2021-10-01,115,6.4
Wisconsin,Wisconsin,2021-10-01,142,2.4
Alabama,Alabama,2021-11-01,86,1.7
Alaska,Alaska,2021-11-01,28,3.8
Arizona,Arizona,2021-11-01,185,2.5
Arkansas,Arkansas,2021-11-01,53,1.8
California,California,2021-11-01,858,2.2
Colorado,Colorado,2021-11-01,142,2.4
Connecticut,Connecticut,2021-11-01,130,3.6
Delaware,Delaware,2021-11-01,41,4.1
Florida,Florida,2021-11-01,618,2.8
Georgia,Georgia,2021-11-01,186,1.7
Hawaii,Hawaii,2021-11-01,20,1.4
Idaho,Idaho,2021-11-01,32,1.7
Illinois,Illinois,2021-11-01,325,2.6
Indiana,Indiana,2021-11-01,251,3.7
Iowa,Iowa,2021-11-01,30,0.9
Kansas,Kansas,2021-11-01,49,1.7
Kentucky,Kentucky,2021-11-01,170,3.8
Louisiana,Louisiana,2021-11-01,194,4.2
Maine,Maine,2021-11-01,60,4.4
Maryland,Maryland,2021-11-01,189,3.1
Massachusetts,Massachusetts,2021-11-01,196,2.8
Michigan,Michigan,2021-11-01,248,2.5
Minnesota,Minnesota,2021-11-01,114,2
Mississippi,Mississippi,2021-11-01,46,1.6
Missouri,Missouri,2021-11-01,171,2.8
Montana,Montana,2021-11-01,12,1.1
Nebraska,Nebraska,2021-11-01,12,0.6
Nevada,Nevada,2021-11-01,73,2.3
New Hampshire,New Hampshire,2021-11-01,26,1.9
New Jersey,New Jersey,2021-11-01,207,2.2
New Mexico,New Mexico,2021-11-01,76,3.6
New York,New York,2021-11-01,453,2.3
North Carolina,North Carolina,2021-11-01,301,2.8
Ohio,Ohio,2021-11-01,420,3.6
Oklahoma,Oklahoma,2021-11-01,86,2.2
Oregon,Oregon,2021-11-01,85,2
Pennsylvania,Pennsylvania,2021-11-01,391,3
Rhode Island,Rhode Island,2021-11-01,48,4.4
South Carolina,South Carolina,2021-11-01,164,3.2
South Dakota,South Dakota,2021-11-01,11,1.2
Tennessee,Tennessee,2021-11-01,303,4.3
Texas,Texas,2021-11-01,380,1.3
Utah,Utah,2021-11-01,53,1.6
Vermont,Vermont,2021-11-01,24,3.7
Virginia,Virginia,2021-11-01,194,2.2
Washington,Washington,2021-11-01,181,2.3
West Virginia,West Virginia,2021-11-01,125,7
Wisconsin,Wisconsin,2021-11-01,146,2.5
Wyoming,Wyoming,2021-11-01,14,2.4
Alabama,Alabama,2021-12-01,118,2.3
Alaska,Alaska,2021-12-01,16,2.2
Arizona,Arizona,2021-12-01,226,3.1
Arkansas,Arkansas,2021-12-01,59,1.9
California,California,2021-12-01,836,2.1
Colorado,Colorado,2021-12-01,150,2.6
Connecticut,Connecticut,2021-12-01,125,3.5
Delaware,Delaware,2021-12-01,53,5.3
Florida,Florida,2021-12-01,620,2.8
Georgia,Georgia,2021-12-01,234,2.2
Hawaii,Hawaii,2021-12-01,19,1.3
Idaho,Idaho,2021-12-01,24,1.3
Illinois,Illinois,2021-12-01,331,2.6
Indiana,Indiana,2021-12-01,219,3.2
Iowa,Iowa,2021-12-01,57,1.8
Kansas,Kansas,2021-12-01,53,1.8
Kentucky,Kentucky,2021-12-01,181,4
Louisiana,Louisiana,2021-12-01,199,4.3
Maine,Maine,2021-12-01,51,3.7
Maryland,Maryland,2021-12-01,221,3.6
Massachusetts,Massachusetts,2021-12-01,223,3.2
Michigan,Michigan,2021-12-01,249,2.5
Minnesota,Minnesota,2021-12-01,116,2
Mississippi,Mississippi,2021-12-01,56,1.9
Missouri,Missouri,2021-12-01,172,2.8
Montana,Montana,2021-12-01,17,1.5
Nebraska,Nebraska,2021-12-01,13,0.7
Nevada,Nevada,2021-12-01,79,2.5
New Hampshire,New Hampshire,2021-12-01,50,3.6
New Jersey,New Jersey,2021-12-01,223,2.4
New Mexico,New Mexico,2021-12-01,72,3.4
New York,New York,2021-12-01,492,2.5
North Carolina,North Carolina,2021-12-01,348,3.3
North Dakota,North Dakota,2021-12-01,16,2.1
Ohio,Ohio,2021-12-01,417,3.5
Oklahoma,Oklahoma,2021-12-01,88,2.2
Oregon,Oregon,2021-12-01,88,2.1
Pennsylvania,Pennsylvania,2021-12-01,410,3.2
Rhode Island,Rhode Island,2021-12-01,34,3.1
South Carolina,South Carolina,2021-12-01,177,3.4
Tennessee,Tennessee,2021-12-01,289,4.1
Texas,Texas,2021-12-01,368,1.2
Utah,Utah,2021-12-01,52,1.6
Vermont,Vermont,2021-12-01,18,2.8
Virginia,Virginia,2021-12-01,215,2.5
Washington,Washington,2021-12-01,182,2.4
West Virginia,West Virginia,2021-12-01,94,5.3
Wisconsin,Wisconsin,2021-12-01,143,2.4
Alabama,Alabama,2022-01-01,96,1.9
Alaska,Alaska,2022-01-01,11,1.5
Arizona,Arizona,2022-01-01,202,2.7
Arkansas,Arkansas,2022-01-01,54,1.8
California,California,2022-01-01,941,2.4
Colorado,Colorado,2022-01-01,168,2.9
Connecticut,Connecticut,2022-01-01,108,3
Delaware,Delaware,2022-01-01,48,4.7
Florida,Florida,2022-01-01,623,2.8
Georgia,Georgia,2022-01-01,225,2.1
Hawaii,Hawaii,2022-01-01,23,1.6
Idaho,Idaho,2022-01-01,40,2.1
Illinois,Illinois,2022-01-01,363,2.9
Indiana,Indiana,2022-01-01,233,3.4
Iowa,Iowa,2022-01-01,41,1.3
Kansas,Kansas,2022-01-01,60,2
Kentucky,Kentucky,2022-01-01,182,4
Louisiana,Louisiana,2022-01-01,232,5.1
Maine,Maine,2022-01-01,41,2.9
Maryland,Maryland,2022-01-01,233,3.8
Massachusetts,Massachusetts,2022-01-01,203,2.9
Michigan,Michigan,2022-01-01,265,2.6
Minnesota,Minnesota,2022-01-01,124,2.2
Mississippi,Mississippi,2022-01-01,62,2.1
Missouri,Missouri,2022-01-01,192,3.1
Montana,Montana,2022-01-01,18,1.6
Nebraska,Nebraska,2022-01-01,10,0.5
Nevada,Nevada,2022-01-01,81,2.6
New Hampshire,New Hampshire,2022-01-01,51,3.7
New Jersey,New Jersey,2022-01-01,292,3.1
New Mexico,New Mexico,2022-01-01,82,3.9
New York,New York,2022-01-01,522,2.6
North Carolina,North Carolina,2022-01-01,331,3.1
Ohio,Ohio,2022-01-01,425,3.6
Oklahoma,Oklahoma,2022-01-01,95,2.4
Oregon,Oregon,2022-01-01,102,2.4
Pennsylvania,Pennsylvania,2022-01-01,432,3.3
Rhode Island,Rhode Island,2022-01-01,37,3.4
South Carolina,South Carolina,2022-01-01,199,3.8
Tennessee,Tennessee,2022-01-01,273,3.9
Texas,Texas,2022-01-01,396,1.3
Utah,Utah,2022-01-01,67,2
Vermont,Vermont,2022-01-01,22,3.4
Virginia,Virginia,2022-01-01,200,2.3
Washington,Washington,2022-01-01,208,2.7
West Virginia,West Virginia,2022-01-01,119,6.7
Wisconsin,Wisconsin,2022-01-01,189,3.2
Wyoming,Wyoming,2022-01-01,11,1.9
Alabama,Alabama,2022-02-01,123,2.4
Alaska,Alaska,2022-02-01,19,2.6
Arizona,Arizona,2022-02-01,181,2.5
Arkansas,Arkansas,2022-02-01,49,1.6
California,California,2022-02-01,906,2.3
Colorado,Colorado,2022-02-01,152,2.6
Connecticut,Connecticut,2022-02-01,107,3
Delaware,Delaware,2022-02-01,38,3.7
Florida,Florida,2022-02-01,618,2.8
Georgia,Georgia,2022-02-01,202,1.8
Hawaii,Hawaii,2022-02-01,28,1.9
Idaho,Idaho,2022-02-01,19,1
Illinois,Illinois,2022-02-01,299,2.4
Indiana,Indiana,2022-02-01,258,3.8
Iowa,Iowa,2022-02-01,45,1.4
Kansas,Kansas,2022-02-01,56,1.9
Kentucky,Kentucky,2022-02-01,178,3.9
Louisiana,Louisiana,2022-02-01,200,4.4
Maine,Maine,2022-02-01,48,3.5
Maryland,Maryland,2022-02-01,212,3.4
Massachusetts,Massachusetts,2022-02-01,209,3
Michigan,Michigan,2022-02-01,228,2.3
Minnesota,Minnesota,2022-02-01,94,1.6
Mississippi,Mississippi,2022-02-01,45,1.5
Missouri,Missouri,2022-02-01,160,2.6
Montana,Montana,2022-02-01,15,1.3
Nebraska,Nebraska,2022-02-01,21,1.1
Nevada,Nevada,2022-02-01,64,2
New Hampshire,New Hampshire,2022-02-01,39,2.8
New Jersey,New Jersey,2022-02-01,235,2.5
New Mexico,New Mexico,2022-02-01,102,4.8
New York,New York,2022-02-01,450,2.3
North Carolina,North Carolina,2022-02-01,328,3.1
North Dakota,North Dakota,2022-02-01,10,1.3
Ohio,Ohio,2022-02-01,389,3.3
Oklahoma,Oklahoma,2022-02-01,100,2.5
Oregon,Oregon,2022-02-01,105,2.5
Pennsylvania,Pennsylvania,2022-02-01,383,2.9
Rhode Island,Rhode Island,2022-02-01,36,3.3
South Carolina,South Carolina,2022-02-01,190,3.6
Tennessee,Tennessee,2022-02-01,323,4.6
Texas,Texas,2022-02-01,451,1.5
Utah,Utah,2022-02-01,47,1.4
Vermont,Vermont,2022-02-01,15,2.3
Virginia,Virginia,2022-02-01,202,2.3
Washington,Washington,2022-02-01,192,2.5
West Virginia,West Virginia,2022-02-01,114,6.4
Wisconsin,Wisconsin,2022-02-01,147,2.5
Wyoming,Wyoming,2022-02-01,10,1.7
Alabama,Alabama,2022-03-01,116,2.3
Alaska,Alaska,2022-03-01,26,3.5
Arizona,Arizona,2022-03-01,215,2.9
Arkansas,Arkansas,2022-03-01,65,2.1
California,California,2022-03-01,882,2.3
Colorado,Colorado,2022-03-01,144,2.5
Connecticut,Connecticut,2022-03-01,125,3.5
Delaware,Delaware,2022-03-01,44,4.3
Florida,Florida,2022-03-01,726,3.2
Georgia,Georgia,2022-03-01,218,2
Hawaii,Hawaii,2022-03-01,21,1.5
Idaho,Idaho,2022-03-01,33,1.7
Illinois,Illinois,2022-03-01,326,2.6
Indiana,Indiana,2022-03-01,236,3.4
Iowa,Iowa,2022-03-01,47,1.5
Kansas,Kansas,2022-03-01,70,2.4
Kentucky,Kentucky,2022-03-01,184,4.1
Louisiana,Louisiana,2022-03-01,229,5
Maine,Maine,2022-03-01,65,4.7
Maryland,Maryland,2022-03-01,225,3.6
Massachusetts,Massachusetts,2022-03-01,222,3.2
Michigan,Michigan,2022-03-01,250,2.5
Minnesota,Minnesota,2022-03-01,119,2.1
Mississippi,Mississippi,2022-03-01,72,2.4
Missouri,Missouri,2022-03-01,180,2.9
Montana,Montana,2022-03-01,24,2.1
Nebraska,Nebraska,2022-03-01,21,1.1
Nevada,Nevada,2022-03-01,72,2.3
New Hampshire,New Hampshire,2022-03-01,46,3.3
New Jersey,New Jersey,2022-03-01,257,2.8
New Mexico,New Mexico,2022-03-01,87,4.1
New York,New York,2022-03-01,517,2.6
North Carolina,North Carolina,2022-03-01,367,3.4
North Dakota,North Dakota,2022-03-01,15,1.9
Ohio,Ohio,2022-03-01,453,3.8
Oklahoma,Oklahoma,2022-03-01,100,2.5
Oregon,Oregon,2022-03-01,104,2.4
Pennsylvania,Pennsylvania,2022-03-01,481,3.7
Rhode Island,Rhode Island,2022-03-01,43,3.9
South Carolina,South Carolina,2022-03-01,181,3.4
Tennessee,Tennessee,2022-03-01,364,5.2
Texas,Texas,2022-03-01,449,1.5
Utah,Utah,2022-03-01,58,1.7
Vermont,Vermont,2022-03-01,18,2.8
Virginia,Virginia,2022-03-01,221,2.5
Washington,Washington,2022-03-01,196,2.5
West Virginia,West Virginia,2022-03-01,97,5.5
Wisconsin,Wisconsin,2022-03-01,149,2.5
Wyoming,Wyoming,2022-03-01,11,1.9
Alabama,Alabama,2022-04-01,121,2.4
Alaska,Alaska,2022-04-01,16,2.2
Arizona,Arizona,2022-04-01,193,2.6
Arkansas,Arkansas,2022-04-01,44,1.4
California,California,2022-04-01,912,2.3
Colorado,Colorado,2022-04-01,140,2.4
Connecticut,Connecticut,2022-04-01,122,3.4
Delaware,Delaware,2022-04-01,41,4
Florida,Florida,2022-04-01,641,2.9
Georgia,Georgia,2022-04-01,241,2.2
Hawaii,Hawaii,2022-04-01,22,1.5
Idaho,Idaho,2022-04-01,27,1.4
Illinois,Illinois,2022-04-01,305,2.4
Indiana,Indiana,2022-04-01,190,2.8
Iowa,Iowa,2022-04-01,39,1.2
Kansas,Kansas,2022-04-01,63,2.1
Kentucky,Kentucky,2022-04-01,176,3.9
Louisiana,Louisiana,2022-04-01,208,4.5
Maine,Maine,2022-04-01,58,4.2
Maryland,Maryland,2022-04-01,187,3
Massachusetts,Massachusetts,2022-04-01,222,3.2
Michigan,Michigan,2022-04-01,237,2.4
Minnesota,Minnesota,2022-04-01,92,1.6
Mississippi,Mississippi,2022-04-01,50,1.7
Missouri,Missouri,2022-04-01,188,3
Montana,Montana,2022-04-01,15,1.3
Nebraska,Nebraska,2022-04-01,13,0.7
Nevada,Nevada,2022-04-01,74,2.3
New Hampshire,New Hampshire,2022-04-01,41,2.9
New Jersey,New Jersey,2022-04-01,239,2.6
New Mexico,New Mexico,2022-04-01,76,3.6
New York,New York,2022-04-01,493,2.5
North Carolina,North Carolina,2022-04-01,369,3.4
North Dakota,North Dakota,2022-04-01,10,1.3
Ohio,Ohio,2022-04-01,396,3.4
Oklahoma,Oklahoma,2022-04-01,82,2
Oregon,Oregon,2022-04-01,100,2.4
Pennsylvania,Pennsylvania,2022-04-01,423,3.3
Rhode Island,Rhode Island,2022-04-01,35,3.2
South Carolina,South Carolina,2022-04-01,170,3.2
Tennessee,Tennessee,2022-04-01,311,4.4
Texas,Texas,2022-04-01,426,1.4
Utah,Utah,2022-04-01,38,1.1
Vermont,Vermont,2022-04-01,21,3.2
Virginia,Virginia,2022-04-01,183,2.1
Washington,Washington,2022-04-01,189,2.4
West Virginia,West Virginia,2022-04-01,103,5.8
Wisconsin,Wisconsin,2022-04-01,161,2.7
Alabama,Alabama,2022-05-01,131,2.6
Alaska,Alaska,2022-05-01,19,2.6
Arizona,Arizona,2022-05-01,207,2.8
Arkansas,Arkansas,2022-05-01,55,1.8
California,California,2022-05-01,903,2.3
Colorado,Colorado,2022-05-01,170,2.9
Connecticut,Connecticut,2022-05-01,126,3.5
Delaware,Delaware,2022-05-01,61,6
Florida,Florida,2022-05-01,667,3
Georgia,Georgia,2022-05-01,213,1.9
Hawaii,Hawaii,2022-05-01,20,1.4
Idaho,Idaho,2022-05-01,20,1
Illinois,Illinois,2022-05-01,319,2.5
Indiana,Indiana,2022-05-01,199,2.9
Iowa,Iowa,2022-05-01,38,1.2
Kansas,Kansas,2022-05-01,55,1.9
Kentucky,Kentucky,2022-05-01,184,4.1
Louisiana,Louisiana,2022-05-01,211,4.6
Maine,Maine,2022-05-01,45,3.2
Maryland,Maryland,2022-05-01,186,3
Massachusetts,Massachusetts,2022-05-01,210,3
Michigan,Michigan,2022-05-01,232,2.3
Minnesota,Minnesota,2022-05-01,118,2.1
Mississippi,Mississippi,2022-05-01,75,2.5
Missouri,Missouri,2022-05-01,192,3.1
Montana,Montana,2022-05-01,22,2
Nebraska,Nebraska,2022-05-01,24,1.2
Nevada,Nevada,2022-05-01,80,2.5
New Hampshire,New Hampshire,2022-05-01,32,2.3
New Jersey,New Jersey,2022-05-01,233,2.5
New Mexico,New Mexico,2022-05-01,82,3.9
New York,New York,2022-05-01,543,2.8
North Carolina,North Carolina,2022-05-01,366,3.4
North Dakota,North Dakota,2022-05-01,10,1.3
Ohio,Ohio,2022-05-01,402,3.4
Oklahoma,Oklahoma,2022-05-01,90,2.2
Oregon,Oregon,2022-05-01,129,3
Pennsylvania,Pennsylvania,2022-05-01,408,3.1
Rhode Island,Rhode Island,2022-05-01,49,4.5
South Carolina,South Carolina,2022-05-01,165,3.1
Tennessee,Tennessee,2022-05-01,289,4.1
Texas,Texas,2022-05-01,454,1.5
Utah,Utah,2022-05-01,48,1.4
Vermont,Vermont,2022-05-01,24,3.7
Virginia,Virginia,2022-05-01,219,2.5
Washington,Washington,2022-05-01,208,2.7
West Virginia,West Virginia,2022-05-01,114,6.4
Wisconsin,Wisconsin,2022-05-01,161,2.7
Wyoming,Wyoming,2022-05-01,10,1.7
Alabama,Alabama,2022-06-01,111,2.2
Alaska,Alaska,2022-06-01,30,4.1
Arizona,Arizona,2022-06-01,240,3.3
Arkansas,Arkansas,2022-06-01,43,1.4
California,California,2022-06-01,908,2.3
Colorado,Colorado,2022-06-01,126,2.2
Connecticut,Connecticut,2022-06-01,118,3.3
Delaware,Delaware,2022-06-01,51,5
Florida,Florida,2022-06-01,636,2.8
Georgia,Georgia,2022-06-01,230,2.1
Hawaii,Hawaii,2022-06-01,19,1.3
Idaho,Idaho,2022-06-01,37,1.9
Illinois,Illinois,2022-06-01,287,2.3
Indiana,Indiana,2022-06-01,207,3
Iowa,Iowa,2022-06-01,38,1.2
Kansas,Kansas,2022-06-01,62,2.1
Kentucky,Kentucky,2022-06-01,202,4.5
Louisiana,Louisiana,2022-06-01,212,4.6
Maine,Maine,2022-06-01,64,4.6
Maryland,Maryland,2022-06-01,201,3.2
Massachusetts,Massachusetts,2022-06-01,228,3.2
Michigan,Michigan,2022-06-01,239,2.4
Minnesota,Minnesota,2022-06-01,121,2.1
Mississippi,Mississippi,2022-06-01,56,1.9
Missouri,Missouri,2022-06-01,178,2.9
Nebraska,Nebraska,2022-06-01,30,1.5
Nevada,Nevada,2022-06-01,96,3
New Hampshire,New Hampshire,2022-06-01,45,3.2
New Jersey,New Jersey,2022-06-01,235,2.5
New Mexico,New Mexico,2022-06-01,84,4
New York,New York,2022-06-01,547,2.8
North Carolina,North Carolina,2022-06-01,372,3.5
North Dakota,North Dakota,2022-06-01,15,1.9
Ohio,Ohio,2022-06-01,411,3.5
Oklahoma,Oklahoma,2022-06-01,105,2.6
Oregon,Oregon,2022-06-01,97,2.3
Pennsylvania,Pennsylvania,2022-06-01,438,3.4
Rhode Island,Rhode Island,2022-06-01,37,3.4
South Carolina,South Carolina,2022-06-01,192,3.6
Tennessee,Tennessee,2022-06-01,293,4.1
Texas,Texas,2022-06-01,473,1.6
Utah,Utah,2022-06-01,45,1.3
Vermont,Vermont,2022-06-01,18,2.8
Virginia,Virginia,2022-06-01,201,2.3
Washington,Washington,2022-06-01,202,2.6
West Virginia,West Virginia,2022-06-01,101,5.7
Wisconsin,Wisconsin,2022-06-01,149,2.5
Alabama,Alabama,2022-07-01,144,2.8
Alaska,Alaska,2022-07-01,20,2.7
Arizona,Arizona,2022-07-01,373,5.1
Arkansas,Arkansas,2022-07-01,52,1.7
California,California,2022-07-01,985,2.5
Colorado,Colorado,2022-07-01,154,2.6
Connecticut,Connecticut,2022-07-01,122,3.4
Delaware,Delaware,2022-07-01,39,3.8
Florida,Florida,2022-07-01,702,3.1
Georgia,Georgia,2022-07-01,221,2
Hawaii,Hawaii,2022-07-01,30,2.1
Idaho,Idaho,2022-07-01,32,1.6
Illinois,Illinois,2022-07-01,293,2.3
Indiana,Indiana,2022-07-01,253,3.7
Iowa,Iowa,2022-07-01,33,1
Kansas,Kansas,2022-07-01,68,2.3
Kentucky,Kentucky,2022-07-01,203,4.5
Louisiana,Louisiana,2022-07-01,198,4.3
Maine,Maine,2022-07-01,66,4.7
Maryland,Maryland,2022-07-01,209,3.4
Massachusetts,Massachusetts,2022-07-01,241,3.4
Michigan,Michigan,2022-07-01,256,2.5
Minnesota,Minnesota,2022-07-01,110,1.9
Mississippi,Mississippi,2022-07-01,49,1.7
Missouri,Missouri,2022-07-01,192,3.1
Montana,Montana,2022-07-01,15,1.3
Nebraska,Nebraska,2022-07-01,18,0.9
Nevada,Nevada,2022-07-01,115,3.6
New Hampshire,New Hampshire,2022-07-01,42,3
New Jersey,New Jersey,2022-07-01,222,2.4
New Mexico,New Mexico,2022-07-01,79,3.7
New York,New York,2022-07-01,574,2.9
North Carolina,North Carolina,2022-07-01,315,2.9
North Dakota,North Dakota,2022-07-01,13,1.7
Ohio,Ohio,2022-07-01,455,3.9
Oklahoma,Oklahoma,2022-07-01,109,2.7
Oregon,Oregon,2022-07-01,111,2.6
Pennsylvania,Pennsylvania,2022-07-01,460,3.5
Rhode Island,Rhode Island,2022-07-01,20,1.8
South Carolina,South Carolina,2022-07-01,213,4
Tennessee,Tennessee,2022-07-01,336,4.8
Texas,Texas,2022-07-01,515,1.7
Utah,Utah,2022-07-01,45,1.3
Vermont,Vermont,2022-07-01,35,5.4
Virginia,Virginia,2022-07-01,202,2.3
Washington,Washington,2022-07-01,241,3.1
West Virginia,West Virginia,2022-07-01,128,7.2
Wisconsin,Wisconsin,2022-07-01,152,2.6
Alabama,Alabama,2022-08-01,131,2.6
Alaska,Alaska,2022-08-01,20,2.7
Arizona,Arizona,2022-08-01,241,3.3
Arkansas,Arkansas,2022-08-01,52,1.7
California,California,2022-08-01,990,2.5
Colorado,Colorado,2022-08-01,154,2.6
Connecticut,Connecticut,2022-08-01,118,3.3
Delaware,Delaware,2022-08-01,49,4.8
Florida,Florida,2022-08-01,653,2.9
Georgia,Georgia,2022-08-01,214,2
Hawaii,Hawaii,2022-08-01,24,1.7
Idaho,Idaho,2022-08-01,33,1.7
Illinois,Illinois,2022-08-01,317,2.5
Indiana,Indiana,2022-08-01,236,3.4
Iowa,Iowa,2022-08-01,43,1.3
Kansas,Kansas,2022-08-01,67,2.3
Kentucky,Kentucky,2022-08-01,191,4.2
Louisiana,Louisiana,2022-08-01,183,4
Maine,Maine,2022-08-01,64,4.6
Maryland,Maryland,2022-08-01,189,3.1
Massachusetts,Massachusetts,2022-08-01,210,3
Michigan,Michigan,2022-08-01,242,2.4
Minnesota,Minnesota,2022-08-01,120,2.1
Mississippi,Mississippi,2022-08-01,53,1.8
Missouri,Missouri,2022-08-01,187,3
Montana,Montana,2022-08-01,17,1.5
Nebraska,Nebraska,2022-08-01,17,0.9
Nevada,Nevada,2022-08-01,78,2.5
New Hampshire,New Hampshire,2022-08-01,36,2.6
New Jersey,New Jersey,2022-08-01,261,2.8
New Mexico,New Mexico,2022-08-01,70,3.3
New York,New York,2022-08-01,549,2.8
North Carolina,North Carolina,2022-08-01,377,3.5
North Dakota,North Dakota,2022-08-01,14,1.8
Ohio,Ohio,2022-08-01,445,3.8
Oklahoma,Oklahoma,2022-08-01,98,2.4
Oregon,Oregon,2022-08-01,116,2.7
Pennsylvania,Pennsylvania,2022-08-01,445,3.4
Rhode Island,Rhode Island,2022-08-01,31,2.8
South Carolina,South Carolina,2022-08-01,189,3.6
Tennessee,Tennessee,2022-08-01,286,4
Texas,Texas,2022-08-01,478,1.6
Utah,Utah,2022-08-01,53,1.6
Vermont,Vermont,2022-08-01,23,3.5
Virginia,Virginia,2022-08-01,229,2.6
Washington,Washington,2022-08-01,254,3.3
West Virginia,West Virginia,2022-08-01,111,6.3
Wisconsin,Wisconsin,2022-08-01,145,2.5
Alabama,Alabama,2022-09-01,122,2.4
Alaska,Alaska,2022-09-01,14,1.9
Arizona,Arizona,2022-09-01,220,3
Arkansas,Arkansas,2022-09-01,32,1
California,California,2022-09-01,1019,2.6
Colorado,Colorado,2022-09-01,145,2.5
Connecticut,Connecticut,2022-09-01,131,3.6
Delaware,Delaware,2022-09-01,44,4.3
Florida,Florida,2022-09-01,612,2.7
Georgia,Georgia,2022-09-01,223,2
Hawaii,Hawaii,2022-09-01,34,2.4
Idaho,Idaho,2022-09-01,31,1.6
Illinois,Illinois,2022-09-01,308,2.4
Indiana,Indiana,2022-09-01,209,3.1
Iowa,Iowa,2022-09-01,30,0.9
Kansas,Kansas,2022-09-01,63,2.1
Kentucky,Kentucky,2022-09-01,158,3.5
Louisiana,Louisiana,2022-09-01,192,4.2
Maine,Maine,2022-09-01,54,3.9
Maryland,Maryland,2022-09-01,188,3
Massachusetts,Massachusetts,2022-09-01,209,3
Michigan,Michigan,2022-09-01,232,2.3
Minnesota,Minnesota,2022-09-01,107,1.9
Mississippi,Mississippi,2022-09-01,67,2.3
Missouri,Missouri,2022-09-01,191,3.1
Montana,Montana,2022-09-01,13,1.2
Nebraska,Nebraska,2022-09-01,13,0.7
Nevada,Nevada,2022-09-01,121,3.8
New Hampshire,New Hampshire,2022-09-01,37,2.6
New Jersey,New Jersey,2022-09-01,248,2.7
New Mexico,New Mexico,2022-09-01,82,3.9
New York,New York,2022-09-01,521,2.6
North Carolina,North Carolina,2022-09-01,367,3.4
North Dakota,North Dakota,2022-09-01,11,1.4
Ohio,Ohio,2022-09-01,400,3.4
Oklahoma,Oklahoma,2022-09-01,91,2.3
Oregon,Oregon,2022-09-01,101,2.4
Pennsylvania,Pennsylvania,2022-09-01,385,3
Rhode Island,Rhode Island,2022-09-01,35,3.2
South Carolina,South Carolina,2022-09-01,180,3.4
South Dakota,South Dakota,2022-09-01,13,1.4
Tennessee,Tennessee,2022-09-01,338,4.8
Texas,Texas,2022-09-01,479,1.6
Utah,Utah,2022-09-01,56,1.7
Vermont,Vermont,2022-09-01,18,2.8
Virginia,Virginia,2022-09-01,204,2.3
Washington,Washington,2022-09-01,206,2.6
West Virginia,West Virginia,2022-09-01,92,5.2
Wisconsin,Wisconsin,2022-09-01,130,2.2
Wyoming,Wyoming,2022-09-01,14,2.4
Alabama,Alabama,2022-10-01,135,2.7
Alaska,Alaska,2022-10-01,21,2.9
Arizona,Arizona,2022-10-01,207,2.8
Arkansas,Arkansas,2022-10-01,53,1.7
California,California,2022-10-01,888,2.3
Colorado,Colorado,2022-10-01,155,2.6
Connecticut,Connecticut,2022-10-01,143,4
Delaware,Delaware,2022-10-01,39,3.8
Florida,Florida,2022-10-01,639,2.9
Georgia,Georgia,2022-10-01,202,1.8
Hawaii,Hawaii,2022-10-01,19,1.3
Idaho,Idaho,2022-10-01,26,1.3
Illinois,Illinois,2022-10-01,307,2.4
Indiana,Indiana,2022-10-01,240,3.5
Iowa,Iowa,2022-10-01,47,1.5
Kansas,Kansas,2022-10-01,49,1.7
Kentucky,Kentucky,2022-10-01,209,4.6
Louisiana,Louisiana,2022-10-01,186,4
Maine,Maine,2022-10-01,61,4.4
Maryland,Maryland,2022-10-01,205,3.3
Massachusetts,Massachusetts,2022-10-01,250,3.6
Michigan,Michigan,2022-10-01,260,2.6
Minnesota,Minnesota,2022-10-01,128,2.2
Mississippi,Mississippi,2022-10-01,62,2.1
Missouri,Missouri,2022-10-01,182,2.9
Montana,Montana,2022-10-01,15,1.3
Nebraska,Nebraska,2022-10-01,18,0.9
Nevada,Nevada,2022-10-01,80,2.5
New Hampshire,New Hampshire,2022-10-01,38,2.7
New Jersey,New Jersey,2022-10-01,263,2.8
New Mexico,New Mexico,2022-10-01,85,4
New York,New York,2022-10-01,558,2.8
North Carolina,North Carolina,2022-10-01,352,3.3
North Dakota,North Dakota,2022-10-01,10,1.3
Ohio,Ohio,2022-10-01,472,4
Oklahoma,Oklahoma,2022-10-01,104,2.6
Oregon,Oregon,2022-10-01,116,2.7
Pennsylvania,Pennsylvania,2022-10-01,446,3.4
Rhode Island,Rhode Island,2022-10-01,44,4
South Carolina,South Carolina,2022-10-01,181,3.4
Tennessee,Tennessee,2022-10-01,335,4.7
Texas,Texas,2022-10-01,426,1.4
Utah,Utah,2022-10-01,45,1.3
Vermont,Vermont,2022-10-01,23,3.5
Virginia,Virginia,2022-10-01,213,2.5
Washington,Washington,2022-10-01,232,3
West Virginia,West Virginia,2022-10-01,120,6.8
Wisconsin,Wisconsin,2022-10-01,131,2.2
Wyoming,Wyoming,2022-10-01,10,1.7
Alabama,Alabama,2022-11-01,105,2.1
Alaska,Alaska,2022-11-01,19,2.6
Arizona,Arizona,2022-11-01,198,2.7
Arkansas,Arkansas,2022-11-01,46,1.5
California,California,2022-11-01,851,2.2
Colorado,Colorado,2022-11-01,170,2.9
Connecticut,Connecticut,2022-11-01,133,3.7
Delaware,Delaware,2022-11-01,41,4
Florida,Florida,2022-11-01,569,2.5
Georgia,Georgia,2022-11-01,223,2
Hawaii,Hawaii,2022-11-01,21,1.5
Idaho,Idaho,2022-11-01,28,1.4
Illinois,Illinois,2022-11-01,362,2.9
Indiana,Indiana,2022-11-01,192,2.8
Iowa,Iowa,2022-11-01,40,1.2
Kansas,Kansas,2022-11-01,69,2.3
Kentucky,Kentucky,2022-11-01,213,4.7
Louisiana,Louisiana,2022-11-01,171,3.7
Maine,Maine,2022-11-01,64,4.6
Maryland,Maryland,2022-11-01,245,4
Massachusetts,Massachusetts,2022-11-01,210,3
Michigan,Michigan,2022-11-01,270,2.7
Minnesota,Minnesota,2022-11-01,124,2.2
Mississippi,Mississippi,2022-11-01,42,1.4
Missouri,Missouri,2022-11-01,165,2.7
Montana,Montana,2022-11-01,14,1.2
Nebraska,Nebraska,2022-11-01,17,0.9
Nevada,Nevada,2022-11-01,94,3
New Hampshire,New Hampshire,2022-11-01,40,2.9
New Jersey,New Jersey,2022-11-01,212,2.3
New Mexico,New Mexico,2022-11-01,83,3.9
New York,New York,2022-11-01,561,2.8
North Carolina,North Carolina,2022-11-01,351,3.3
North Dakota,North Dakota,2022-11-01,10,1.3
Ohio,Ohio,2022-11-01,430,3.7
Oklahoma,Oklahoma,2022-11-01,98,2.4
Oregon,Oregon,2022-11-01,130,3.1
Pennsylvania,Pennsylvania,2022-11-01,425,3.3
Rhode Island,Rhode Island,2022-11-01,42,3.8
South Carolina,South Carolina,2022-11-01,195,3.7
Tennessee,Tennessee,2022-11-01,337,4.8
Texas,Texas,2022-11-01,393,1.3
Utah,Utah,2022-11-01,62,1.8
Vermont,Vermont,2022-11-01,18,2.8
Virginia,Virginia,2022-11-01,190,2.2
Washington,Washington,2022-11-01,272,3.5
West Virginia,West Virginia,2022-11-01,101,5.7
Wisconsin,Wisconsin,2022-11-01,124,2.1
Wyoming,Wyoming,2022-11-01,11,1.9
Alabama,Alabama,2022-12-01,116,2.3
Alaska,Alaska,2022-12-01,32,4.4
Arizona,Arizona,2022-12-01,218,3
Arkansas,Arkansas,2022-12-01,42,1.4
California,California,2022-12-01,933,2.4
Colorado,Colorado,2022-12-01,178,3
Connecticut,Connecticut,2022-12-01,120,3.3
Delaware,Delaware,2022-12-01,48,4.7
Florida,Florida,2022-12-01,589,2.6
Georgia,Georgia,2022-12-01,200,1.8
Hawaii,Hawaii,2022-12-01,20,1.4
Idaho,Idaho,2022-12-01,36,1.9
Illinois,Illinois,2022-12-01,345,2.7
Indiana,Indiana,2022-12-01,212,3.1
Iowa,Iowa,2022-12-01,31,1
Kansas,Kansas,2022-12-01,69,2.3
Kentucky,Kentucky,2022-12-01,182,4
Louisiana,Louisiana,2022-12-01,206,4.5
Maine,Maine,2022-12-01,73,5.2
Maryland,Maryland,2022-12-01,243,3.9
Massachusetts,Massachusetts,2022-12-01,220,3.1
Michigan,Michigan,2022-12-01,245,2.4
Minnesota,Minnesota,2022-12-01,130,2.3
Mississippi,Mississippi,2022-12-01,65,2.2
Missouri,Missouri,2022-12-01,199,3.2
Montana,Montana,2022-12-01,14,1.2
Nebraska,Nebraska,2022-12-01,21,1.1
Nevada,Nevada,2022-12-01,87,2.7
New Hampshire,New Hampshire,2022-12-01,36,2.6
New Jersey,New Jersey,2022-12-01,231,2.5
New Mexico,New Mexico,2022-12-01,88,4.2
New York,New York,2022-12-01,577,2.9
North Carolina,North Carolina,2022-12-01,352,3.3
North Dakota,North Dakota,2022-12-01,14,1.8
Ohio,Ohio,2022-12-01,463,3.9
Oklahoma,Oklahoma,2022-12-01,109,2.7
Oregon,Oregon,2022-12-01,174,4.1
Pennsylvania,Pennsylvania,2022-12-01,475,3.7
Rhode Island,Rhode Island,2022-12-01,39,3.5
South Carolina,South Carolina,2022-12-01,221,4.2
Tennessee,Tennessee,2022-12-01,369,5.2
Texas,Texas,2022-12-01,489,1.6
Utah,Utah,2022-12-01,64,1.9
Vermont,Vermont,2022-12-01,28,4.3
Virginia,Virginia,2022-12-01,227,2.6
Washington,Washington,2022-12-01,335,4.3
West Virginia,West Virginia,2022-12-01,118,6.7
Wisconsin,Wisconsin,2022-12-01,141,2.4
Wyoming,Wyoming,2022-12-01,12,2.1
Alabama,Alabama,2023-01-01,139,2.7
Alaska,Alaska,2023-01-01,33,4.5
Arizona,Arizona,2023-01-01,216,2.9
Arkansas,Arkansas,2023-01-01,35,1.1
California,California,2023-01-01,1038,2.6
Colorado,Colorado,2023-01-01,147,2.5
Connecticut,Connecticut,2023-01-01,108,3
Delaware,Delaware,2023-01-01,53,5.1
Florida,Florida,2023-01-01,629,2.7
Georgia,Georgia,2023-01-01,215,1.9
Hawaii,Hawaii,2023-01-01,15,1
Idaho,Idaho,2023-01-01,27,1.4
Illinois,Illinois,2023-01-01,299,2.4
Indiana,Indiana,2023-01-01,197,2.9
Iowa,Iowa,2023-01-01,36,1.1
Kansas,Kansas,2023-01-01,62,2.1
Kentucky,Kentucky,2023-01-01,180,4
Louisiana,Louisiana,2023-01-01,188,4.1
Maine,Maine,2023-01-01,53,3.8
Maryland,Maryland,2023-01-01,214,3.4
Massachusetts,Massachusetts,2023-01-01,228,3.2
Michigan,Michigan,2023-01-01,282,2.8
Minnesota,Minnesota,2023-01-01,119,2.1
Mississippi,Mississippi,2023-01-01,59,2
Missouri,Missouri,2023-01-01,183,2.9
Montana,Montana,2023-01-01,18,1.6
Nebraska,Nebraska,2023-01-01,16,0.8
Nevada,Nevada,2023-01-01,82,2.6
New Hampshire,New Hampshire,2023-01-01,39,2.8
New Jersey,New Jersey,2023-01-01,218,2.3
New Mexico,New Mexico,2023-01-01,81,3.8
New York,New York,2023-01-01,578,2.9
North Carolina,North Carolina,2023-01-01,363,3.3
North Dakota,North Dakota,2023-01-01,15,1.9
Ohio,Ohio,2023-01-01,428,3.6
Oklahoma,Oklahoma,2023-01-01,110,2.7
Oregon,Oregon,2023-01-01,143,3.4
Pennsylvania,Pennsylvania,2023-01-01,453,3.5
Rhode Island,Rhode Island,2023-01-01,46,4.2
South Carolina,South Carolina,2023-01-01,188,3.5
Tennessee,Tennessee,2023-01-01,306,4.3
Texas,Texas,2023-01-01,460,1.5
Utah,Utah,2023-01-01,68,2
Vermont,Vermont,2023-01-01,20,3.1
Virginia,Virginia,2023-01-01,227,2.6
Washington,Washington,2023-01-01,304,3.9
West Virginia,West Virginia,2023-01-01,116,6.6
Wisconsin,Wisconsin,2023-01-01,162,2.7
Wyoming,Wyoming,2023-01-01,11,1.9
Alabama,Alabama,2023-02-01,135,2.6
Alaska,Alaska,2023-02-01,25,3.4
Arizona,Arizona,2023-02-01,189,2.5
Arkansas,Arkansas,2023-02-01,46,1.5
California,California,2023-02-01,906,2.3
Colorado,Colorado,2023-02-01,145,2.5
Connecticut,Connecticut,2023-02-01,127,3.5
Delaware,Delaware,2023-02-01,45,4.3
Florida,Florida,2023-02-01,587,2.6
Georgia,Georgia,2023-02-01,198,1.8
Hawaii,Hawaii,2023-02-01,22,1.5
Idaho,Idaho,2023-02-01,39,2
Illinois,Illinois,2023-02-01,290,2.3
Indiana,Indiana,2023-02-01,184,2.7
Iowa,Iowa,2023-02-01,33,1
Kansas,Kansas,2023-02-01,49,1.7
Kentucky,Kentucky,2023-02-01,179,3.9
Louisiana,Louisiana,2023-02-01,179,3.9
Maine,Maine,2023-02-01,48,3.4
Maryland,Maryland,2023-02-01,194,3.1
Massachusetts,Massachusetts,2023-02-01,179,2.5
Michigan,Michigan,2023-02-01,233,2.3
Minnesota,Minnesota,2023-02-01,97,1.7
Mississippi,Mississippi,2023-02-01,43,1.5
Missouri,Missouri,2023-02-01,172,2.8
Montana,Montana,2023-02-01,15,1.3
Nebraska,Nebraska,2023-02-01,16,0.8
Nevada,Nevada,2023-02-01,86,2.7
New Hampshire,New Hampshire,2023-02-01,46,3.3
New Jersey,New Jersey,2023-02-01,218,2.3
New Mexico,New Mexico,2023-02-01,59,2.8
New York,New York,2023-02-01,488,2.5
North Carolina,North Carolina,2023-02-01,344,3.2
North Dakota,North Dakota,2023-02-01,11,1.4
Ohio,Ohio,2023-02-01,418,3.5
Oklahoma,Oklahoma,2023-02-01,117,2.9
Oregon,Oregon,2023-02-01,119,2.8
Pennsylvania,Pennsylvania,2023-02-01,411,3.2
Rhode Island,Rhode Island,2023-02-01,32,2.9
South Carolina,South Carolina,2023-02-01,179,3.3
Tennessee,Tennessee,2023-02-01,299,4.2
Texas,Texas,2023-02-01,443,1.4
Utah,Utah,2023-02-01,58,1.7
Vermont,Vermont,2023-02-01,22,3.4
Virginia,Virginia,2023-02-01,200,2.3
Washington,Washington,2023-02-01,235,3
West Virginia,West Virginia,2023-02-01,102,5.8
Wisconsin,Wisconsin,2023-02-01,118,2
Wyoming,Wyoming,2023-02-01,10,1.7
Alabama,Alabama,2023-03-01,149,2.9
Alaska,Alaska,2023-03-01,15,2
Arizona,Arizona,2023-03-01,230,3.1
Arkansas,Arkansas,2023-03-01,42,1.4
California,California,2023-03-01,1046,2.7
Colorado,Colorado,2023-03-01,142,2.4
Connecticut,Connecticut,2023-03-01,105,2.9
Delaware,Delaware,2023-03-01,46,4.4
Florida,Florida,2023-03-01,597,2.6
Georgia,Georgia,2023-03-01,256,2.3
Hawaii,Hawaii,2023-03-01,23,1.6
Idaho,Idaho,2023-03-01,30,1.5
Illinois,Illinois,2023-03-01,340,2.7
Indiana,Indiana,2023-03-01,188,2.7
Iowa,Iowa,2023-03-01,37,1.1
Kansas,Kansas,2023-03-01,58,2
Kentucky,Kentucky,2023-03-01,196,4.3
Louisiana,Louisiana,2023-03-01,199,4.3
Maine,Maine,2023-03-01,40,2.9
Maryland,Maryland,2023-03-01,202,3.2
Massachusetts,Massachusetts,2023-03-01,205,2.9
Michigan,Michigan,2023-03-01,292,2.9
Minnesota,Minnesota,2023-03-01,117,2
Mississippi,Mississippi,2023-03-01,54,1.8
Missouri,Missouri,2023-03-01,213,3.4
Montana,Montana,2023-03-01,16,1.4
Nebraska,Nebraska,2023-03-01,15,0.8
Nevada,Nevada,2023-03-01,140,4.4
New Hampshire,New Hampshire,2023-03-01,47,3.4
New Jersey,New Jersey,2023-03-01,233,2.5
New Mexico,New Mexico,2023-03-01,85,4
New York,New York,2023-03-01,540,2.7
North Carolina,North Carolina,2023-03-01,389,3.6
Ohio,Ohio,2023-03-01,419,3.5
Oklahoma,Oklahoma,2023-03-01,121,3
Oregon,Oregon,2023-03-01,150,3.5
Pennsylvania,Pennsylvania,2023-03-01,444,3.4
Rhode Island,Rhode Island,2023-03-01,37,3.4
South Carolina,South Carolina,2023-03-01,217,4
Tennessee,Tennessee,2023-03-01,355,5
Texas,Texas,2023-03-01,502,1.6
Utah,Utah,2023-03-01,46,1.3
Vermont,Vermont,2023-03-01,17,2.6
Virginia,Virginia,2023-03-01,234,2.7
Washington,Washington,2023-03-01,307,3.9
West Virginia,West Virginia,2023-03-01,138,7.8
Wisconsin,Wisconsin,2023-03-01,163,2.7
Wyoming,Wyoming,2023-03-01,10,1.7
Alabama,Alabama,2023-04-01,120,2.3
Alaska,Alaska,2023-04-01,27,3.7
Arizona,Arizona,2023-04-01,214,2.9
Arkansas,Arkansas,2023-04-01,54,1.8
California,California,2023-04-01,984,2.5
Colorado,Colorado,2023-04-01,164,2.8
Connecticut,Connecticut,2023-04-01,114,3.1
Delaware,Delaware,2023-04-01,47,4.5
Florida,Florida,2023-04-01,627,2.7
Georgia,Georgia,2023-04-01,224,2
Hawaii,Hawaii,2023-04-01,32,2.2
Idaho,Idaho,2023-04-01,34,1.7
Illinois,Illinois,2023-04-01,307,2.4
Indiana,Indiana,2023-04-01,190,2.8
Iowa,Iowa,2023-04-01,43,1.3
Kansas,Kansas,2023-04-01,46,1.6
Kentucky,Kentucky,2023-04-01,194,4.3
Louisiana,Louisiana,2023-04-01,191,4.2
Maine,Maine,2023-04-01,62,4.4
Maryland,Maryland,2023-04-01,212,3.4
Massachusetts,Massachusetts,2023-04-01,182,2.6
Michigan,Michigan,2023-04-01,269,2.7
Minnesota,Minnesota,2023-04-01,117,2
Mississippi,Mississippi,2023-04-01,45,1.5
Missouri,Missouri,2023-04-01,178,2.9
Montana,Montana,2023-04-01,11,1
Nebraska,Nebraska,2023-04-01,11,0.6
Nevada,Nevada,2023-04-01,125,3.9
New Hampshire,New Hampshire,2023-04-01,30,2.1
New Jersey,New Jersey,2023-04-01,251,2.7
New Mexico,New Mexico,2023-04-01,91,4.3
New York,New York,2023-04-01,607,3.1
North Carolina,North Carolina,2023-04-01,356,3.3
North Dakota,North Dakota,2023-04-01,11,1.4
Ohio,Ohio,2023-04-01,457,3.9
Oklahoma,Oklahoma,2023-04-01,103,2.5
Oregon,Oregon,2023-04-01,135,3.2
Pennsylvania,Pennsylvania,2023-04-01,411,3.2
Rhode Island,Rhode Island,2023-04-01,38,3.4
South Carolina,South Carolina,2023-04-01,177,3.3
Tennessee,Tennessee,2023-04-01,322,4.5
Texas,Texas,2023-04-01,458,1.5
Utah,Utah,2023-04-01,61,1.8
Vermont,Vermont,2023-04-01,30,4.6
Virginia,Virginia,2023-04-01,205,2.3
Washington,Washington,2023-04-01,311,4
West Virginia,West Virginia,2023-04-01,131,7.4
Wisconsin,Wisconsin,2023-04-01,156,2.6
Wyoming,Wyoming,2023-04-01,12,2.1
Alabama,Alabama,2023-05-01,159,3.1
Alaska,Alaska,2023-05-01,32,4.3
Arizona,Arizona,2023-05-01,227,3
Arkansas,Arkansas,2023-05-01,52,1.7
California,California,2023-05-01,1058,2.7
Colorado,Colorado,2023-05-01,181,3.1
Connecticut,Connecticut,2023-05-01,129,3.5
Delaware,Delaware,2023-05-01,42,4.1
Florida,Florida,2023-05-01,610,2.7
Georgia,Georgia,2023-05-01,233,2.1
Hawaii,Hawaii,2023-05-01,31,2.2
Idaho,Idaho,2023-05-01,31,1.6
Illinois,Illinois,2023-05-01,334,2.6
Indiana,Indiana,2023-05-01,187,2.7
Iowa,Iowa,2023-05-01,44,1.4
Kansas,Kansas,2023-05-01,55,1.9
Kentucky,Kentucky,2023-05-01,196,4.3
Louisiana,Louisiana,2023-05-01,199,4.3
Maine,Maine,2023-05-01,45,3.2
Maryland,Maryland,2023-05-01,214,3.4
Massachusetts,Massachusetts,2023-05-01,239,3.4
Michigan,Michigan,2023-05-01,241,2.4
Minnesota,Minnesota,2023-05-01,109,1.9
Mississippi,Mississippi,2023-05-01,50,1.7
Missouri,Missouri,2023-05-01,175,2.8
Montana,Montana,2023-05-01,18,1.6
Nebraska,Nebraska,2023-05-01,16,0.8
Nevada,Nevada,2023-05-01,100,3.1
New Hampshire,New Hampshire,2023-05-01,37,2.6
New Jersey,New Jersey,2023-05-01,264,2.8
New Mexico,New Mexico,2023-05-01,79,3.7
New York,New York,2023-05-01,546,2.8
North Carolina,North Carolina,2023-05-01,422,3.9
North Dakota,North Dakota,2023-05-01,12,1.5
Ohio,Ohio,2023-05-01,419,3.5
Oklahoma,Oklahoma,2023-05-01,128,3.1
Oregon,Oregon,2023-05-01,142,3.3
Pennsylvania,Pennsylvania,2023-05-01,457,3.5
Rhode Island,Rhode Island,2023-05-01,35,3.2
South Carolina,South Carolina,2023-05-01,202,3.7
South Dakota,South Dakota,2023-05-01,10,1.1
Tennessee,Tennessee,2023-05-01,330,4.6
Texas,Texas,2023-05-01,473,1.5
Utah,Utah,2023-05-01,49,1.4
Vermont,Vermont,2023-05-01,14,2.2
Virginia,Virginia,2023-05-01,231,2.6
Washington,Washington,2023-05-01,300,3.8
West Virginia,West Virginia,2023-05-01,118,6.7
Wisconsin,Wisconsin,2023-05-01,162,2.7
Wyoming,Wyoming,2023-05-01,10,1.7
Alabama,Alabama,2023-06-01,136,2.7
Alaska,Alaska,2023-06-01,29,3.9
Arizona,Arizona,2023-06-01,190,2.5
Arkansas,Arkansas,2023-06-01,41,1.3
California,California,2023-06-01,934,2.4
Colorado,Colorado,2023-06-01,161,2.7
Connecticut,Connecticut,2023-06-01,110,3
Delaware,Delaware,2023-06-01,42,4.1
Florida,Florida,2023-06-01,598,2.6
Georgia,Georgia,2023-06-01,207,1.9
Hawaii,Hawaii,2023-06-01,39,2.7
Idaho,Idaho,2023-06-01,34,1.7
Illinois,Illinois,2023-06-01,300,2.4
Indiana,Indiana,2023-06-01,168,2.4
Iowa,Iowa,2023-06-01,38,1.2
Kansas,Kansas,2023-06-01,70,2.4
Kentucky,Kentucky,2023-06-01,168,3.7
Louisiana,Louisiana,2023-06-01,207,4.5
Maine,Maine,2023-06-01,56,4
Maryland,Maryland,2023-06-01,222,3.6
Massachusetts,Massachusetts,2023-06-01,215,3
Michigan,Michigan,2023-06-01,221,2.2
Minnesota,Minnesota,2023-06-01,131,2.3
Mississippi,Mississippi,2023-06-01,55,1.9
Missouri,Missouri,2023-06-01,150,2.4
Montana,Montana,2023-06-01,20,1.8
Nebraska,Nebraska,2023-06-01,13,0.7
Nevada,Nevada,2023-06-01,96,3
New Hampshire,New Hampshire,2023-06-01,35,2.5
New Jersey,New Jersey,2023-06-01,233,2.5
New Mexico,New Mexico,2023-06-01,100,4.7
New York,New York,2023-06-01,557,2.8
North Carolina,North Carolina,2023-06-01,321,3
North Dakota,North Dakota,2023-06-01,16,2
Ohio,Ohio,2023-06-01,404,3.4
Oklahoma,Oklahoma,2023-06-01,89,2.2
Oregon,Oregon,2023-06-01,160,3.8
Pennsylvania,Pennsylvania,2023-06-01,388,3
Rhode Island,Rhode Island,2023-06-01,31,2.8
South Carolina,South Carolina,2023-06-01,210,3.9
Tennessee,Tennessee,2023-06-01,300,4.2
Texas,Texas,2023-06-01,482,1.6
Utah,Utah,2023-06-01,63,1.8
Vermont,Vermont,2023-06-01,17,2.6
Virginia,Virginia,2023-06-01,235,2.7
Washington,Washington,2023-06-01,288,3.7
West Virginia,West Virginia,2023-06-01,108,6.1
Wisconsin,Wisconsin,2023-06-01,155,2.6
Wyoming,Wyoming,2023-06-01,11,1.9
Alabama,Alabama,2023-07-01,155,3
Alaska,Alaska,2023-07-01,20,2.7
Arizona,Arizona,2023-07-01,386,5.2
Arkansas,Arkansas,2023-07-01,42,1.4
California,California,2023-07-01,1118,2.9
Colorado,Colorado,2023-07-01,171,2.9
Connecticut,Connecticut,2023-07-01,117,3.2
Delaware,Delaware,2023-07-01,57,5.5
Florida,Florida,2023-07-01,669,2.9
Georgia,Georgia,2023-07-01,208,1.9
Hawaii,Hawaii,2023-07-01,36,2.5
Idaho,Idaho,2023-07-01,30,1.5
Illinois,Illinois,2023-07-01,252,2
Indiana,Indiana,2023-07-01,200,2.9
Iowa,Iowa,2023-07-01,46,1.4
Kansas,Kansas,2023-07-01,56,1.9
Kentucky,Kentucky,2023-07-01,164,3.6
Louisiana,Louisiana,2023-07-01,199,4.3
Maine,Maine,2023-07-01,48,3.4
Maryland,Maryland,2023-07-01,211,3.4
Massachusetts,Massachusetts,2023-07-01,194,2.7
Michigan,Michigan,2023-07-01,246,2.4
Minnesota,Minnesota,2023-07-01,105,1.8
Mississippi,Mississippi,2023-07-01,48,1.6
Missouri,Missouri,2023-07-01,151,2.4
Montana,Montana,2023-07-01,12,1.1
Nebraska,Nebraska,2023-07-01,20,1
Nevada,Nevada,2023-07-01,162,5
New Hampshire,New Hampshire,2023-07-01,39,2.8
New Jersey,New Jersey,2023-07-01,228,2.4
New Mexico,New Mexico,2023-07-01,99,4.7
New York,New York,2023-07-01,531,2.7
North Carolina,North Carolina,2023-07-01,271,2.5
North Dakota,North Dakota,2023-07-01,11,1.4
Ohio,Ohio,2023-07-01,437,3.7
Oklahoma,Oklahoma,2023-07-01,99,2.4
Oregon,Oregon,2023-07-01,189,4.4
Pennsylvania,Pennsylvania,2023-07-01,415,3.2
Rhode Island,Rhode Island,2023-07-01,36,3.3
South Carolina,South Carolina,2023-07-01,169,3.1
Tennessee,Tennessee,2023-07-01,269,3.8
Texas,Texas,2023-07-01,524,1.7
Utah,Utah,2023-07-01,38,1.1
Vermont,Vermont,2023-07-01,23,3.5
Virginia,Virginia,2023-07-01,219,2.5
Washington,Washington,2023-07-01,320,4.1
West Virginia,West Virginia,2023-07-01,118,6.7
Wisconsin,Wisconsin,2023-07-01,168,2.8
Alabama,Alabama,2023-08-01,117,2.3
Alaska,Alaska,2023-08-01,29,3.9
Arizona,Arizona,2023-08-01,266,3.6
Arkansas,Arkansas,2023-08-01,53,1.7
California,California,2023-08-01,1005,2.6
Colorado,Colorado,2023-08-01,173,2.9
Connecticut,Connecticut,2023-08-01,113,3.1
Delaware,Delaware,2023-08-01,46,4.4
Florida,Florida,2023-08-01,631,2.8
Georgia,Georgia,2023-08-01,210,1.9
Hawaii,Hawaii,2023-08-01,42,2.9
Idaho,Idaho,2023-08-01,23,1.2
Illinois,Illinois,2023-08-01,309,2.4
Indiana,Indiana,2023-08-01,209,3
Iowa,Iowa,2023-08-01,36,1.1
Kansas,Kansas,2023-08-01,50,1.7
Kentucky,Kentucky,2023-08-01,182,4
Louisiana,Louisiana,2023-08-01,211,4.6
Maine,Maine,2023-08-01,39,2.8
Maryland,Maryland,2023-08-01,198,3.2
Massachusetts,Massachusetts,2023-08-01,204,2.9
Michigan,Michigan,2023-08-01,241,2.4
Minnesota,Minnesota,2023-08-01,110,1.9
Mississippi,Mississippi,2023-08-01,57,1.9
Missouri,Missouri,2023-08-01,182,2.9
Montana,Montana,2023-08-01,12,1.1
Nebraska,Nebraska,2023-08-01,16,0.8
Nevada,Nevada,2023-08-01,137,4.3
New Hampshire,New Hampshire,2023-08-01,31,2.2
New Jersey,New Jersey,2023-08-01,252,2.7
New Mexico,New Mexico,2023-08-01,90,4.2
New York,New York,2023-08-01,576,2.9
North Carolina,North Carolina,2023-08-01,274,2.5
North Dakota,North Dakota,2023-08-01,11,1.4
Ohio,Ohio,2023-08-01,418,3.5
Oklahoma,Oklahoma,2023-08-01,100,2.5
Oregon,Oregon,2023-08-01,170,4
Pennsylvania,Pennsylvania,2023-08-01,358,2.8
Rhode Island,Rhode Island,2023-08-01,27,2.4
South Carolina,South Carolina,2023-08-01,174,3.2
Tennessee,Tennessee,2023-08-01,326,4.6
Texas,Texas,2023-08-01,585,1.9
Utah,Utah,2023-08-01,53,1.5
Vermont,Vermont,2023-08-01,27,4.2
Virginia,Virginia,2023-08-01,209,2.4
Washington,Washington,2023-08-01,282,3.6
West Virginia,West Virginia,2023-08-01,121,6.8
Wisconsin,Wisconsin,2023-08-01,140,2.4
Alabama,Alabama,2023-09-01,112,2.2
Alaska,Alaska,2023-09-01,35,4.8
Arizona,Arizona,2023-09-01,192,2.6
Arkansas,Arkansas,2023-09-01,39,1.3
California,California,2023-09-01,875,2.2
Colorado,Colorado,2023-09-01,149,2.5
Connecticut,Connecticut,2023-09-01,111,3
Delaware,Delaware,2023-09-01,39,3.8
Florida,Florida,2023-09-01,551,2.4
Georgia,Georgia,2023-09-01,193,1.7
Hawaii,Hawaii,2023-09-01,24,1.7
Idaho,Idaho,2023-09-01,32,1.6
Illinois,Illinois,2023-09-01,274,2.2
Indiana,Indiana,2023-09-01,172,2.5
Iowa,Iowa,2023-09-01,43,1.3
Kansas,Kansas,2023-09-01,50,1.7
Kentucky,Kentucky,2023-09-01,163,3.6
Louisiana,Louisiana,2023-09-01,187,4.1
Maine,Maine,2023-09-01,53,3.8
Maryland,Maryland,2023-09-01,177,2.8
Massachusetts,Massachusetts,2023-09-01,192,2.7
Michigan,Michigan,2023-09-01,226,2.2
Minnesota,Minnesota,2023-09-01,110,1.9
Mississippi,Mississippi,2023-09-01,51,1.7
Missouri,Missouri,2023-09-01,155,2.5
Montana,Montana,2023-09-01,10,0.9
Nebraska,Nebraska,2023-09-01,11,0.6
Nevada,Nevada,2023-09-01,116,3.6
New Hampshire,New Hampshire,2023-09-01,47,3.4
New Jersey,New Jersey,2023-09-01,186,2
New Mexico,New Mexico,2023-09-01,67,3.2
New York,New York,2023-09-01,471,2.4
North Carolina,North Carolina,2023-09-01,228,2.1
Ohio,Ohio,2023-09-01,343,2.9
Oklahoma,Oklahoma,2023-09-01,99,2.4
Oregon,Oregon,2023-09-01,154,3.6
Pennsylvania,Pennsylvania,2023-09-01,341,2.6
Rhode Island,Rhode Island,2023-09-01,34,3.1
South Carolina,South Carolina,2023-09-01,156,2.9
South Dakota,South Dakota,2023-09-01,10,1.1
Tennessee,Tennessee,2023-09-01,322,4.5
Texas,Texas,2023-09-01,440,1.4
Utah,Utah,2023-09-01,59,1.7
Vermont,Vermont,2023-09-01,18,2.8
Virginia,Virginia,2023-09-01,172,2
Washington,Washington,2023-09-01,288,3.7
West Virginia,West Virginia,2023-09-01,110,6.2
Wisconsin,Wisconsin,2023-09-01,132,2.2
Wyoming,Wyoming,2023-09-01,13,2.2
Alabama,Alabama,2023-10-01,125,2.4
Alaska,Alaska,2023-10-01,26,3.5
Arizona,Arizona,2023-10-01,189,2.5
Arkansas,Arkansas,2023-10-01,37,1.2
California,California,2023-10-01,873,2.2
Colorado,Colorado,2023-10-01,160,2.7
Connecticut,Connecticut,2023-10-01,89,2.4
Delaware,Delaware,2023-10-01,39,3.8
Florida,Florida,2023-10-01,557,2.4
Georgia,Georgia,2023-10-01,178,1.6
Hawaii,Hawaii,2023-10-01,13,0.9
Idaho,Idaho,2023-10-01,31,1.6
Illinois,Illinois,2023-10-01,289,2.3
Indiana,Indiana,2023-10-01,171,2.5
Iowa,Iowa,2023-10-01,18,0.6
Kansas,Kansas,2023-10-01,46,1.6
Kentucky,Kentucky,2023-10-01,151,3.3
Louisiana,Louisiana,2023-10-01,151,3.3
Maine,Maine,2023-10-01,53,3.8
Maryland,Maryland,2023-10-01,230,3.7
Massachusetts,Massachusetts,2023-10-01,170,2.4
Michigan,Michigan,2023-10-01,223,2.2
Minnesota,Minnesota,2023-10-01,103,1.8
Mississippi,Mississippi,2023-10-01,46,1.6
Missouri,Missouri,2023-10-01,175,2.8
Montana,Montana,2023-10-01,21,1.9
Nebraska,Nebraska,2023-10-01,11,0.6
Nevada,Nevada,2023-10-01,111,3.5
New Hampshire,New Hampshire,2023-10-01,26,1.9
New Jersey,New Jersey,2023-10-01,209,2.2
New Mexico,New Mexico,2023-10-01,80,3.8
New York,New York,2023-10-01,518,2.6
North Carolina,North Carolina,2023-10-01,165,1.5
Ohio,Ohio,2023-10-01,357,3
Oklahoma,Oklahoma,2023-10-01,100,2.5
Oregon,Oregon,2023-10-01,175,4.1
Pennsylvania,Pennsylvania,2023-10-01,393,3
Rhode Island,Rhode Island,2023-10-01,27,2.4
South Carolina,South Carolina,2023-10-01,180,3.3
Tennessee,Tennessee,2023-10-01,285,4
Texas,Texas,2023-10-01,418,1.4
Utah,Utah,2023-10-01,46,1.3
Vermont,Vermont,2023-10-01,24,3.7
Virginia,Virginia,2023-10-01,183,2.1
Washington,Washington,2023-10-01,277,3.5
West Virginia,West Virginia,2023-10-01,102,5.8
Wisconsin,Wisconsin,2023-10-01,130,2.2
Wyoming,Wyoming,2023-10-01,11,1.9
Alabama,Alabama,2023-11-01,120,2.3
Alaska,Alaska,2023-11-01,32,4.3
Arizona,Arizona,2023-11-01,192,2.6
Arkansas,Arkansas,2023-11-01,36,1.2
California,California,2023-11-01,798,2
Colorado,Colorado,2023-11-01,180,3.1
Connecticut,Connecticut,2023-11-01,106,2.9
Delaware,Delaware,2023-11-01,38,3.7
Florida,Florida,2023-11-01,499,2.2
Georgia,Georgia,2023-11-01,211,1.9
Hawaii,Hawaii,2023-11-01,22,1.5
Idaho,Idaho,2023-11-01,38,1.9
Illinois,Illinois,2023-11-01,269,2.1
Indiana,Indiana,2023-11-01,166,2.4
Iowa,Iowa,2023-11-01,37,1.1
Kansas,Kansas,2023-11-01,44,1.5
Kentucky,Kentucky,2023-11-01,154,3.4
Louisiana,Louisiana,2023-11-01,155,3.4
Maine,Maine,2023-11-01,47,3.4
Maryland,Maryland,2023-11-01,204,3.3
Massachusetts,Massachusetts,2023-11-01,176,2.5
Michigan,Michigan,2023-11-01,186,1.8
Minnesota,Minnesota,2023-11-01,103,1.8
Mississippi,Mississippi,2023-11-01,66,2.2
Missouri,Missouri,2023-11-01,144,2.3
Montana,Montana,2023-11-01,15,1.3
Nevada,Nevada,2023-11-01,103,3.2
New Hampshire,New Hampshire,2023-11-01,25,1.8
New Jersey,New Jersey,2023-11-01,187,2
New Mexico,New Mexico,2023-11-01,75,3.5
New York,New York,2023-11-01,463,2.3
North Carolina,North Carolina,2023-11-01,173,1.6
Ohio,Ohio,2023-11-01,318,2.7
Oklahoma,Oklahoma,2023-11-01,102,2.5
Oregon,Oregon,2023-11-01,131,3.1
Pennsylvania,Pennsylvania,2023-11-01,327,2.5
Rhode Island,Rhode Island,2023-11-01,38,3.4
South Carolina,South Carolina,2023-11-01,127,2.4
Tennessee,Tennessee,2023-11-01,281,3.9
Texas,Texas,2023-11-01,414,1.3
Utah,Utah,2023-11-01,64,1.9
Vermont,Vermont,2023-11-01,11,1.7
Virginia,Virginia,2023-11-01,171,2
Washington,Washington,2023-11-01,281,3.6
West Virginia,West Virginia,2023-11-01,101,5.7
Wisconsin,Wisconsin,2023-11-01,131,2.2
Wyoming,Wyoming,2023-11-01,13,2.2
Alabama,Alabama,2023-12-01,129,2.5
Alaska,Alaska,2023-12-01,52,7.1
Arizona,Arizona,2023-12-01,161,2.2
Arkansas,Arkansas,2023-12-01,32,1
California,California,2023-12-01,865,2.2
Colorado,Colorado,2023-12-01,147,2.5
Connecticut,Connecticut,2023-12-01,98,2.7
Delaware,Delaware,2023-12-01,33,3.2
Florida,Florida,2023-12-01,537,2.3
Georgia,Georgia,2023-12-01,173,1.6
Hawaii,Hawaii,2023-12-01,20,1.4
Idaho,Idaho,2023-12-01,18,0.9
Illinois,Illinois,2023-12-01,261,2.1
Indiana,Indiana,2023-12-01,159,2.3
Iowa,Iowa,2023-12-01,36,1.1
Kansas,Kansas,2023-12-01,48,1.6
Kentucky,Kentucky,2023-12-01,165,3.6
Louisiana,Louisiana,2023-12-01,177,3.9
Maine,Maine,2023-12-01,46,3.3
Maryland,Maryland,2023-12-01,215,3.5
Massachusetts,Massachusetts,2023-12-01,190,2.7
Michigan,Michigan,2023-12-01,207,2.1
Minnesota,Minnesota,2023-12-01,107,1.9
Mississippi,Mississippi,2023-12-01,55,1.9
Missouri,Missouri,2023-12-01,134,2.2
Montana,Montana,2023-12-01,16,1.4
Nebraska,Nebraska,2023-12-01,18,0.9
Nevada,Nevada,2023-12-01,109,3.4
New Hampshire,New Hampshire,2023-12-01,26,1.9
New Jersey,New Jersey,2023-12-01,175,1.9
New Mexico,New Mexico,2023-12-01,81,3.8
New York,New York,2023-12-01,521,2.6
North Carolina,North Carolina,2023-12-01,166,1.5
Ohio,Ohio,2023-12-01,323,2.7
Oklahoma,Oklahoma,2023-12-01,87,2.1
Oregon,Oregon,2023-12-01,151,3.5
Pennsylvania,Pennsylvania,2023-12-01,337,2.6
Rhode Island,Rhode Island,2023-12-01,34,3.1
South Carolina,South Carolina,2023-12-01,165,3.1
Tennessee,Tennessee,2023-12-01,275,3.8
Texas,Texas,2023-12-01,410,1.3
Utah,Utah,2023-12-01,68,2
Vermont,Vermont,2023-12-01,23,3.5
Virginia,Virginia,2023-12-01,163,1.9
Washington,Washington,2023-12-01,300,3.8
West Virginia,West Virginia,2023-12-01,124,7
Wisconsin,Wisconsin,2023-12-01,121,2
Alabama,Alabama,2024-01-01,113,2.2
Alaska,Alaska,2024-01-01,40,5.4
Arizona,Arizona,2024-01-01,179,2.4
Arkansas,Arkansas,2024-01-01,34,1.1
California,California,2024-01-01,879,2.2
Colorado,Colorado,2024-01-01,155,2.6
Connecticut,Connecticut,2024-01-01,103,2.8
Delaware,Delaware,2024-01-01,37,3.5
Florida,Florida,2024-01-01,553,2.4
Georgia,Georgia,2024-01-01,204,1.8
Hawaii,Hawaii,2024-01-01,37,2.6
Idaho,Idaho,2024-01-01,29,1.4
Illinois,Illinois,2024-01-01,224,1.8
Indiana,Indiana,2024-01-01,171,2.5
Iowa,Iowa,2024-01-01,38,1.2
Kansas,Kansas,2024-01-01,49,1.6
Kentucky,Kentucky,2024-01-01,148,3.2
Louisiana,Louisiana,2024-01-01,138,3
Maine,Maine,2024-01-01,43,3.1
Maryland,Maryland,2024-01-01,185,3
Massachusetts,Massachusetts,2024-01-01,162,2.3
Michigan,Michigan,2024-01-01,204,2
Minnesota,Minnesota,2024-01-01,102,1.8
Mississippi,Mississippi,2024-01-01,50,1.7
Missouri,Missouri,2024-01-01,154,2.5
Montana,Montana,2024-01-01,14,1.2
Nebraska,Nebraska,2024-01-01,10,0.5
Nevada,Nevada,2024-01-01,123,3.8
New Hampshire,New Hampshire,2024-01-01,40,2.8
New Jersey,New Jersey,2024-01-01,200,2.1
New Mexico,New Mexico,2024-01-01,61,2.9
New York,New York,2024-01-01,473,2.4
North Carolina,North Carolina,2024-01-01,326,3
North Dakota,North Dakota,2024-01-01,12,1.5
Ohio,Ohio,2024-01-01,301,2.5
Oklahoma,Oklahoma,2024-01-01,104,2.5
Oregon,Oregon,2024-01-01,185,4.3
Pennsylvania,Pennsylvania,2024-01-01,337,2.6
Rhode Island,Rhode Island,2024-01-01,41,3.7
South Carolina,South Carolina,2024-01-01,159,2.9
Tennessee,Tennessee,2024-01-01,289,4
Texas,Texas,2024-01-01,447,1.4
Utah,Utah,2024-01-01,57,1.6
Vermont,Vermont,2024-01-01,21,3.2
Virginia,Virginia,2024-01-01,147,1.7
Washington,Washington,2024-01-01,295,3.7
West Virginia,West Virginia,2024-01-01,79,4.5
Wisconsin,Wisconsin,2024-01-01,120,2
Wyoming,Wyoming,2024-01-01,10,1.7
Alabama,Alabama,2024-02-01,107,2.1
Alaska,Alaska,2024-02-01,37,5
Arizona,Arizona,2024-02-01,172,2.3
Arkansas,Arkansas,2024-02-01,26,0.8
California,California,2024-02-01,809,2.1
Colorado,Colorado,2024-02-01,144,2.4
Connecticut,Connecticut,2024-02-01,90,2.4
Delaware,Delaware,2024-02-01,38,3.6
Florida,Florida,2024-02-01,482,2.1
Georgia,Georgia,2024-02-01,166,1.5
Hawaii,Hawaii,2024-02-01,15,1
Idaho,Idaho,2024-02-01,29,1.4
Illinois,Illinois,2024-02-01,216,1.7
Indiana,Indiana,2024-02-01,148,2.1
Iowa,Iowa,2024-02-01,44,1.4
Kansas,Kansas,2024-02-01,45,1.5
Kentucky,Kentucky,2024-02-01,143,3.1
Louisiana,Louisiana,2024-02-01,139,3
Maine,Maine,2024-02-01,43,3.1
Maryland,Maryland,2024-02-01,173,2.8
Massachusetts,Massachusetts,2024-02-01,134,1.9
Michigan,Michigan,2024-02-01,174,1.7
Minnesota,Minnesota,2024-02-01,83,1.4
Mississippi,Mississippi,2024-02-01,53,1.8
Missouri,Missouri,2024-02-01,163,2.6
Montana,Montana,2024-02-01,12,1.1
Nebraska,Nebraska,2024-02-01,12,0.6
Nevada,Nevada,2024-02-01,113,3.5
New Hampshire,New Hampshire,2024-02-01,33,2.3
New Jersey,New Jersey,2024-02-01,176,1.9
New Mexico,New Mexico,2024-02-01,65,3.1
New York,New York,2024-02-01,462,2.3
North Carolina,North Carolina,2024-02-01,255,2.3
North Dakota,North Dakota,2024-02-01,17,2.1
Ohio,Ohio,2024-02-01,276,2.3
Oklahoma,Oklahoma,2024-02-01,102,2.5
Oregon,Oregon,2024-02-01,130,3
Pennsylvania,Pennsylvania,2024-02-01,311,2.4
Rhode Island,Rhode Island,2024-02-01,33,3
South Carolina,South Carolina,2024-02-01,133,2.4
South Dakota,South Dakota,2024-02-01,11,1.2
Tennessee,Tennessee,2024-02-01,247,3.4
Texas,Texas,2024-02-01,437,1.4
Utah,Utah,2024-02-01,57,1.6
Vermont,Vermont,2024-02-01,19,2.9
Virginia,Virginia,2024-02-01,156,1.8
Washington,Washington,2024-02-01,304,3.8
West Virginia,West Virginia,2024-02-01,80,4.5
Wisconsin,Wisconsin,2024-02-01,114,1.9
Alabama,Alabama,2024-03-01,116,2.2
Alaska,Alaska,2024-03-01,27,3.6
Arizona,Arizona,2024-03-01,202,2.7
Arkansas,Arkansas,2024-03-01,45,1.5
California,California,2024-03-01,846,2.1
Colorado,Colorado,2024-03-01,141,2.4
Connecticut,Connecticut,2024-03-01,103,2.8
Delaware,Delaware,2024-03-01,35,3.3
Florida,Florida,2024-03-01,521,2.2
Georgia,Georgia,2024-03-01,170,1.5
Hawaii,Hawaii,2024-03-01,25,1.7
Idaho,Idaho,2024-03-01,39,1.9
Illinois,Illinois,2024-03-01,236,1.9
Indiana,Indiana,2024-03-01,160,2.3
Iowa,Iowa,2024-03-01,35,1.1
Kansas,Kansas,2024-03-01,60,2
Kentucky,Kentucky,2024-03-01,137,3
Louisiana,Louisiana,2024-03-01,152,3.3
Maine,Maine,2024-03-01,59,4.2
Maryland,Maryland,2024-03-01,153,2.4
Massachusetts,Massachusetts,2024-03-01,163,2.3
Michigan,Michigan,2024-03-01,185,1.8
Minnesota,Minnesota,2024-03-01,86,1.5
Mississippi,Mississippi,2024-03-01,36,1.2
Missouri,Missouri,2024-03-01,133,2.1
Montana,Montana,2024-03-01,17,1.5
Nevada,Nevada,2024-03-01,108,3.3
New Hampshire,New Hampshire,2024-03-01,32,2.3
New Jersey,New Jersey,2024-03-01,165,1.7
New Mexico,New Mexico,2024-03-01,62,2.9
New York,New York,2024-03-01,427,2.1
North Carolina,North Carolina,2024-03-01,276,2.5
North Dakota,North Dakota,2024-03-01,15,1.9
Ohio,Ohio,2024-03-01,309,2.6
Oklahoma,Oklahoma,2024-03-01,79,1.9
Oregon,Oregon,2024-03-01,163,3.8
Pennsylvania,Pennsylvania,2024-03-01,284,2.2
Rhode Island,Rhode Island,2024-03-01,28,2.5
South Carolina,South Carolina,2024-03-01,136,2.5
Tennessee,Tennessee,2024-03-01,221,3.1
Texas,Texas,2024-03-01,408,1.3
Utah,Utah,2024-03-01,61,1.7
Vermont,Vermont,2024-03-01,15,2.3
Virginia,Virginia,2024-03-01,126,1.4
Washington,Washington,2024-03-01,290,3.6
West Virginia,West Virginia,2024-03-01,100,5.6
Wisconsin,Wisconsin,2024-03-01,106,1.8
Wyoming,Wyoming,2024-03-01,15,2.6
Alabama,Alabama,2024-04-01,105,2
Alaska,Alaska,2024-04-01,29,3.9
Arizona,Arizona,2024-04-01,185,2.4
Arkansas,Arkansas,2024-04-01,35,1.1
California,California,2024-04-01,769,2
Colorado,Colorado,2024-04-01,153,2.6
Connecticut,Connecticut,2024-04-01,83,2.3
Delaware,Delaware,2024-04-01,27,2.6
Florida,Florida,2024-04-01,461,2
Georgia,Georgia,2024-04-01,172,1.5
Hawaii,Hawaii,2024-04-01,22,1.5
Idaho,Idaho,2024-04-01,30,1.5
Illinois,Illinois,2024-04-01,227,1.8
Indiana,Indiana,2024-04-01,148,2.1
Iowa,Iowa,2024-04-01,38,1.2
Kansas,Kansas,2024-04-01,52,1.8
Kentucky,Kentucky,2024-04-01,131,2.9
Louisiana,Louisiana,2024-04-01,153,3.3
Maine,Maine,2024-04-01,43,3.1
Maryland,Maryland,2024-04-01,149,2.4
Massachusetts,Massachusetts,2024-04-01,151,2.1
Michigan,Michigan,2024-04-01,177,1.7
Minnesota,Minnesota,2024-04-01,91,1.6
Mississippi,Mississippi,2024-04-01,42,1.4
Missouri,Missouri,2024-04-01,139,2.2
Montana,Montana,2024-04-01,16,1.4
Nebraska,Nebraska,2024-04-01,12,0.6
Nevada,Nevada,2024-04-01,111,3.4
New Hampshire,New Hampshire,2024-04-01,25,1.8
New Jersey,New Jersey,2024-04-01,190,2
New Mexico,New Mexico,2024-04-01,63,3
New York,New York,2024-04-01,421,2.1
North Carolina,North Carolina,2024-04-01,267,2.4
North Dakota,North Dakota,2024-04-01,11,1.4
Ohio,Ohio,2024-04-01,292,2.5
Oklahoma,Oklahoma,2024-04-01,76,1.9
Oregon,Oregon,2024-04-01,132,3.1
Pennsylvania,Pennsylvania,2024-04-01,278,2.1
Rhode Island,Rhode Island,2024-04-01,30,2.7
South Carolina,South Carolina,2024-04-01,134,2.4
Tennessee,Tennessee,2024-04-01,222,3.1
Texas,Texas,2024-04-01,467,1.5
Utah,Utah,2024-04-01,71,2
Virginia,Virginia,2024-04-01,155,1.8
Washington,Washington,2024-04-01,285,3.6
West Virginia,West Virginia,2024-04-01,70,4
Wisconsin,Wisconsin,2024-04-01,118,2
Wyoming,Wyoming,2024-04-01,11,1.9
Alabama,Alabama,2024-05-01,107,2.1
Alaska,Alaska,2024-05-01,34,4.6
Arizona,Arizona,2024-05-01,181,2.4
Arkansas,Arkansas,2024-05-01,32,1
California,California,2024-05-01,793,2
Colorado,Colorado,2024-05-01,156,2.6
Connecticut,Connecticut,2024-05-01,81,2.2
Delaware,Delaware,2024-05-01,28,2.7
Florida,Florida,2024-05-01,514,2.2
Georgia,Georgia,2024-05-01,146,1.3
Hawaii,Hawaii,2024-05-01,29,2
Idaho,Idaho,2024-05-01,35,1.7
Illinois,Illinois,2024-05-01,240,1.9
Indiana,Indiana,2024-05-01,136,2
Iowa,Iowa,2024-05-01,32,1
Kansas,Kansas,2024-05-01,46,1.5
Kentucky,Kentucky,2024-05-01,138,3
Louisiana,Louisiana,2024-05-01,127,2.8
Maine,Maine,2024-05-01,39,2.8
Maryland,Maryland,2024-05-01,140,2.2
Massachusetts,Massachusetts,2024-05-01,149,2.1
Michigan,Michigan,2024-05-01,187,1.8
Minnesota,Minnesota,2024-05-01,85,1.5
Mississippi,Mississippi,2024-05-01,41,1.4
Missouri,Missouri,2024-05-01,138,2.2
Montana,Montana,2024-05-01,14,1.2
Nebraska,Nebraska,2024-05-01,12,0.6
Nevada,Nevada,2024-05-01,109,3.3
New Hampshire,New Hampshire,2024-05-01,21,1.5
New Jersey,New Jersey,2024-05-01,170,1.8
New Mexico,New Mexico,2024-05-01,74,3.5
New York,New York,2024-05-01,398,2
North Carolina,North Carolina,2024-05-01,250,2.3
North Dakota,North Dakota,2024-05-01,10,1.3
Ohio,Ohio,2024-05-01,298,2.5
Oklahoma,Oklahoma,2024-05-01,84,2.1
Oregon,Oregon,2024-05-01,150,3.5
Pennsylvania,Pennsylvania,2024-05-01,304,2.3
Rhode Island,Rhode Island,2024-05-01,39,3.5
South Carolina,South Carolina,2024-05-01,127,2.3
Tennessee,Tennessee,2024-05-01,229,3.2
Texas,Texas,2024-05-01,454,1.5
Utah,Utah,2024-05-01,51,1.5
Vermont,Vermont,2024-05-01,15,2.3
Virginia,Virginia,2024-05-01,166,1.9
Washington,Washington,2024-05-01,294,3.7
West Virginia,West Virginia,2024-05-01,66,3.7
Wisconsin,Wisconsin,2024-05-01,117,2
Wyoming,Wyoming,2024-05-01,10,1.7
Alabama,Alabama,2024-06-01,112,2.2
Alaska,Alaska,2024-06-01,35,4.7
Arizona,Arizona,2024-06-01,225,3
Arkansas,Arkansas,2024-06-01,35,1.1
California,California,2024-06-01,819,2.1
Colorado,Colorado,2024-06-01,155,2.6
Connecticut,Connecticut,2024-06-01,93,2.5
Delaware,Delaware,2024-06-01,39,3.7
Florida,Florida,2024-06-01,431,1.8
Georgia,Georgia,2024-06-01,207,1.9
Hawaii,Hawaii,2024-06-01,40,2.8
Idaho,Idaho,2024-06-01,26,1.3
Illinois,Illinois,2024-06-01,177,1.4
Indiana,Indiana,2024-06-01,146,2.1
Iowa,Iowa,2024-06-01,38,1.2
Kansas,Kansas,2024-06-01,48,1.6
Kentucky,Kentucky,2024-06-01,146,3.2
Louisiana,Louisiana,2024-06-01,143,3.1
Maine,Maine,2024-06-01,41,2.9
Maryland,Maryland,2024-06-01,175,2.8
Massachusetts,Massachusetts,2024-06-01,128,1.8
Michigan,Michigan,2024-06-01,183,1.8
Minnesota,Minnesota,2024-06-01,80,1.4
Mississippi,Mississippi,2024-06-01,28,1
Missouri,Missouri,2024-06-01,137,2.2
Montana,Montana,2024-06-01,15,1.3
Nebraska,Nebraska,2024-06-01,15,0.7
Nevada,Nevada,2024-06-01,144,4.4
New Hampshire,New Hampshire,2024-06-01,23,1.6
New Jersey,New Jersey,2024-06-01,141,1.5
New Mexico,New Mexico,2024-06-01,56,2.6
New York,New York,2024-06-01,377,1.9
North Carolina,North Carolina,2024-06-01,237,2.1
North Dakota,North Dakota,2024-06-01,10,1.3
Ohio,Ohio,2024-06-01,257,2.2
Oklahoma,Oklahoma,2024-06-01,119,2.9
Oregon,Oregon,2024-06-01,129,3
Pennsylvania,Pennsylvania,2024-06-01,312,2.4
Rhode Island,Rhode Island,2024-06-01,34,3.1
South Carolina,South Carolina,2024-06-01,107,2
Tennessee,Tennessee,2024-06-01,191,2.6
Texas,Texas,2024-06-01,451,1.4
Utah,Utah,2024-06-01,66,1.9
Vermont,Vermont,2024-06-01,31,4.8
Virginia,Virginia,2024-06-01,133,1.5
Washington,Washington,2024-06-01,253,3.2
West Virginia,West Virginia,2024-06-01,72,4.1
Wisconsin,Wisconsin,2024-06-01,78,1.3
Wyoming,Wyoming,2024-06-01,10,1.7
Alabama,Alabama,2024-07-01,70,1.4
Alaska,Alaska,2024-07-01,27,3.6
Arizona,Arizona,2024-07-01,304,4
Arkansas,Arkansas,2024-07-01,29,0.9
California,California,2024-07-01,781,2
Colorado,Colorado,2024-07-01,118,2
Connecticut,Connecticut,2024-07-01,74,2
Delaware,Delaware,2024-07-01,25,2.4
Florida,Florida,2024-07-01,410,1.8
Georgia,Georgia,2024-07-01,186,1.7
Hawaii,Hawaii,2024-07-01,34,2.4
Idaho,Idaho,2024-07-01,33,1.6
Illinois,Illinois,2024-07-01,239,1.9
Indiana,Indiana,2024-07-01,142,2.1
Iowa,Iowa,2024-07-01,36,1.1
Kansas,Kansas,2024-07-01,34,1.1
Kentucky,Kentucky,2024-07-01,119,2.6
Louisiana,Louisiana,2024-07-01,148,3.2
Maine,Maine,2024-07-01,36,2.6
Maryland,Maryland,2024-07-01,146,2.3
Massachusetts,Massachusetts,2024-07-01,150,2.1
Michigan,Michigan,2024-07-01,158,1.6
Minnesota,Minnesota,2024-07-01,88,1.5
Mississippi,Mississippi,2024-07-01,43,1.5
Missouri,Missouri,2024-07-01,112,1.8
Montana,Montana,2024-07-01,22,1.9
Nebraska,Nebraska,2024-07-01,17,0.8
Nevada,Nevada,2024-07-01,143,4.4
New Hampshire,New Hampshire,2024-07-01,24,1.7
New Jersey,New Jersey,2024-07-01,165,1.7
New Mexico,New Mexico,2024-07-01,64,3
New York,New York,2024-07-01,377,1.9
North Carolina,North Carolina,2024-07-01,231,2.1
Ohio,Ohio,2024-07-01,270,2.3
Oklahoma,Oklahoma,2024-07-01,92,2.2
Oregon,Oregon,2024-07-01,94,2.2
Pennsylvania,Pennsylvania,2024-07-01,315,2.4
Rhode Island,Rhode Island,2024-07-01,29,2.6
South Carolina,South Carolina,2024-07-01,128,2.3
South Dakota,South Dakota,2024-07-01,13,1.4
Tennessee,Tennessee,2024-07-01,218,3
Texas,Texas,2024-07-01,449,1.4
Utah,Utah,2024-07-01,63,1.8
Vermont,Vermont,2024-07-01,27,4.2
Virginia,Virginia,2024-07-01,109,1.2
Washington,Washington,2024-07-01,255,3.2
West Virginia,West Virginia,2024-07-01,59,3.3
Wisconsin,Wisconsin,2024-07-01,91,1.5
Alabama,Alabama,2024-08-01,108,2.1
Alaska,Alaska,2024-08-01,21,2.8
Arizona,Arizona,2024-08-01,241,3.2
Arkansas,Arkansas,2024-08-01,30,1
California,California,2024-08-01,707,1.8
Colorado,Colorado,2024-08-01,101,1.7
Connecticut,Connecticut,2024-08-01,79,2.1
Delaware,Delaware,2024-08-01,25,2.4
Florida,Florida,2024-08-01,363,1.6
Georgia,Georgia,2024-08-01,170,1.5
Hawaii,Hawaii,2024-08-01,31,2.1
Idaho,Idaho,2024-08-01,23,1.1
Illinois,Illinois,2024-08-01,236,1.9
Indiana,Indiana,2024-08-01,138,2
Iowa,Iowa,2024-08-01,27,0.8
Kansas,Kansas,2024-08-01,40,1.3
Kentucky,Kentucky,2024-08-01,119,2.6
Louisiana,Louisiana,2024-08-01,118,2.6
Maine,Maine,2024-08-01,29,2.1
Maryland,Maryland,2024-08-01,142,2.3
Massachusetts,Massachusetts,2024-08-01,126,1.8
Michigan,Michigan,2024-08-01,143,1.4
Minnesota,Minnesota,2024-08-01,76,1.3
Mississippi,Mississippi,2024-08-01,44,1.5
Missouri,Missouri,2024-08-01,97,1.6
Montana,Montana,2024-08-01,10,0.9
Nebraska,Nebraska,2024-08-01,11,0.5
Nevada,Nevada,2024-08-01,125,3.8
New Hampshire,New Hampshire,2024-08-01,18,1.3
New Jersey,New Jersey,2024-08-01,166,1.7
New Mexico,New Mexico,2024-08-01,76,3.6
New York,New York,2024-08-01,364,1.8
North Carolina,North Carolina,2024-08-01,181,1.6
Ohio,Ohio,2024-08-01,295,2.5
Oklahoma,Oklahoma,2024-08-01,84,2.1
Oregon,Oregon,2024-08-01,88,2.1
Pennsylvania,Pennsylvania,2024-08-01,246,1.9
Rhode Island,Rhode Island,2024-08-01,21,1.9
South Carolina,South Carolina,2024-08-01,107,2
Tennessee,Tennessee,2024-08-01,206,2.9
Texas,Texas,2024-08-01,475,1.5
Utah,Utah,2024-08-01,48,1.4
Vermont,Vermont,2024-08-01,16,2.5
Virginia,Virginia,2024-08-01,137,1.6
Washington,Washington,2024-08-01,175,2.2
West Virginia,West Virginia,2024-08-01,62,3.5
Wisconsin,Wisconsin,2024-08-01,86,1.4
Alabama,Alabama,2024-09-01,81,1.6
Alaska,Alaska,2024-09-01,16,2.2
Arizona,Arizona,2024-09-01,176,2.3
Arkansas,Arkansas,2024-09-01,33,1.1
California,California,2024-09-01,670,1.7
Colorado,Colorado,2024-09-01,102,1.7
Connecticut,Connecticut,2024-09-01,65,1.8
Delaware,Delaware,2024-09-01,23,2.2
Florida,Florida,2024-09-01,343,1.5
Georgia,Georgia,2024-09-01,145,1.3
Hawaii,Hawaii,2024-09-01,32,2.2
Idaho,Idaho,2024-09-01,20,1
Illinois,Illinois,2024-09-01,189,1.5
Indiana,Indiana,2024-09-01,125,1.8
Iowa,Iowa,2024-09-01,24,0.7
Kansas,Kansas,2024-09-01,46,1.5
Kentucky,Kentucky,2024-09-01,100,2.2
Louisiana,Louisiana,2024-09-01,105,2.3
Maine,Maine,2024-09-01,33,2.3
Maryland,Maryland,2024-09-01,127,2
Massachusetts,Massachusetts,2024-09-01,88,1.2
Michigan,Michigan,2024-09-01,148,1.5
Minnesota,Minnesota,2024-09-01,85,1.5
Mississippi,Mississippi,2024-09-01,40,1.4
Missouri,Missouri,2024-09-01,97,1.6
Montana,Montana,2024-09-01,12,1.1
Nebraska,Nebraska,2024-09-01,17,0.8
Nevada,Nevada,2024-09-01,87,2.7
New Hampshire,New Hampshire,2024-09-01,20,1.4
New Jersey,New Jersey,2024-09-01,147,1.5
New Mexico,New Mexico,2024-09-01,58,2.7
New York,New York,2024-09-01,320,1.6
North Carolina,North Carolina,2024-09-01,198,1.8
Ohio,Ohio,2024-09-01,214,1.8
Oklahoma,Oklahoma,2024-09-01,58,1.4
Oregon,Oregon,2024-09-01,107,2.5
Pennsylvania,Pennsylvania,2024-09-01,237,1.8
Rhode Island,Rhode Island,2024-09-01,28,2.5
South Carolina,South Carolina,2024-09-01,94,1.7
Tennessee,Tennessee,2024-09-01,168,2.3
Texas,Texas,2024-09-01,331,1.1
Utah,Utah,2024-09-01,47,1.3
Vermont,Vermont,2024-09-01,13,2
Virginia,Virginia,2024-09-01,99,1.1
Washington,Washington,2024-09-01,203,2.6
West Virginia,West Virginia,2024-09-01,60,3.4
Wisconsin,Wisconsin,2024-09-01,99,1.7
Alabama,Alabama,2024-10-01,94,1.8
Alaska,Alaska,2024-10-01,25,3.4
Arizona,Arizona,2024-10-01,166,2.2
Arkansas,Arkansas,2024-10-01,30,1
California,California,2024-10-01,707,1.8
Colorado,Colorado,2024-10-01,125,2.1
Connecticut,Connecticut,2024-10-01,79,2.1
Delaware,Delaware,2024-10-01,18,1.7
Florida,Florida,2024-10-01,309,1.3
Georgia,Georgia,2024-10-01,153,1.4
Hawaii,Hawaii,2024-10-01,22,1.5
Idaho,Idaho,2024-10-01,24,1.2
Illinois,Illinois,2024-10-01,183,1.4
Indiana,Indiana,2024-10-01,134,1.9
Iowa,Iowa,2024-10-01,32,1
Kansas,Kansas,2024-10-01,37,1.2
Kentucky,Kentucky,2024-10-01,115,2.5
Louisiana,Louisiana,2024-10-01,91,2
Maine,Maine,2024-10-01,33,2.3
Maryland,Maryland,2024-10-01,119,1.9
Massachusetts,Massachusetts,2024-10-01,124,1.7
Michigan,Michigan,2024-10-01,126,1.2
Minnesota,Minnesota,2024-10-01,62,1.1
Mississippi,Mississippi,2024-10-01,35,1.2
Missouri,Missouri,2024-10-01,107,1.7
Montana,Montana,2024-10-01,12,1.1
Nevada,Nevada,2024-10-01,82,2.5
New Jersey,New Jersey,2024-10-01,142,1.5
New Mexico,New Mexico,2024-10-01,69,3.2
New York,New York,2024-10-01,290,1.5
North Carolina,North Carolina,2024-10-01,167,1.5
Ohio,Ohio,2024-10-01,231,1.9
Oklahoma,Oklahoma,2024-10-01,69,1.7
Oregon,Oregon,2024-10-01,112,2.6
Pennsylvania,Pennsylvania,2024-10-01,255,1.9
Rhode Island,Rhode Island,2024-10-01,19,1.7
South Carolina,South Carolina,2024-10-01,91,1.7
Tennessee,Tennessee,2024-10-01,196,2.7
Texas,Texas,2024-10-01,371,1.2
Utah,Utah,2024-10-01,48,1.4
Vermont,Vermont,2024-10-01,22,3.4
Virginia,Virginia,2024-10-01,93,1.1
Washington,Washington,2024-10-01,213,2.7
West Virginia,West Virginia,2024-10-01,63,3.6
Wisconsin,Wisconsin,2024-10-01,73,1.2
Alabama,Alabama,2024-11-01,74,1.4
Alaska,Alaska,2024-11-01,29,3.9
Arizona,Arizona,2024-11-01,214,2.8
Arkansas,Arkansas,2024-11-01,26,0.8
California,California,2024-11-01,645,1.6
Colorado,Colorado,2024-11-01,133,2.2
Connecticut,Connecticut,2024-11-01,59,1.6
Delaware,Delaware,2024-11-01,25,2.4
Florida,Florida,2024-11-01,311,1.3
Georgia,Georgia,2024-11-01,131,1.2
Hawaii,Hawaii,2024-11-01,18,1.2
Idaho,Idaho,2024-11-01,19,0.9
Illinois,Illinois,2024-11-01,172,1.4
Indiana,Indiana,2024-11-01,127,1.8
Iowa,Iowa,2024-11-01,37,1.1
Kansas,Kansas,2024-11-01,46,1.5
Kentucky,Kentucky,2024-11-01,112,2.4
Louisiana,Louisiana,2024-11-01,95,2.1
Maine,Maine,2024-11-01,38,2.7
Maryland,Maryland,2024-11-01,110,1.8
Massachusetts,Massachusetts,2024-11-01,119,1.7
Michigan,Michigan,2024-11-01,126,1.2
Minnesota,Minnesota,2024-11-01,71,1.2
Mississippi,Mississippi,2024-11-01,42,1.4
Missouri,Missouri,2024-11-01,104,1.7
Montana,Montana,2024-11-01,14,1.2
Nebraska,Nebraska,2024-11-01,11,0.5
Nevada,Nevada,2024-11-01,70,2.1
New Hampshire,New Hampshire,2024-11-01,17,1.2
New Jersey,New Jersey,2024-11-01,125,1.3
New Mexico,New Mexico,2024-11-01,52,2.4
New York,New York,2024-11-01,290,1.5
North Carolina,North Carolina,2024-11-01,172,1.6
Ohio,Ohio,2024-11-01,186,1.6
Oklahoma,Oklahoma,2024-11-01,68,1.7
Oregon,Oregon,2024-11-01,127,3
Pennsylvania,Pennsylvania,2024-11-01,234,1.8
Rhode Island,Rhode Island,2024-11-01,10,0.9
South Carolina,South Carolina,2024-11-01,103,1.9
Tennessee,Tennessee,2024-11-01,156,2.2
Texas,Texas,2024-11-01,320,1
Utah,Utah,2024-11-01,35,1
Vermont,Vermont,2024-11-01,10,1.5
Virginia,Virginia,2024-11-01,108,1.2
Washington,Washington,2024-11-01,292,3.7
West Virginia,West Virginia,2024-11-01,51,2.9
Wisconsin,Wisconsin,2024-11-01,76,1.3
Alabama,Alabama,2024-12-01,88,1.7
Alaska,Alaska,2024-12-01,18,2.4
Arizona,Arizona,2024-12-01,227,3
Arkansas,Arkansas,2024-12-01,32,1
California,California,2024-12-01,679,1.7
Colorado,Colorado,2024-12-01,154,2.6
Connecticut,Connecticut,2024-12-01,83,2.3
Delaware,Delaware,2024-12-01,30,2.9
Florida,Florida,2024-12-01,301,1.3
Georgia,Georgia,2024-12-01,147,1.3
Hawaii,Hawaii,2024-12-01,32,2.2
Idaho,Idaho,2024-12-01,17,0.8
Illinois,Illinois,2024-12-01,167,1.3
Indiana,Indiana,2024-12-01,113,1.6
Iowa,Iowa,2024-12-01,43,1.3
Kansas,Kansas,2024-12-01,56,1.9
Kentucky,Kentucky,2024-12-01,111,2.4
Louisiana,Louisiana,2024-12-01,90,2
Maine,Maine,2024-12-01,41,2.9
Maryland,Maryland,2024-12-01,131,2.1
Massachusetts,Massachusetts,2024-12-01,90,1.3
Michigan,Michigan,2024-12-01,118,1.2
Minnesota,Minnesota,2024-12-01,77,1.3
Mississippi,Mississippi,2024-12-01,34,1.2
Missouri,Missouri,2024-12-01,99,1.6
Montana,Montana,2024-12-01,13,1.1
Nebraska,Nebraska,2024-12-01,12,0.6
Nevada,Nevada,2024-12-01,104,3.2
New Hampshire,New Hampshire,2024-12-01,20,1.4
New Jersey,New Jersey,2024-12-01,137,1.4
New Mexico,New Mexico,2024-12-01,75,3.5
New York,New York,2024-12-01,284,1.4
North Carolina,North Carolina,2024-12-01,198,1.8
Ohio,Ohio,2024-12-01,210,1.8
Oklahoma,Oklahoma,2024-12-01,80,2
Oregon,Oregon,2024-12-01,112,2.6
Pennsylvania,Pennsylvania,2024-12-01,238,1.8
Rhode Island,Rhode Island,2024-12-01,21,1.9
South Carolina,South Carolina,2024-12-01,112,2
Tennessee,Tennessee,2024-12-01,197,2.7
Texas,Texas,2024-12-01,342,1.1
Utah,Utah,2024-12-01,60,1.7
Virginia,Virginia,2024-12-01,117,1.3
Washington,Washington,2024-12-01,297,3.7
West Virginia,West Virginia,2024-12-01,56,3.2
Wisconsin,Wisconsin,2024-12-01,86,1.4
Alabama,Alabama,2025-01-01,76,1.5
Alaska,Alaska,2025-01-01,26,3.5
Arizona,Arizona,2025-01-01,277,3.7
Arkansas,Arkansas,2025-01-01,37,1.2
California,California,2025-01-01,790,2
Colorado,Colorado,2025-01-01,150,2.5
Connecticut,Connecticut,2025-01-01,61,1.7
Delaware,Delaware,2025-01-01,39,3.7
Florida,Florida,2025-01-01,363,1.6
Georgia,Georgia,2025-01-01,151,1.4
Hawaii,Hawaii,2025-01-01,25,1.7
Idaho,Idaho,2025-01-01,22,1.1
Illinois,Illinois,2025-01-01,189,1.5
Indiana,Indiana,2025-01-01,114,1.6
Iowa,Iowa,2025-01-01,37,1.1
Kansas,Kansas,2025-01-01,62,2.1
Kentucky,Kentucky,2025-01-01,111,2.4
Louisiana,Louisiana,2025-01-01,116,2.5
Maine,Maine,2025-01-01,28,2
Maryland,Maryland,2025-01-01,139,2.2
Massachusetts,Massachusetts,2025-01-01,123,1.7
Michigan,Michigan,2025-01-01,167,1.6
Minnesota,Minnesota,2025-01-01,87,1.5
Mississippi,Mississippi,2025-01-01,40,1.4
Missouri,Missouri,2025-01-01,124,2
Montana,Montana,2025-01-01,10,0.9
Nebraska,Nebraska,2025-01-01,10,0.5
Nevada,Nevada,2025-01-01,83,2.5
New Hampshire,New Hampshire,2025-01-01,23,1.6
New Jersey,New Jersey,2025-01-01,130,1.4
New Mexico,New Mexico,2025-01-01,83,3.9
New York,New York,2025-01-01,306,1.5
North Carolina,North Carolina,2025-01-01,207,1.9
North Dakota,North Dakota,2025-01-01,14,1.8
Ohio,Ohio,2025-01-01,205,1.7
Oklahoma,Oklahoma,2025-01-01,80,2
Oregon,Oregon,2025-01-01,125,2.9
Pennsylvania,Pennsylvania,2025-01-01,287,2.2
Rhode Island,Rhode Island,2025-01-01,20,1.8
South Carolina,South Carolina,2025-01-01,116,2.1
Tennessee,Tennessee,2025-01-01,217,3
Texas,Texas,2025-01-01,396,1.3
Utah,Utah,2025-01-01,68,1.9
Vermont,Vermont,2025-01-01,15,2.3
Virginia,Virginia,2025-01-01,111,1.3
Washington,Washington,2025-01-01,329,4.1
West Virginia,West Virginia,2025-01-01,73,4.1
Wisconsin,Wisconsin,2025-01-01,86,1.4
Alabama,Alabama,2025-02-01,66,1.3
Alaska,Alaska,2025-02-01,36,4.9
Arizona,Arizona,2025-02-01,234,3.1
Arkansas,Arkansas,2025-02-01,27,0.9
California,California,2025-02-01,728,1.8
Colorado,Colorado,2025-02-01,131,2.2
Connecticut,Connecticut,2025-02-01,87,2.4
Delaware,Delaware,2025-02-01,33,3.1
Florida,Florida,2025-02-01,282,1.2
Georgia,Georgia,2025-02-01,134,1.2
Hawaii,Hawaii,2025-02-01,30,2.1
Idaho,Idaho,2025-02-01,26,1.3
Illinois,Illinois,2025-02-01,156,1.2
Indiana,Indiana,2025-02-01,147,2.1
Iowa,Iowa,2025-02-01,43,1.3
Kansas,Kansas,2025-02-01,48,1.6
Kentucky,Kentucky,2025-02-01,109,2.4
Louisiana,Louisiana,2025-02-01,81,1.8
Maine,Maine,2025-02-01,32,2.3
Maryland,Maryland,2025-02-01,108,1.7
Massachusetts,Massachusetts,2025-02-01,99,1.4
Michigan,Michigan,2025-02-01,159,1.6
Minnesota,Minnesota,2025-02-01,95,1.6
Mississippi,Mississippi,2025-02-01,40,1.4
Missouri,Missouri,2025-02-01,107,1.7
Montana,Montana,2025-02-01,18,1.6
Nebraska,Nebraska,2025-02-01,16,0.8
Nevada,Nevada,2025-02-01,96,2.9
New Hampshire,New Hampshire,2025-02-01,26,1.8
New Jersey,New Jersey,2025-02-01,136,1.4
New Mexico,New Mexico,2025-02-01,67,3.1
New York,New York,2025-02-01,282,1.4
North Carolina,North Carolina,2025-02-01,193,1.7
Ohio,Ohio,2025-02-01,210,1.8
Oklahoma,Oklahoma,2025-02-01,78,1.9
Oregon,Oregon,2025-02-01,131,3.1
Pennsylvania,Pennsylvania,2025-02-01,251,1.9
Rhode Island,Rhode Island,2025-02-01,23,2.1
South Carolina,South Carolina,2025-02-01,120,2.2
Tennessee,Tennessee,2025-02-01,176,2.4
Texas,Texas,2025-02-01,316,1
Utah,Utah,2025-02-01,48,1.4
Vermont,Vermont,2025-02-01,10,1.5
Virginia,Virginia,2025-02-01,90,1
Washington,Washington,2025-02-01,272,3.4
West Virginia,West Virginia,2025-02-01,50,2.8
Wisconsin,Wisconsin,2025-02-01,87,1.5
Alabama,Alabama,2025-03-01,92,1.8
Alaska,Alaska,2025-03-01,35,4.7
Arizona,Arizona,2025-03-01,244,3.2
Arkansas,Arkansas,2025-03-01,34,1.1
California,California,2025-03-01,788,2
Colorado,Colorado,2025-03-01,167,2.8
Connecticut,Connecticut,2025-03-01,84,2.3
Delaware,Delaware,2025-03-01,30,2.9
Florida,Florida,2025-03-01,363,1.6
Georgia,Georgia,2025-03-01,156,1.4
Hawaii,Hawaii,2025-03-01,31,2.1
Idaho,Idaho,2025-03-01,31,1.5
Illinois,Illinois,2025-03-01,186,1.5
Indiana,Indiana,2025-03-01,138,2
Iowa,Iowa,2025-03-01,45,1.4
Kansas,Kansas,2025-03-01,56,1.9
Kentucky,Kentucky,2025-03-01,120,2.6
Louisiana,Louisiana,2025-03-01,125,2.7
Maine,Maine,2025-03-01,32,2.3
Maryland,Maryland,2025-03-01,128,2
Massachusetts,Massachusetts,2025-03-01,128,1.8
Michigan,Michigan,2025-03-01,151,1.5
Minnesota,Minnesota,2025-03-01,106,1.8
Mississippi,Mississippi,2025-03-01,45,1.5
Missouri,Missouri,2025-03-01,114,1.8
Montana,Montana,2025-03-01,11,1
Nebraska,Nebraska,2025-03-01,10,0.5
Nevada,Nevada,2025-03-01,108,3.3
New Hampshire,New Hampshire,2025-03-01,26,1.8
New Jersey,New Jersey,2025-03-01,144,1.5
New Mexico,New Mexico,2025-03-01,78,3.7
New York,New York,2025-03-01,298,1.5
North Carolina,North Carolina,2025-03-01,265,2.4
North Dakota,North Dakota,2025-03-01,17,2.1
Ohio,Ohio,2025-03-01,248,2.1
Oklahoma,Oklahoma,2025-03-01,92,2.2
Oregon,Oregon,2025-03-01,135,3.2
Pennsylvania,Pennsylvania,2025-03-01,259,2
Rhode Island,Rhode Island,2025-03-01,29,2.6
South Carolina,South Carolina,2025-03-01,124,2.3
Tennessee,Tennessee,2025-03-01,209,2.9
Texas,Texas,2025-03-01,391,1.2
Utah,Utah,2025-03-01,66,1.9
Virginia,Virginia,2025-03-01,112,1.3
Washington,Washington,2025-03-01,341,4.3
West Virginia,West Virginia,2025-03-01,68,3.8
Wisconsin,Wisconsin,2025-03-01,67,1.1
Alabama,Alabama,2025-04-01,82,1.6
Alaska,Alaska,2025-04-01,31,4.2
Arizona,Arizona,2025-04-01,236,3.1
Arkansas,Arkansas,2025-04-01,27,0.9
California,California,2025-04-01,757,1.9
Colorado,Colorado,2025-04-01,158,2.7
Connecticut,Connecticut,2025-04-01,64,1.7
Delaware,Delaware,2025-04-01,40,3.8
Florida,Florida,2025-04-01,341,1.5
Georgia,Georgia,2025-04-01,158,1.4
Hawaii,Hawaii,2025-04-01,25,1.7
Idaho,Idaho,2025-04-01,37,1.8
Illinois,Illinois,2025-04-01,144,1.1
Indiana,Indiana,2025-04-01,128,1.8
Iowa,Iowa,2025-04-01,27,0.8
Kansas,Kansas,2025-04-01,47,1.6
Kentucky,Kentucky,2025-04-01,113,2.5
Louisiana,Louisiana,2025-04-01,101,2.2
Maine,Maine,2025-04-01,35,2.5
Maryland,Maryland,2025-04-01,101,1.6
Massachusetts,Massachusetts,2025-04-01,113,1.6
Michigan,Michigan,2025-04-01,128,1.3
Minnesota,Minnesota,2025-04-01,89,1.5
Mississippi,Mississippi,2025-04-01,37,1.3
Missouri,Missouri,2025-04-01,95,1.5
Montana,Montana,2025-04-01,19,1.7
Nevada,Nevada,2025-04-01,88,2.7
New Hampshire,New Hampshire,2025-04-01,15,1.1
New Jersey,New Jersey,2025-04-01,132,1.4
New Mexico,New Mexico,2025-04-01,90,4.2
New York,New York,2025-04-01,314,1.6
North Carolina,North Carolina,2025-04-01,232,2.1
North Dakota,North Dakota,2025-04-01,11,1.4
Ohio,Ohio,2025-04-01,215,1.8
Oklahoma,Oklahoma,2025-04-01,86,2.1
Oregon,Oregon,2025-04-01,123,2.9
Pennsylvania,Pennsylvania,2025-04-01,267,2
Rhode Island,Rhode Island,2025-04-01,19,1.7
South Carolina,South Carolina,2025-04-01,137,2.5
Tennessee,Tennessee,2025-04-01,189,2.6
Texas,Texas,2025-04-01,334,1.1
Utah,Utah,2025-04-01,57,1.6
Virginia,Virginia,2025-04-01,123,1.4
Washington,Washington,2025-04-01,296,3.7
West Virginia,West Virginia,2025-04-01,60,3.4
Wisconsin,Wisconsin,2025-04-01,75,1.3
Alabama,Alabama,2025-05-01,71,1.4
Alaska,Alaska,2025-05-01,29,3.9
Arizona,Arizona,2025-05-01,248,3.3
Arkansas,Arkansas,2025-05-01,26,0.8
California,California,2025-05-01,737,1.9
Colorado,Colorado,2025-05-01,175,2.9
Connecticut,Connecticut,2025-05-01,81,2.2
Delaware,Delaware,2025-05-01,23,2.2
Florida,Florida,2025-05-01,354,1.5
Georgia,Georgia,2025-05-01,150,1.3
Hawaii,Hawaii,2025-05-01,23,1.6
Idaho,Idaho,2025-05-01,22,1.1
Illinois,Illinois,2025-05-01,168,1.3
Indiana,Indiana,2025-05-01,125,1.8
Iowa,Iowa,2025-05-01,27,0.8
Kansas,Kansas,2025-05-01,44,1.5
Kentucky,Kentucky,2025-05-01,117,2.5
Louisiana,Louisiana,2025-05-01,110,2.4
Maine,Maine,2025-05-01,30,2.1
Maryland,Maryland,2025-05-01,114,1.8
Massachusetts,Massachusetts,2025-05-01,103,1.4
Michigan,Michigan,2025-05-01,143,1.4
Minnesota,Minnesota,2025-05-01,82,1.4
Mississippi,Mississippi,2025-05-01,32,1.1
Missouri,Missouri,2025-05-01,120,1.9
Montana,Montana,2025-05-01,21,1.8
Nebraska,Nebraska,2025-05-01,13,0.6
Nevada,Nevada,2025-05-01,92,2.8
New Hampshire,New Hampshire,2025-05-01,29,2.1
New Jersey,New Jersey,2025-05-01,166,1.7
New Mexico,New Mexico,2025-05-01,76,3.6
New York,New York,2025-05-01,323,1.6
North Carolina,North Carolina,2025-05-01,200,1.8
North Dakota,North Dakota,2025-05-01,14,1.8
Ohio,Ohio,2025-05-01,217,1.8
Oklahoma,Oklahoma,2025-05-01,79,1.9
Oregon,Oregon,2025-05-01,103,2.4
Pennsylvania,Pennsylvania,2025-05-01,250,1.9
Rhode Island,Rhode Island,2025-05-01,22,2
South Carolina,South Carolina,2025-05-01,113,2.1
South Dakota,South Dakota,2025-05-01,10,1.1
Tennessee,Tennessee,2025-05-01,194,2.7
Texas,Texas,2025-05-01,405,1.3
Utah,Utah,2025-05-01,48,1.4
Vermont,Vermont,2025-05-01,16,2.5
Virginia,Virginia,2025-05-01,107,1.2
Washington,Washington,2025-05-01,237,3
West Virginia,West Virginia,2025-05-01,44,2.5
Wisconsin,Wisconsin,2025-05-01,63,1.1
Alabama,Alabama,2025-06-01,84,1.6
Alaska,Alaska,2025-06-01,29,3.9
Arizona,Arizona,2025-06-01,268,3.5
Arkansas,Arkansas,2025-06-01,32,1
California,California,2025-06-01,711,1.8
Colorado,Colorado,2025-06-01,128,2.1
Connecticut,Connecticut,2025-06-01,94,2.6
Delaware,Delaware,2025-06-01,31,2.9
Florida,Florida,2025-06-01,372,1.6
Georgia,Georgia,2025-06-01,134,1.2
Hawaii,Hawaii,2025-06-01,25,1.7
Idaho,Idaho,2025-06-01,21,1
Illinois,Illinois,2025-06-01,191,1.5
Indiana,Indiana,2025-06-01,125,1.8
Iowa,Iowa,2025-06-01,30,0.9
Kansas,Kansas,2025-06-01,35,1.2
Kentucky,Kentucky,2025-06-01,98,2.1
Louisiana,Louisiana,2025-06-01,96,2.1
Maine,Maine,2025-06-01,37,2.6
Maryland,Maryland,2025-06-01,101,1.6
Massachusetts,Massachusetts,2025-06-01,110,1.5
Michigan,Michigan,2025-06-01,151,1.5
Minnesota,Minnesota,2025-06-01,101,1.7
Mississippi,Mississippi,2025-06-01,34,1.2
Missouri,Missouri,2025-06-01,110,1.8
Montana,Montana,2025-06-01,19,1.7
Nebraska,Nebraska,2025-06-01,13,0.6
Nevada,Nevada,2025-06-01,110,3.4
New Hampshire,New Hampshire,2025-06-01,26,1.8
New Jersey,New Jersey,2025-06-01,134,1.4
New Mexico,New Mexico,2025-06-01,71,3.3
New York,New York,2025-06-01,326,1.6
North Carolina,North Carolina,2025-06-01,172,1.6
North Dakota,North Dakota,2025-06-01,13,1.6
Ohio,Ohio,2025-06-01,200,1.7
Oklahoma,Oklahoma,2025-06-01,77,1.9
Oregon,Oregon,2025-06-01,108,2.5
Pennsylvania,Pennsylvania,2025-06-01,260,2
Rhode Island,Rhode Island,2025-06-01,17,1.5
South Carolina,South Carolina,2025-06-01,117,2.1
Tennessee,Tennessee,2025-06-01,207,2.9
Texas,Texas,2025-06-01,353,1.1
Utah,Utah,2025-06-01,59,1.7
Vermont,Vermont,2025-06-01,14,2.2
Virginia,Virginia,2025-06-01,108,1.2
Washington,Washington,2025-06-01,220,2.8
West Virginia,West Virginia,2025-06-01,66,3.7
Wisconsin,Wisconsin,2025-06-01,82,1.4
Alabama,Alabama,2025-07-01,72,1.4
Alaska,Alaska,2025-07-01,18,2.4
Arizona,Arizona,2025-07-01,255,3.4
Arkansas,Arkansas,2025-07-01,29,0.9
California,California,2025-07-01,738,1.9
Colorado,Colorado,2025-07-01,160,2.7
Connecticut,Connecticut,2025-07-01,50,1.4
Delaware,Delaware,2025-07-01,27,2.6
Florida,Florida,2025-07-01,315,1.3
Georgia,Georgia,2025-07-01,129,1.2
Hawaii,Hawaii,2025-07-01,32,2.2
Idaho,Idaho,2025-07-01,26,1.3
Illinois,Illinois,2025-07-01,159,1.3
Indiana,Indiana,2025-07-01,125,1.8
Iowa,Iowa,2025-07-01,30,0.9
Kansas,Kansas,2025-07-01,54,1.8
Kentucky,Kentucky,2025-07-01,99,2.2
Louisiana,Louisiana,2025-07-01,104,2.3
Maine,Maine,2025-07-01,33,2.3
Maryland,Maryland,2025-07-01,126,2
Massachusetts,Massachusetts,2025-07-01,122,1.7
Michigan,Michigan,2025-07-01,153,1.5
Minnesota,Minnesota,2025-07-01,81,1.4
Mississippi,Mississippi,2025-07-01,46,1.6
Missouri,Missouri,2025-07-01,102,1.6
Montana,Montana,2025-07-01,13,1.1
Nebraska,Nebraska,2025-07-01,10,0.5
Nevada,Nevada,2025-07-01,111,3.4
New Hampshire,New Hampshire,2025-07-01,20,1.4
New Jersey,New Jersey,2025-07-01,125,1.3
New Mexico,New Mexico,2025-07-01,72,3.4
New York,New York,2025-07-01,358,1.8
North Carolina,North Carolina,2025-07-01,144,1.3
North Dakota,North Dakota,2025-07-01,11,1.4
Ohio,Ohio,2025-07-01,205,1.7
Oklahoma,Oklahoma,2025-07-01,77,1.9
Oregon,Oregon,2025-07-01,114,2.7
Pennsylvania,Pennsylvania,2025-07-01,258,2
Rhode Island,Rhode Island,2025-07-01,16,1.4
South Carolina,South Carolina,2025-07-01,109,2
Tennessee,Tennessee,2025-07-01,193,2.7
Texas,Texas,2025-07-01,382,1.2
Utah,Utah,2025-07-01,56,1.6
Vermont,Vermont,2025-07-01,12,1.9
Virginia,Virginia,2025-07-01,114,1.3
Washington,Washington,2025-07-01,249,3.1
West Virginia,West Virginia,2025-07-01,59,3.3
Wisconsin,Wisconsin,2025-07-01,95,1.6
Alabama,Alabama,2025-08-01,64,1.2
Alaska,Alaska,2025-08-01,30,4.1
Arizona,Arizona,2025-08-01,278,3.7
Arkansas,Arkansas,2025-08-01,35,1.1
California,California,2025-08-01,747,1.9
Colorado,Colorado,2025-08-01,152,2.6
Connecticut,Connecticut,2025-08-01,76,2.1
Delaware,Delaware,2025-08-01,22,2.1
Florida,Florida,2025-08-01,347,1.5
Georgia,Georgia,2025-08-01,124,1.1
Hawaii,Hawaii,2025-08-01,21,1.5
Idaho,Idaho,2025-08-01,19,0.9
Illinois,Illinois,2025-08-01,162,1.3
Indiana,Indiana,2025-08-01,100,1.4
Iowa,Iowa,2025-08-01,30,0.9
Kansas,Kansas,2025-08-01,41,1.4
Kentucky,Kentucky,2025-08-01,93,2
Louisiana,Louisiana,2025-08-01,97,2.1
Maine,Maine,2025-08-01,26,1.9
Maryland,Maryland,2025-08-01,124,2
Massachusetts,Massachusetts,2025-08-01,109,1.5
Michigan,Michigan,2025-08-01,141,1.4
Minnesota,Minnesota,2025-08-01,66,1.1
Mississippi,Mississippi,2025-08-01,41,1.4
Missouri,Missouri,2025-08-01,100,1.6
Montana,Montana,2025-08-01,15,1.3
Nebraska,Nebraska,2025-08-01,12,0.6
Nevada,Nevada,2025-08-01,103,3.2
New Hampshire,New Hampshire,2025-08-01,20,1.4
New Jersey,New Jersey,2025-08-01,134,1.4
New Mexico,New Mexico,2025-08-01,87,4.1
New York,New York,2025-08-01,289,1.5
North Carolina,North Carolina,2025-08-01,115,1
North Dakota,North Dakota,2025-08-01,11,1.4
Ohio,Ohio,2025-08-01,205,1.7
Oklahoma,Oklahoma,2025-08-01,62,1.5
Oregon,Oregon,2025-08-01,83,1.9
Pennsylvania,Pennsylvania,2025-08-01,213,1.6
Rhode Island,Rhode Island,2025-08-01,19,1.7
South Carolina,South Carolina,2025-08-01,83,1.5
South Dakota,South Dakota,2025-08-01,11,1.2
Tennessee,Tennessee,2025-08-01,149,2.1
Texas,Texas,2025-08-01,389,1.2
Utah,Utah,2025-08-01,53,1.5
Vermont,Vermont,2025-08-01,11,1.7
Virginia,Virginia,2025-08-01,117,1.3
Washington,Washington,2025-08-01,209,2.6
West Virginia,West Virginia,2025-08-01,41,2.3
Wisconsin,Wisconsin,2025-08-01,88,1.5
Wyoming,Wyoming,2025-08-01,12,2
Alabama,Alabama,2025-09-01,63,1.2
Alaska,Alaska,2025-09-01,25,3.4
Arizona,Arizona,2025-09-01,211,2.8
Arkansas,Arkansas,2025-09-01,35,1.1
California,California,2025-09-01,682,1.7
Colorado,Colorado,2025-09-01,140,2.3
Connecticut,Connecticut,2025-09-01,70,1.9
Delaware,Delaware,2025-09-01,20,1.9
Florida,Florida,2025-09-01,297,1.3
Georgia,Georgia,2025-09-01,131,1.2
Hawaii,Hawaii,2025-09-01,25,1.7
Idaho,Idaho,2025-09-01,21,1
Illinois,Illinois,2025-09-01,150,1.2
Indiana,Indiana,2025-09-01,108,1.6
Iowa,Iowa,2025-09-01,27,0.8
Kansas,Kansas,2025-09-01,33,1.1
Kentucky,Kentucky,2025-09-01,69,1.5
Louisiana,Louisiana,2025-09-01,88,1.9
Maine,Maine,2025-09-01,24,1.7
Maryland,Maryland,2025-09-01,102,1.6
Massachusetts,Massachusetts,2025-09-01,87,1.2
Michigan,Michigan,2025-09-01,128,1.3
Minnesota,Minnesota,2025-09-01,74,1.3
Mississippi,Mississippi,2025-09-01,38,1.3
Missouri,Missouri,2025-09-01,93,1.5
Montana,Montana,2025-09-01,13,1.1
Nebraska,Nebraska,2025-09-01,13,0.6
Nevada,Nevada,2025-09-01,86,2.6
New Hampshire,New Hampshire,2025-09-01,20,1.4
New Jersey,New Jersey,2025-09-01,134,1.4
New Mexico,New Mexico,2025-09-01,77,3.6
New York,New York,2025-09-01,316,1.6
North Carolina,North Carolina,2025-09-01,104,0.9
Ohio,Ohio,2025-09-01,179,1.5
Oklahoma,Oklahoma,2025-09-01,50,1.2
Oregon,Oregon,2025-09-01,14,0.3
Pennsylvania,Pennsylvania,2025-09-01,178,1.4
Rhode Island,Rhode Island,2025-09-01,12,1.1
South Carolina,South Carolina,2025-09-01,77,1.4
Tennessee,Tennessee,2025-09-01,133,1.8
Texas,Texas,2025-09-01,347,1.1
Utah,Utah,2025-09-01,42,1.2
Virginia,Virginia,2025-09-01,113,1.3
Washington,Washington,2025-09-01,185,2.3
West Virginia,West Virginia,2025-09-01,48,2.7
Wisconsin,Wisconsin,2025-09-01,70,1.2
Alabama,Alabama,2025-10-01,69,1.3
Alaska,Alaska,2025-10-01,23,3.1
Arizona,Arizona,2025-10-01,233,3.1
Arkansas,Arkansas,2025-10-01,35,1.1
California,California,2025-10-01,609,1.5
Colorado,Colorado,2025-10-01,142,2.4
Connecticut,Connecticut,2025-10-01,58,1.6
Delaware,Delaware,2025-10-01,21,2
Florida,Florida,2025-10-01,302,1.3
Georgia,Georgia,2025-10-01,119,1.1
Hawaii,Hawaii,2025-10-01,28,1.9
Idaho,Idaho,2025-10-01,23,1.1
Illinois,Illinois,2025-10-01,154,1.2
Indiana,Indiana,2025-10-01,109,1.6
Iowa,Iowa,2025-10-01,26,0.8
Kansas,Kansas,2025-10-01,29,1
Kentucky,Kentucky,2025-10-01,69,1.5
Louisiana,Louisiana,2025-10-01,92,2
Maine,Maine,2025-10-01,27,1.9
Maryland,Maryland,2025-10-01,115,1.8
Massachusetts,Massachusetts,2025-10-01,109,1.5
Michigan,Michigan,2025-10-01,143,1.4
Minnesota,Minnesota,2025-10-01,79,1.4
Mississippi,Mississippi,2025-10-01,31,1.1
Missouri,Missouri,2025-10-01,111,1.8
Montana,Montana,2025-10-01,10,0.9
Nebraska,Nebraska,2025-10-01,12,0.6
Nevada,Nevada,2025-10-01,73,2.2
New Hampshire,New Hampshire,2025-10-01,19,1.3
New Jersey,New Jersey,2025-10-01,107,1.1
New Mexico,New Mexico,2025-10-01,76,3.6
New York,New York,2025-10-01,250,1.3
North Carolina,North Carolina,2025-10-01,125,1.1
Ohio,Ohio,2025-10-01,177,1.5
Oklahoma,Oklahoma,2025-10-01,60,1.5
Oregon,Oregon,2025-10-01,35,0.8
Pennsylvania,Pennsylvania,2025-10-01,203,1.6
Rhode Island,Rhode Island,2025-10-01,15,1.3
South Carolina,South Carolina,2025-10-01,95,1.7
Tennessee,Tennessee,2025-10-01,138,1.9
Texas,Texas,2025-10-01,335,1.1
Utah,Utah,2025-10-01,44,1.3
Vermont,Vermont,2025-10-01,17,2.6
Virginia,Virginia,2025-10-01,104,1.2
Washington,Washington,2025-10-01,211,2.7
West Virginia,West Virginia,2025-10-01,52,2.9
Wisconsin,Wisconsin,2025-10-01,92,1.5
Alabama,Alabama,2025-11-01,56,1.1
Alaska,Alaska,2025-11-01,26,3.5
Arizona,Arizona,2025-11-01,209,2.8
Arkansas,Arkansas,2025-11-01,27,0.9
California,California,2025-11-01,627,1.6
Colorado,Colorado,2025-11-01,141,2.4
Connecticut,Connecticut,2025-11-01,63,1.7
Delaware,Delaware,2025-11-01,19,1.8
Florida,Florida,2025-11-01,291,1.2
Georgia,Georgia,2025-11-01,133,1.2
Hawaii,Hawaii,2025-11-01,29,2
Idaho,Idaho,2025-11-01,25,1.2
Illinois,Illinois,2025-11-01,133,1
Indiana,Indiana,2025-11-01,74,1.1
Iowa,Iowa,2025-11-01,24,0.7
Kansas,Kansas,2025-11-01,41,1.4
Kentucky,Kentucky,2025-11-01,84,1.8
Louisiana,Louisiana,2025-11-01,84,1.8
Maine,Maine,2025-11-01,31,2.2
Maryland,Maryland,2025-11-01,102,1.6
Massachusetts,Massachusetts,2025-11-01,99,1.4
Michigan,Michigan,2025-11-01,122,1.2
Minnesota,Minnesota,2025-11-01,69,1.2
Mississippi,Mississippi,2025-11-01,31,1.1
Missouri,Missouri,2025-11-01,78,1.2
Montana,Montana,2025-11-01,16,1.4
Nebraska,Nebraska,2025-11-01,17,0.8
Nevada,Nevada,2025-11-01,77,2.4
New Hampshire,New Hampshire,2025-11-01,25,1.8
New Jersey,New Jersey,2025-11-01,123,1.3
New Mexico,New Mexico,2025-11-01,79,3.7
New York,New York,2025-11-01,265,1.3
North Carolina,North Carolina,2025-11-01,124,1.1
Ohio,Ohio,2025-11-01,135,1.1
Oklahoma,Oklahoma,2025-11-01,56,1.4
Oregon,Oregon,2025-11-01,36,0.8
Pennsylvania,Pennsylvania,2025-11-01,188,1.4
Rhode Island,Rhode Island,2025-11-01,18,1.6
South Carolina,South Carolina,2025-11-01,110,2
South Dakota,South Dakota,2025-11-01,11,1.2
Tennessee,Tennessee,2025-11-01,149,2.1
Texas,Texas,2025-11-01,376,1.2
Utah,Utah,2025-11-01,50,1.4
Vermont,Vermont,2025-11-01,17,2.6
Virginia,Virginia,2025-11-01,93,1.1
Washington,Washington,2025-11-01,192,2.4
West Virginia,West Virginia,2025-11-01,63,3.6
Wisconsin,Wisconsin,2025-11-01,77,1.3
Wyoming,Wyoming,2025-11-01,12,2
Jefferson County,Alabama,2018-01-01,17,2.6
Maricopa County,Arizona,2018-01-01,107,2.4
Pima County,Arizona,2018-01-01,24,2.3
Alameda County,California,2018-01-01,21,1.3
Fresno County,California,2018-01-01,13,1.3
Kern County,California,2018-01-01,14,1.6
Los Angeles County,California,2018-01-01,83,0.8
Orange County,California,2018-01-01,33,1
Riverside County,California,2018-01-01,49,2
Sacramento County,California,2018-01-01,24,1.6
San Bernardino County,California,2018-01-01,29,1.3
San Diego County,California,2018-01-01,49,1.5
San Francisco County,California,2018-01-01,22,2.5
San Joaquin County,California,2018-01-01,10,1.3
Santa Clara County,California,2018-01-01,12,0.6
Ventura County,California,2018-01-01,17,2
Adams County,Colorado,2018-01-01,13,2.5
Arapahoe County,Colorado,2018-01-01,10,1.5
Denver County,Colorado,2018-01-01,16,2.2
El Paso County,Colorado,2018-01-01,12,1.7
Hartford County,Connecticut,2018-01-01,22,2.4
New Haven County,Connecticut,2018-01-01,21,2.4
New Castle County,Delaware,2018-01-01,16,2.9
"Washington, D.C.","Washington, D.C.",2018-01-01,18,2.6
Brevard County,Florida,2018-01-01,20,3.4
Broward County,Florida,2018-01-01,47,2.4
Duval County,Florida,2018-01-01,39,4.1
Hillsborough County,Florida,2018-01-01,21,1.4
Miami-Dade County,Florida,2018-01-01,37,1.4
Orange County,Florida,2018-01-01,31,2.2
Palm Beach County,Florida,2018-01-01,46,3.1
Pinellas County,Florida,2018-01-01,28,2.9
Fulton County,Georgia,2018-01-01,16,1.5
Honolulu County,Hawaii,2018-01-01,13,1.3
Cook County,Illinois,2018-01-01,122,2.4
Marion County,Indiana,2018-01-01,34,3.5
Sedgwick County,Kansas,2018-01-01,11,2.1
Jefferson County,Kentucky,2018-01-01,27,3.5
Orleans Parish,Louisiana,2018-01-01,19,4.9
Baltimore city,Maryland,2018-01-01,81,13.4
Suffolk County,Massachusetts,2018-01-01,23,2.9
Wayne County,Michigan,2018-01-01,106,6
Hennepin County,Minnesota,2018-01-01,18,1.4
St. Louis County,Missouri,2018-01-01,21,2.1
St. Louis city,Missouri,2018-01-01,19,6.3
Clark County,Nevada,2018-01-01,40,1.8
Washoe County,Nevada,2018-01-01,10,2.2
Essex County,New Jersey,2018-01-01,29,3.6
Bernalillo County,New Mexico,2018-01-01,15,2.2
Bronx County,New York,2018-01-01,47,3.3
Erie County,New York,2018-01-01,18,2
Kings County,New York,2018-01-01,26,1
Monroe County,New York,2018-01-01,18,2.4
New York County,New York,2018-01-01,28,1.7
Queens County,New York,2018-01-01,28,1.2
Suffolk County,New York,2018-01-01,34,2.3
Mecklenburg County,North Carolina,2018-01-01,28,2.6
Cuyahoga County,Ohio,2018-01-01,38,3.1
Franklin County,Ohio,2018-01-01,30,2.3
Montgomery County,Ohio,2018-01-01,28,5.3
Oklahoma County,Oklahoma,2018-01-01,18,2.3
Tulsa County,Oklahoma,2018-01-01,14,2.2
Allegheny County,Pennsylvania,2018-01-01,33,2.7
Philadelphia County,Pennsylvania,2018-01-01,103,6.5
Davidson County,Tennessee,2018-01-01,21,3
Knox County,Tennessee,2018-01-01,30,6.4
Shelby County,Tennessee,2018-01-01,11,1.2
Bexar County,Texas,2018-01-01,16,0.8
Dallas County,Texas,2018-01-01,36,1.4
Harris County,Texas,2018-01-01,47,1
Tarrant County,Texas,2018-01-01,16,0.8
Travis County,Texas,2018-01-01,12,1
Salt Lake County,Utah,2018-01-01,23,2
King County,Washington,2018-01-01,36,1.6
Pierce County,Washington,2018-01-01,14,1.6
Snohomish County,Washington,2018-01-01,15,1.8
Milwaukee County,Wisconsin,2018-01-01,30,3.2
Jefferson County,Alabama,2018-02-01,24,3.6
Maricopa County,Arizona,2018-02-01,61,1.4
Pima County,Arizona,2018-02-01,18,1.7
Alameda County,California,2018-02-01,14,0.8
Contra Costa County,California,2018-02-01,13,1.1
Fresno County,California,2018-02-01,12,1.2
Kern County,California,2018-02-01,20,2.2
Los Angeles County,California,2018-02-01,76,0.8
Orange County,California,2018-02-01,28,0.9
Riverside County,California,2018-02-01,34,1.4
Sacramento County,California,2018-02-01,18,1.2
San Bernardino County,California,2018-02-01,26,1.2
San Diego County,California,2018-02-01,35,1
San Francisco County,California,2018-02-01,26,3
Santa Clara County,California,2018-02-01,14,0.7
Ventura County,California,2018-02-01,10,1.2
Denver County,Colorado,2018-02-01,13,1.8
El Paso County,Colorado,2018-02-01,13,1.8
Hartford County,Connecticut,2018-02-01,30,3.3
New Haven County,Connecticut,2018-02-01,24,2.8
New Castle County,Delaware,2018-02-01,19,3.4
"Washington, D.C.","Washington, D.C.",2018-02-01,21,3
Brevard County,Florida,2018-02-01,19,3.2
Broward County,Florida,2018-02-01,30,1.5
Duval County,Florida,2018-02-01,18,1.9
Hillsborough County,Florida,2018-02-01,25,1.7
Miami-Dade County,Florida,2018-02-01,27,1
Orange County,Florida,2018-02-01,31,2.2
Palm Beach County,Florida,2018-02-01,41,2.8
Pinellas County,Florida,2018-02-01,18,1.8
Fulton County,Georgia,2018-02-01,20,1.9
Honolulu County,Hawaii,2018-02-01,14,1.4
Cook County,Illinois,2018-02-01,102,2
Marion County,Indiana,2018-02-01,28,2.9
Jefferson County,Kentucky,2018-02-01,35,4.6
Orleans Parish,Louisiana,2018-02-01,24,6.1
Baltimore city,Maryland,2018-02-01,95,15.8
Suffolk County,Massachusetts,2018-02-01,24,3
Wayne County,Michigan,2018-02-01,79,4.5
Ramsey County,Minnesota,2018-02-01,11,2
Jackson County,Missouri,2018-02-01,13,1.9
St. Louis County,Missouri,2018-02-01,18,1.8
St. Louis city,Missouri,2018-02-01,35,11.5
Clark County,Nevada,2018-02-01,31,1.4
Washoe County,Nevada,2018-02-01,12,2.6
Essex County,New Jersey,2018-02-01,27,3.4
Bernalillo County,New Mexico,2018-02-01,15,2.2
Bronx County,New York,2018-02-01,34,2.4
Erie County,New York,2018-02-01,22,2.4
Kings County,New York,2018-02-01,21,0.8
Monroe County,New York,2018-02-01,21,2.8
New York County,New York,2018-02-01,27,1.7
Queens County,New York,2018-02-01,16,0.7
Suffolk County,New York,2018-02-01,29,2
Mecklenburg County,North Carolina,2018-02-01,18,1.6
Cuyahoga County,Ohio,2018-02-01,39,3.1
Franklin County,Ohio,2018-02-01,41,3.1
Montgomery County,Ohio,2018-02-01,23,4.3
Oklahoma County,Oklahoma,2018-02-01,11,1.4
Tulsa County,Oklahoma,2018-02-01,16,2.5
Allegheny County,Pennsylvania,2018-02-01,32,2.6
Philadelphia County,Pennsylvania,2018-02-01,59,3.7
Davidson County,Tennessee,2018-02-01,25,3.6
Knox County,Tennessee,2018-02-01,28,6
Shelby County,Tennessee,2018-02-01,22,2.3
Bexar County,Texas,2018-02-01,20,1
Dallas County,Texas,2018-02-01,28,1.1
Harris County,Texas,2018-02-01,49,1
Tarrant County,Texas,2018-02-01,24,1.2
Travis County,Texas,2018-02-01,20,1.6
Salt Lake County,Utah,2018-02-01,26,2.3
King County,Washington,2018-02-01,39,1.8
Pierce County,Washington,2018-02-01,14,1.6
Snohomish County,Washington,2018-02-01,10,1.2
Milwaukee County,Wisconsin,2018-02-01,28,3
Jefferson County,Alabama,2018-03-01,25,3.8
Maricopa County,Arizona,2018-03-01,106,2.4
Pima County,Arizona,2018-03-01,24,2.3
Alameda County,California,2018-03-01,17,1
Contra Costa County,California,2018-03-01,11,1
Fresno County,California,2018-03-01,10,1
Kern County,California,2018-03-01,21,2.3
Los Angeles County,California,2018-03-01,62,0.6
Orange County,California,2018-03-01,32,1
Riverside County,California,2018-03-01,31,1.3
Sacramento County,California,2018-03-01,25,1.6
San Bernardino County,California,2018-03-01,22,1
San Diego County,California,2018-03-01,45,1.3
San Francisco County,California,2018-03-01,19,2.2
San Joaquin County,California,2018-03-01,13,1.7
Santa Clara County,California,2018-03-01,17,0.9
Ventura County,California,2018-03-01,12,1.4
Adams County,Colorado,2018-03-01,11,2.2
Denver County,Colorado,2018-03-01,21,2.9
El Paso County,Colorado,2018-03-01,10,1.4
Hartford County,Connecticut,2018-03-01,30,3.3
New Haven County,Connecticut,2018-03-01,36,4.2
New Castle County,Delaware,2018-03-01,24,4.3
"Washington, D.C.","Washington, D.C.",2018-03-01,22,3.1
Brevard County,Florida,2018-03-01,15,2.5
Broward County,Florida,2018-03-01,45,2.3
Duval County,Florida,2018-03-01,22,2.3
Hillsborough County,Florida,2018-03-01,22,1.5
Miami-Dade County,Florida,2018-03-01,20,0.7
Orange County,Florida,2018-03-01,20,1.4
Palm Beach County,Florida,2018-03-01,25,1.7
Pinellas County,Florida,2018-03-01,26,2.7
Fulton County,Georgia,2018-03-01,23,2.2
Honolulu County,Hawaii,2018-03-01,12,1.2
Cook County,Illinois,2018-03-01,115,2.2
Marion County,Indiana,2018-03-01,33,3.4
Jefferson County,Kentucky,2018-03-01,34,4.4
Orleans Parish,Louisiana,2018-03-01,27,6.9
Baltimore city,Maryland,2018-03-01,78,12.9
Suffolk County,Massachusetts,2018-03-01,34,4.2
Wayne County,Michigan,2018-03-01,82,4.7
Hennepin County,Minnesota,2018-03-01,18,1.4
Jackson County,Missouri,2018-03-01,10,1.4
St. Louis County,Missouri,2018-03-01,33,3.3
St. Louis city,Missouri,2018-03-01,23,7.6
Clark County,Nevada,2018-03-01,41,1.8
Essex County,New Jersey,2018-03-01,24,3
Bernalillo County,New Mexico,2018-03-01,24,3.5
Bronx County,New York,2018-03-01,26,1.8
Erie County,New York,2018-03-01,13,1.4
Kings County,New York,2018-03-01,32,1.2
Monroe County,New York,2018-03-01,19,2.6
New York County,New York,2018-03-01,31,1.9
Queens County,New York,2018-03-01,27,1.2
Suffolk County,New York,2018-03-01,40,2.7
Mecklenburg County,North Carolina,2018-03-01,15,1.4
Cuyahoga County,Ohio,2018-03-01,47,3.8
Franklin County,Ohio,2018-03-01,49,3.7
Montgomery County,Ohio,2018-03-01,13,2.4
Oklahoma County,Oklahoma,2018-03-01,11,1.4
Allegheny County,Pennsylvania,2018-03-01,45,3.7
Philadelphia County,Pennsylvania,2018-03-01,93,5.9
Davidson County,Tennessee,2018-03-01,33,4.8
Knox County,Tennessee,2018-03-01,19,4.1
Shelby County,Tennessee,2018-03-01,14,1.5
Bexar County,Texas,2018-03-01,15,0.8
Dallas County,Texas,2018-03-01,27,1
Harris County,Texas,2018-03-01,52,1.1
Tarrant County,Texas,2018-03-01,16,0.8
Travis County,Texas,2018-03-01,16,1.3
Salt Lake County,Utah,2018-03-01,18,1.6
King County,Washington,2018-03-01,30,1.3
Pierce County,Washington,2018-03-01,13,1.5
Snohomish County,Washington,2018-03-01,12,1.5
Milwaukee County,Wisconsin,2018-03-01,31,3.3
Jefferson County,Alabama,2018-04-01,20,3
Maricopa County,Arizona,2018-04-01,89,2
Pima County,Arizona,2018-04-01,17,1.6
Alameda County,California,2018-04-01,12,0.7
Contra Costa County,California,2018-04-01,13,1.1
Fresno County,California,2018-04-01,14,1.4
Kern County,California,2018-04-01,13,1.5
Los Angeles County,California,2018-04-01,80,0.8
Orange County,California,2018-04-01,27,0.9
Riverside County,California,2018-04-01,32,1.3
Sacramento County,California,2018-04-01,23,1.5
San Bernardino County,California,2018-04-01,16,0.7
San Diego County,California,2018-04-01,46,1.4
San Francisco County,California,2018-04-01,14,1.6
San Joaquin County,California,2018-04-01,13,1.7
Santa Clara County,California,2018-04-01,15,0.8
Adams County,Colorado,2018-04-01,13,2.5
El Paso County,Colorado,2018-04-01,14,2
Hartford County,Connecticut,2018-04-01,32,3.6
New Haven County,Connecticut,2018-04-01,21,2.4
New Castle County,Delaware,2018-04-01,21,3.8
"Washington, D.C.","Washington, D.C.",2018-04-01,35,5
Brevard County,Florida,2018-04-01,21,3.5
Broward County,Florida,2018-04-01,43,2.2
Duval County,Florida,2018-04-01,23,2.4
Hillsborough County,Florida,2018-04-01,16,1.1
Miami-Dade County,Florida,2018-04-01,18,0.7
Orange County,Florida,2018-04-01,23,1.7
Palm Beach County,Florida,2018-04-01,36,2.4
Pinellas County,Florida,2018-04-01,24,2.5
Fulton County,Georgia,2018-04-01,22,2.1
Honolulu County,Hawaii,2018-04-01,20,2
Cook County,Illinois,2018-04-01,93,1.8
Marion County,Indiana,2018-04-01,31,3.2
Sedgwick County,Kansas,2018-04-01,10,1.9
Jefferson County,Kentucky,2018-04-01,30,3.9
Orleans Parish,Louisiana,2018-04-01,15,3.8
Baltimore city,Maryland,2018-04-01,87,14.4
Suffolk County,Massachusetts,2018-04-01,17,2.1
Wayne County,Michigan,2018-04-01,58,3.3
Hennepin County,Minnesota,2018-04-01,17,1.4
Jackson County,Missouri,2018-04-01,13,1.9
St. Louis County,Missouri,2018-04-01,33,3.3
St. Louis city,Missouri,2018-04-01,32,10.5
Clark County,Nevada,2018-04-01,40,1.8
Washoe County,Nevada,2018-04-01,10,2.2
Essex County,New Jersey,2018-04-01,17,2.1
Bernalillo County,New Mexico,2018-04-01,17,2.5
Bronx County,New York,2018-04-01,41,2.9
Erie County,New York,2018-04-01,24,2.6
Kings County,New York,2018-04-01,29,1.1
Monroe County,New York,2018-04-01,13,1.7
New York County,New York,2018-04-01,40,2.5
Queens County,New York,2018-04-01,17,0.7
Suffolk County,New York,2018-04-01,28,1.9
Mecklenburg County,North Carolina,2018-04-01,26,2.4
Cuyahoga County,Ohio,2018-04-01,36,2.9
Franklin County,Ohio,2018-04-01,47,3.6
Montgomery County,Ohio,2018-04-01,19,3.6
Oklahoma County,Oklahoma,2018-04-01,13,1.6
Tulsa County,Oklahoma,2018-04-01,14,2.2
Allegheny County,Pennsylvania,2018-04-01,54,4.4
Philadelphia County,Pennsylvania,2018-04-01,100,6.3
Davidson County,Tennessee,2018-04-01,31,4.5
Knox County,Tennessee,2018-04-01,26,5.6
Shelby County,Tennessee,2018-04-01,10,1.1
Bexar County,Texas,2018-04-01,20,1
Dallas County,Texas,2018-04-01,34,1.3
Harris County,Texas,2018-04-01,53,1.1
Tarrant County,Texas,2018-04-01,23,1.1
Travis County,Texas,2018-04-01,10,0.8
Salt Lake County,Utah,2018-04-01,28,2.4
King County,Washington,2018-04-01,28,1.3
Pierce County,Washington,2018-04-01,10,1.1
Snohomish County,Washington,2018-04-01,11,1.4
Milwaukee County,Wisconsin,2018-04-01,24,2.5
Jefferson County,Alabama,2018-05-01,20,3
Maricopa County,Arizona,2018-05-01,93,2.1
Pima County,Arizona,2018-05-01,31,3
Alameda County,California,2018-05-01,12,0.7
Contra Costa County,California,2018-05-01,14,1.2
Fresno County,California,2018-05-01,10,1
Kern County,California,2018-05-01,15,1.7
Los Angeles County,California,2018-05-01,73,0.7
Orange County,California,2018-05-01,34,1.1
Riverside County,California,2018-05-01,33,1.3
Sacramento County,California,2018-05-01,29,1.9
San Bernardino County,California,2018-05-01,23,1.1
San Diego County,California,2018-05-01,34,1
San Francisco County,California,2018-05-01,17,1.9
Santa Clara County,California,2018-05-01,13,0.7
Ventura County,California,2018-05-01,12,1.4
Adams County,Colorado,2018-05-01,10,2
Arapahoe County,Colorado,2018-05-01,10,1.5
Denver County,Colorado,2018-05-01,16,2.2
El Paso County,Colorado,2018-05-01,10,1.4
Hartford County,Connecticut,2018-05-01,28,3.1
New Haven County,Connecticut,2018-05-01,25,2.9
New Castle County,Delaware,2018-05-01,23,4.1
"Washington, D.C.","Washington, D.C.",2018-05-01,30,4.3
Brevard County,Florida,2018-05-01,19,3.2
Broward County,Florida,2018-05-01,34,1.7
Duval County,Florida,2018-05-01,34,3.6
Hillsborough County,Florida,2018-05-01,28,1.9
Miami-Dade County,Florida,2018-05-01,19,0.7
Orange County,Florida,2018-05-01,26,1.9
Palm Beach County,Florida,2018-05-01,39,2.6
Pinellas County,Florida,2018-05-01,16,1.6
Fulton County,Georgia,2018-05-01,18,1.7
Cook County,Illinois,2018-05-01,99,1.9
Marion County,Indiana,2018-05-01,32,3.3
Jefferson County,Kentucky,2018-05-01,21,2.7
Orleans Parish,Louisiana,2018-05-01,23,5.9
Baltimore city,Maryland,2018-05-01,83,13.8
Suffolk County,Massachusetts,2018-05-01,30,3.7
Wayne County,Michigan,2018-05-01,68,3.9
Hennepin County,Minnesota,2018-05-01,14,1.1
Ramsey County,Minnesota,2018-05-01,11,2
Jackson County,Missouri,2018-05-01,14,2
St. Louis County,Missouri,2018-05-01,22,2.2
St. Louis city,Missouri,2018-05-01,28,9.2
Clark County,Nevada,2018-05-01,34,1.5
Essex County,New Jersey,2018-05-01,34,4.3
Bernalillo County,New Mexico,2018-05-01,14,2.1
Bronx County,New York,2018-05-01,34,2.4
Erie County,New York,2018-05-01,26,2.8
Kings County,New York,2018-05-01,26,1
Monroe County,New York,2018-05-01,24,3.2
New York County,New York,2018-05-01,22,1.4
Queens County,New York,2018-05-01,18,0.8
Suffolk County,New York,2018-05-01,27,1.8
Mecklenburg County,North Carolina,2018-05-01,24,2.2
Cuyahoga County,Ohio,2018-05-01,39,3.1
Franklin County,Ohio,2018-05-01,48,3.7
Montgomery County,Ohio,2018-05-01,24,4.5
Oklahoma County,Oklahoma,2018-05-01,19,2.4
Tulsa County,Oklahoma,2018-05-01,21,3.2
Allegheny County,Pennsylvania,2018-05-01,49,4
Philadelphia County,Pennsylvania,2018-05-01,108,6.8
Davidson County,Tennessee,2018-05-01,26,3.8
Knox County,Tennessee,2018-05-01,32,6.9
Shelby County,Tennessee,2018-05-01,14,1.5
Bexar County,Texas,2018-05-01,20,1
Dallas County,Texas,2018-05-01,35,1.3
Harris County,Texas,2018-05-01,52,1.1
Tarrant County,Texas,2018-05-01,14,0.7
Salt Lake County,Utah,2018-05-01,30,2.6
King County,Washington,2018-05-01,43,1.9
Pierce County,Washington,2018-05-01,10,1.1
Spokane County,Washington,2018-05-01,10,1.9
Milwaukee County,Wisconsin,2018-05-01,37,3.9
Jefferson County,Alabama,2018-06-01,14,2.1
Maricopa County,Arizona,2018-06-01,97,2.2
Pima County,Arizona,2018-06-01,21,2
Alameda County,California,2018-06-01,15,0.9
Contra Costa County,California,2018-06-01,13,1.1
Kern County,California,2018-06-01,18,2
Los Angeles County,California,2018-06-01,91,0.9
Orange County,California,2018-06-01,38,1.2
Riverside County,California,2018-06-01,32,1.3
Sacramento County,California,2018-06-01,17,1.1
San Bernardino County,California,2018-06-01,29,1.3
San Diego County,California,2018-06-01,43,1.3
San Francisco County,California,2018-06-01,24,2.7
San Joaquin County,California,2018-06-01,12,1.6
Santa Clara County,California,2018-06-01,13,0.7
Ventura County,California,2018-06-01,12,1.4
Denver County,Colorado,2018-06-01,10,1.4
Jefferson County,Colorado,2018-06-01,11,1.9
Hartford County,Connecticut,2018-06-01,35,3.9
New Haven County,Connecticut,2018-06-01,23,2.7
New Castle County,Delaware,2018-06-01,20,3.6
"Washington, D.C.","Washington, D.C.",2018-06-01,17,2.4
Brevard County,Florida,2018-06-01,27,4.5
Broward County,Florida,2018-06-01,44,2.3
Duval County,Florida,2018-06-01,24,2.5
Hillsborough County,Florida,2018-06-01,20,1.4
Miami-Dade County,Florida,2018-06-01,19,0.7
Orange County,Florida,2018-06-01,20,1.4
Palm Beach County,Florida,2018-06-01,43,2.9
Pinellas County,Florida,2018-06-01,23,2.4
Fulton County,Georgia,2018-06-01,16,1.5
Honolulu County,Hawaii,2018-06-01,11,1.1
Cook County,Illinois,2018-06-01,106,2
Marion County,Indiana,2018-06-01,30,3.1
Sedgwick County,Kansas,2018-06-01,15,2.9
Jefferson County,Kentucky,2018-06-01,31,4
Orleans Parish,Louisiana,2018-06-01,16,4.1
Baltimore city,Maryland,2018-06-01,76,12.6
Suffolk County,Massachusetts,2018-06-01,29,3.6
Wayne County,Michigan,2018-06-01,66,3.8
Hennepin County,Minnesota,2018-06-01,19,1.5
Jackson County,Missouri,2018-06-01,15,2.1
St. Louis County,Missouri,2018-06-01,30,3
St. Louis city,Missouri,2018-06-01,28,9.2
Clark County,Nevada,2018-06-01,43,1.9
Washoe County,Nevada,2018-06-01,17,3.7
Essex County,New Jersey,2018-06-01,30,3.8
Bernalillo County,New Mexico,2018-06-01,24,3.5
Bronx County,New York,2018-06-01,38,2.7
Erie County,New York,2018-06-01,18,2
Kings County,New York,2018-06-01,25,1
Monroe County,New York,2018-06-01,21,2.8
New York County,New York,2018-06-01,28,1.7
Queens County,New York,2018-06-01,21,0.9
Suffolk County,New York,2018-06-01,32,2.2
Mecklenburg County,North Carolina,2018-06-01,19,1.7
Cuyahoga County,Ohio,2018-06-01,41,3.3
Franklin County,Ohio,2018-06-01,53,4.1
Montgomery County,Ohio,2018-06-01,26,4.9
Tulsa County,Oklahoma,2018-06-01,18,2.8
Allegheny County,Pennsylvania,2018-06-01,57,4.7
Philadelphia County,Pennsylvania,2018-06-01,78,4.9
Davidson County,Tennessee,2018-06-01,32,4.6
Knox County,Tennessee,2018-06-01,24,5.1
Shelby County,Tennessee,2018-06-01,17,1.8
Bexar County,Texas,2018-06-01,28,1.4
Dallas County,Texas,2018-06-01,29,1.1
Harris County,Texas,2018-06-01,59,1.3
Tarrant County,Texas,2018-06-01,15,0.7
Travis County,Texas,2018-06-01,16,1.3
Salt Lake County,Utah,2018-06-01,29,2.5
King County,Washington,2018-06-01,34,1.5
Pierce County,Washington,2018-06-01,15,1.7
Snohomish County,Washington,2018-06-01,14,1.7
Milwaukee County,Wisconsin,2018-06-01,36,3.8
Jefferson County,Alabama,2018-07-01,17,2.6
Maricopa County,Arizona,2018-07-01,136,3.1
Pima County,Arizona,2018-07-01,32,3.1
Alameda County,California,2018-07-01,17,1
Contra Costa County,California,2018-07-01,10,0.9
Fresno County,California,2018-07-01,12,1.2
Kern County,California,2018-07-01,24,2.7
Los Angeles County,California,2018-07-01,94,0.9
Orange County,California,2018-07-01,40,1.3
Riverside County,California,2018-07-01,40,1.6
San Bernardino County,California,2018-07-01,18,0.8
San Diego County,California,2018-07-01,50,1.5
San Francisco County,California,2018-07-01,27,3.1
Santa Clara County,California,2018-07-01,22,1.1
Ventura County,California,2018-07-01,10,1.2
Adams County,Colorado,2018-07-01,12,2.3
Arapahoe County,Colorado,2018-07-01,17,2.6
Denver County,Colorado,2018-07-01,13,1.8
El Paso County,Colorado,2018-07-01,10,1.4
Jefferson County,Colorado,2018-07-01,14,2.4
Hartford County,Connecticut,2018-07-01,30,3.3
New Haven County,Connecticut,2018-07-01,20,2.3
New Castle County,Delaware,2018-07-01,15,2.7
"Washington, D.C.","Washington, D.C.",2018-07-01,26,3.7
Brevard County,Florida,2018-07-01,23,3.9
Broward County,Florida,2018-07-01,40,2.1
Duval County,Florida,2018-07-01,23,2.4
Hillsborough County,Florida,2018-07-01,28,1.9
Miami-Dade County,Florida,2018-07-01,24,0.9
Orange County,Florida,2018-07-01,25,1.8
Palm Beach County,Florida,2018-07-01,36,2.4
Pinellas County,Florida,2018-07-01,33,3.4
Fulton County,Georgia,2018-07-01,14,1.3
Honolulu County,Hawaii,2018-07-01,13,1.3
Cook County,Illinois,2018-07-01,114,2.2
Marion County,Indiana,2018-07-01,27,2.8
Sedgwick County,Kansas,2018-07-01,11,2.1
Jefferson County,Kentucky,2018-07-01,24,3.1
Orleans Parish,Louisiana,2018-07-01,14,3.6
Baltimore city,Maryland,2018-07-01,65,10.8
Suffolk County,Massachusetts,2018-07-01,24,3
Wayne County,Michigan,2018-07-01,86,4.9
Hennepin County,Minnesota,2018-07-01,15,1.2
Ramsey County,Minnesota,2018-07-01,12,2.2
Jackson County,Missouri,2018-07-01,15,2.1
St. Louis County,Missouri,2018-07-01,34,3.4
St. Louis city,Missouri,2018-07-01,25,8.2
Clark County,Nevada,2018-07-01,79,3.5
Essex County,New Jersey,2018-07-01,23,2.9
Bernalillo County,New Mexico,2018-07-01,21,3.1
Bronx County,New York,2018-07-01,34,2.4
Erie County,New York,2018-07-01,16,1.7
Kings County,New York,2018-07-01,21,0.8
Monroe County,New York,2018-07-01,24,3.2
New York County,New York,2018-07-01,38,2.3
Queens County,New York,2018-07-01,24,1.1
Suffolk County,New York,2018-07-01,35,2.4
Mecklenburg County,North Carolina,2018-07-01,14,1.3
Cuyahoga County,Ohio,2018-07-01,43,3.5
Franklin County,Ohio,2018-07-01,48,3.7
Montgomery County,Ohio,2018-07-01,26,4.9
Oklahoma County,Oklahoma,2018-07-01,12,1.5
Tulsa County,Oklahoma,2018-07-01,15,2.3
Allegheny County,Pennsylvania,2018-07-01,39,3.2
Philadelphia County,Pennsylvania,2018-07-01,106,6.7
Davidson County,Tennessee,2018-07-01,29,4.2
Knox County,Tennessee,2018-07-01,30,6.4
Shelby County,Tennessee,2018-07-01,15,1.6
Bexar County,Texas,2018-07-01,23,1.2
Dallas County,Texas,2018-07-01,37,1.4
Harris County,Texas,2018-07-01,48,1
Tarrant County,Texas,2018-07-01,16,0.8
Travis County,Texas,2018-07-01,23,1.8
Salt Lake County,Utah,2018-07-01,23,2
King County,Washington,2018-07-01,32,1.4
Pierce County,Washington,2018-07-01,14,1.6
Snohomish County,Washington,2018-07-01,15,1.8
Milwaukee County,Wisconsin,2018-07-01,29,3.1
Jefferson County,Alabama,2018-08-01,18,2.7
Maricopa County,Arizona,2018-08-01,124,2.8
Pima County,Arizona,2018-08-01,16,1.5
Alameda County,California,2018-08-01,18,1.1
Contra Costa County,California,2018-08-01,11,1
Kern County,California,2018-08-01,23,2.6
Los Angeles County,California,2018-08-01,103,1
Orange County,California,2018-08-01,38,1.2
Riverside County,California,2018-08-01,39,1.6
Sacramento County,California,2018-08-01,23,1.5
San Bernardino County,California,2018-08-01,36,1.7
San Diego County,California,2018-08-01,41,1.2
San Francisco County,California,2018-08-01,16,1.8
San Joaquin County,California,2018-08-01,14,1.9
Santa Clara County,California,2018-08-01,13,0.7
Ventura County,California,2018-08-01,13,1.5
Adams County,Colorado,2018-08-01,13,2.5
Arapahoe County,Colorado,2018-08-01,13,2
Denver County,Colorado,2018-08-01,10,1.4
El Paso County,Colorado,2018-08-01,13,1.8
Hartford County,Connecticut,2018-08-01,23,2.6
New Haven County,Connecticut,2018-08-01,25,2.9
New Castle County,Delaware,2018-08-01,31,5.6
"Washington, D.C.","Washington, D.C.",2018-08-01,23,3.3
Brevard County,Florida,2018-08-01,22,3.7
Broward County,Florida,2018-08-01,41,2.1
Duval County,Florida,2018-08-01,30,3.2
Hillsborough County,Florida,2018-08-01,20,1.4
Miami-Dade County,Florida,2018-08-01,16,0.6
Orange County,Florida,2018-08-01,15,1.1
Palm Beach County,Florida,2018-08-01,39,2.6
Pinellas County,Florida,2018-08-01,34,3.5
Fulton County,Georgia,2018-08-01,14,1.3
Honolulu County,Hawaii,2018-08-01,15,1.5
Cook County,Illinois,2018-08-01,99,1.9
Marion County,Indiana,2018-08-01,36,3.8
Sedgwick County,Kansas,2018-08-01,10,1.9
Jefferson County,Kentucky,2018-08-01,31,4
Baltimore city,Maryland,2018-08-01,52,8.6
Suffolk County,Massachusetts,2018-08-01,29,3.6
Wayne County,Michigan,2018-08-01,63,3.6
Hennepin County,Minnesota,2018-08-01,12,1
Jackson County,Missouri,2018-08-01,14,2
St. Louis County,Missouri,2018-08-01,27,2.7
St. Louis city,Missouri,2018-08-01,26,8.6
Clark County,Nevada,2018-08-01,56,2.5
Washoe County,Nevada,2018-08-01,15,3.2
Essex County,New Jersey,2018-08-01,23,2.9
Bernalillo County,New Mexico,2018-08-01,17,2.5
Bronx County,New York,2018-08-01,47,3.3
Erie County,New York,2018-08-01,14,1.5
Kings County,New York,2018-08-01,23,0.9
Monroe County,New York,2018-08-01,11,1.5
New York County,New York,2018-08-01,40,2.5
Queens County,New York,2018-08-01,23,1
Suffolk County,New York,2018-08-01,43,2.9
Mecklenburg County,North Carolina,2018-08-01,19,1.7
Cuyahoga County,Ohio,2018-08-01,55,4.4
Franklin County,Ohio,2018-08-01,47,3.6
Montgomery County,Ohio,2018-08-01,30,5.6
Oklahoma County,Oklahoma,2018-08-01,16,2
Tulsa County,Oklahoma,2018-08-01,13,2
Allegheny County,Pennsylvania,2018-08-01,43,3.5
Philadelphia County,Pennsylvania,2018-08-01,103,6.5
Davidson County,Tennessee,2018-08-01,26,3.8
Knox County,Tennessee,2018-08-01,22,4.7
Shelby County,Tennessee,2018-08-01,16,1.7
Bexar County,Texas,2018-08-01,28,1.4
Dallas County,Texas,2018-08-01,32,1.2
Harris County,Texas,2018-08-01,55,1.2
Tarrant County,Texas,2018-08-01,15,0.7
Travis County,Texas,2018-08-01,22,1.8
Salt Lake County,Utah,2018-08-01,25,2.2
King County,Washington,2018-08-01,28,1.3
Pierce County,Washington,2018-08-01,14,1.6
Snohomish County,Washington,2018-08-01,21,2.6
Milwaukee County,Wisconsin,2018-08-01,39,4.1
Jefferson County,Alabama,2018-09-01,20,3
Maricopa County,Arizona,2018-09-01,72,1.6
Pima County,Arizona,2018-09-01,19,1.8
Alameda County,California,2018-09-01,19,1.1
Contra Costa County,California,2018-09-01,14,1.2
Kern County,California,2018-09-01,25,2.8
Los Angeles County,California,2018-09-01,81,0.8
Orange County,California,2018-09-01,41,1.3
Riverside County,California,2018-09-01,44,1.8
Sacramento County,California,2018-09-01,20,1.3
San Bernardino County,California,2018-09-01,23,1.1
San Diego County,California,2018-09-01,34,1
San Francisco County,California,2018-09-01,34,3.9
Santa Clara County,California,2018-09-01,22,1.1
Ventura County,California,2018-09-01,10,1.2
Adams County,Colorado,2018-09-01,13,2.5
Denver County,Colorado,2018-09-01,13,1.8
El Paso County,Colorado,2018-09-01,11,1.5
Hartford County,Connecticut,2018-09-01,30,3.3
New Haven County,Connecticut,2018-09-01,27,3.1
New Castle County,Delaware,2018-09-01,25,4.5
"Washington, D.C.","Washington, D.C.",2018-09-01,29,4.1
Brevard County,Florida,2018-09-01,23,3.9
Broward County,Florida,2018-09-01,49,2.5
Duval County,Florida,2018-09-01,22,2.3
Hillsborough County,Florida,2018-09-01,21,1.4
Miami-Dade County,Florida,2018-09-01,13,0.5
Orange County,Florida,2018-09-01,18,1.3
Palm Beach County,Florida,2018-09-01,41,2.8
Pinellas County,Florida,2018-09-01,26,2.7
Fulton County,Georgia,2018-09-01,20,1.9
Honolulu County,Hawaii,2018-09-01,14,1.4
Cook County,Illinois,2018-09-01,118,2.3
Marion County,Indiana,2018-09-01,31,3.2
Jefferson County,Kentucky,2018-09-01,19,2.5
Orleans Parish,Louisiana,2018-09-01,18,4.6
Baltimore city,Maryland,2018-09-01,61,10.1
Suffolk County,Massachusetts,2018-09-01,32,4
Wayne County,Michigan,2018-09-01,81,4.6
Hennepin County,Minnesota,2018-09-01,19,1.5
Jackson County,Missouri,2018-09-01,19,2.7
St. Louis County,Missouri,2018-09-01,32,3.2
St. Louis city,Missouri,2018-09-01,32,10.5
Clark County,Nevada,2018-09-01,36,1.6
Washoe County,Nevada,2018-09-01,10,2.2
Essex County,New Jersey,2018-09-01,27,3.4
Bernalillo County,New Mexico,2018-09-01,19,2.8
Bronx County,New York,2018-09-01,29,2
Erie County,New York,2018-09-01,12,1.3
Kings County,New York,2018-09-01,28,1.1
Monroe County,New York,2018-09-01,21,2.8
New York County,New York,2018-09-01,23,1.4
Queens County,New York,2018-09-01,15,0.7
Suffolk County,New York,2018-09-01,25,1.7
Mecklenburg County,North Carolina,2018-09-01,24,2.2
Cuyahoga County,Ohio,2018-09-01,55,4.4
Franklin County,Ohio,2018-09-01,49,3.7
Montgomery County,Ohio,2018-09-01,31,5.8
Oklahoma County,Oklahoma,2018-09-01,15,1.9
Allegheny County,Pennsylvania,2018-09-01,41,3.4
Philadelphia County,Pennsylvania,2018-09-01,91,5.7
Davidson County,Tennessee,2018-09-01,25,3.6
Knox County,Tennessee,2018-09-01,24,5.1
Shelby County,Tennessee,2018-09-01,16,1.7
Bexar County,Texas,2018-09-01,24,1.2
Dallas County,Texas,2018-09-01,21,0.8
Harris County,Texas,2018-09-01,61,1.3
Tarrant County,Texas,2018-09-01,17,0.8
Travis County,Texas,2018-09-01,17,1.4
Salt Lake County,Utah,2018-09-01,23,2
King County,Washington,2018-09-01,44,2
Snohomish County,Washington,2018-09-01,14,1.7
Milwaukee County,Wisconsin,2018-09-01,31,3.3
Jefferson County,Alabama,2018-10-01,15,2.3
Maricopa County,Arizona,2018-10-01,75,1.7
Pima County,Arizona,2018-10-01,25,2.4
Alameda County,California,2018-10-01,17,1
Kern County,California,2018-10-01,23,2.6
Los Angeles County,California,2018-10-01,99,1
Orange County,California,2018-10-01,39,1.2
Riverside County,California,2018-10-01,41,1.7
Sacramento County,California,2018-10-01,25,1.6
San Bernardino County,California,2018-10-01,21,1
San Diego County,California,2018-10-01,33,1
San Francisco County,California,2018-10-01,20,2.3
Santa Clara County,California,2018-10-01,19,1
Ventura County,California,2018-10-01,11,1.3
Arapahoe County,Colorado,2018-10-01,13,2
Denver County,Colorado,2018-10-01,17,2.4
Jefferson County,Colorado,2018-10-01,11,1.9
Hartford County,Connecticut,2018-10-01,32,3.6
New Haven County,Connecticut,2018-10-01,14,1.6
New Castle County,Delaware,2018-10-01,27,4.8
"Washington, D.C.","Washington, D.C.",2018-10-01,19,2.7
Brevard County,Florida,2018-10-01,18,3
Broward County,Florida,2018-10-01,37,1.9
Duval County,Florida,2018-10-01,27,2.8
Hillsborough County,Florida,2018-10-01,13,0.9
Miami-Dade County,Florida,2018-10-01,28,1
Orange County,Florida,2018-10-01,24,1.7
Palm Beach County,Florida,2018-10-01,41,2.8
Pinellas County,Florida,2018-10-01,20,2.1
Fulton County,Georgia,2018-10-01,16,1.5
Cook County,Illinois,2018-10-01,135,2.6
Marion County,Indiana,2018-10-01,44,4.6
Jefferson County,Kentucky,2018-10-01,28,3.6
Orleans Parish,Louisiana,2018-10-01,17,4.3
Baltimore city,Maryland,2018-10-01,68,11.3
Suffolk County,Massachusetts,2018-10-01,15,1.9
Wayne County,Michigan,2018-10-01,61,3.5
Hennepin County,Minnesota,2018-10-01,19,1.5
Jackson County,Missouri,2018-10-01,13,1.9
St. Louis County,Missouri,2018-10-01,36,3.6
St. Louis city,Missouri,2018-10-01,24,7.9
Clark County,Nevada,2018-10-01,35,1.6
Washoe County,Nevada,2018-10-01,10,2.2
Essex County,New Jersey,2018-10-01,31,3.9
Bernalillo County,New Mexico,2018-10-01,15,2.2
Bronx County,New York,2018-10-01,33,2.3
Erie County,New York,2018-10-01,28,3
Kings County,New York,2018-10-01,29,1.1
Monroe County,New York,2018-10-01,32,4.3
New York County,New York,2018-10-01,28,1.7
Queens County,New York,2018-10-01,14,0.6
Suffolk County,New York,2018-10-01,28,1.9
Mecklenburg County,North Carolina,2018-10-01,22,2
Cuyahoga County,Ohio,2018-10-01,38,3.1
Franklin County,Ohio,2018-10-01,57,4.4
Montgomery County,Ohio,2018-10-01,28,5.3
Oklahoma County,Oklahoma,2018-10-01,18,2.3
Tulsa County,Oklahoma,2018-10-01,11,1.7
Allegheny County,Pennsylvania,2018-10-01,37,3
Philadelphia County,Pennsylvania,2018-10-01,101,6.4
Davidson County,Tennessee,2018-10-01,26,3.8
Knox County,Tennessee,2018-10-01,28,6
Shelby County,Tennessee,2018-10-01,15,1.6
Bexar County,Texas,2018-10-01,19,1
Dallas County,Texas,2018-10-01,28,1.1
Harris County,Texas,2018-10-01,45,1
Tarrant County,Texas,2018-10-01,11,0.5
Travis County,Texas,2018-10-01,12,1
Salt Lake County,Utah,2018-10-01,13,1.1
King County,Washington,2018-10-01,24,1.1
Pierce County,Washington,2018-10-01,14,1.6
Snohomish County,Washington,2018-10-01,15,1.8
Milwaukee County,Wisconsin,2018-10-01,22,2.3
Jefferson County,Alabama,2018-11-01,17,2.6
Maricopa County,Arizona,2018-11-01,100,2.3
Pima County,Arizona,2018-11-01,20,1.9
Alameda County,California,2018-11-01,15,0.9
Contra Costa County,California,2018-11-01,14,1.2
Kern County,California,2018-11-01,13,1.5
Los Angeles County,California,2018-11-01,87,0.9
Orange County,California,2018-11-01,30,0.9
Riverside County,California,2018-11-01,31,1.3
Sacramento County,California,2018-11-01,18,1.2
San Bernardino County,California,2018-11-01,21,1
San Diego County,California,2018-11-01,34,1
San Francisco County,California,2018-11-01,28,3.2
San Joaquin County,California,2018-11-01,10,1.3
Santa Clara County,California,2018-11-01,13,0.7
Arapahoe County,Colorado,2018-11-01,11,1.7
Denver County,Colorado,2018-11-01,17,2.4
Hartford County,Connecticut,2018-11-01,27,3
New Haven County,Connecticut,2018-11-01,28,3.2
New Castle County,Delaware,2018-11-01,23,4.1
"Washington, D.C.","Washington, D.C.",2018-11-01,21,3
Brevard County,Florida,2018-11-01,26,4.4
Broward County,Florida,2018-11-01,39,2
Duval County,Florida,2018-11-01,30,3.2
Hillsborough County,Florida,2018-11-01,37,2.5
Miami-Dade County,Florida,2018-11-01,19,0.7
Orange County,Florida,2018-11-01,29,2.1
Palm Beach County,Florida,2018-11-01,38,2.6
Pinellas County,Florida,2018-11-01,32,3.3
Fulton County,Georgia,2018-11-01,14,1.3
Honolulu County,Hawaii,2018-11-01,12,1.2
Cook County,Illinois,2018-11-01,92,1.8
Marion County,Indiana,2018-11-01,34,3.5
Jefferson County,Kentucky,2018-11-01,25,3.3
Orleans Parish,Louisiana,2018-11-01,19,4.9
Baltimore city,Maryland,2018-11-01,78,12.9
Suffolk County,Massachusetts,2018-11-01,20,2.5
Wayne County,Michigan,2018-11-01,76,4.3
Hennepin County,Minnesota,2018-11-01,18,1.4
Jackson County,Missouri,2018-11-01,13,1.9
St. Louis County,Missouri,2018-11-01,22,2.2
St. Louis city,Missouri,2018-11-01,25,8.2
Clark County,Nevada,2018-11-01,32,1.4
Washoe County,Nevada,2018-11-01,10,2.2
Essex County,New Jersey,2018-11-01,33,4.1
Bernalillo County,New Mexico,2018-11-01,10,1.5
Bronx County,New York,2018-11-01,27,1.9
Erie County,New York,2018-11-01,14,1.5
Kings County,New York,2018-11-01,22,0.9
Monroe County,New York,2018-11-01,23,3.1
New York County,New York,2018-11-01,20,1.2
Queens County,New York,2018-11-01,19,0.8
Suffolk County,New York,2018-11-01,27,1.8
Mecklenburg County,North Carolina,2018-11-01,21,1.9
Cuyahoga County,Ohio,2018-11-01,48,3.9
Franklin County,Ohio,2018-11-01,54,4.1
Montgomery County,Ohio,2018-11-01,39,7.3
Oklahoma County,Oklahoma,2018-11-01,12,1.5
Allegheny County,Pennsylvania,2018-11-01,31,2.5
Philadelphia County,Pennsylvania,2018-11-01,80,5.1
Davidson County,Tennessee,2018-11-01,28,4.1
Knox County,Tennessee,2018-11-01,26,5.6
Shelby County,Tennessee,2018-11-01,21,2.2
Bexar County,Texas,2018-11-01,12,0.6
Dallas County,Texas,2018-11-01,27,1
Harris County,Texas,2018-11-01,58,1.2
Tarrant County,Texas,2018-11-01,12,0.6
Travis County,Texas,2018-11-01,15,1.2
Salt Lake County,Utah,2018-11-01,13,1.1
King County,Washington,2018-11-01,25,1.1
Pierce County,Washington,2018-11-01,16,1.8
Snohomish County,Washington,2018-11-01,13,1.6
Milwaukee County,Wisconsin,2018-11-01,33,3.5
Jefferson County,Alabama,2018-12-01,20,3
Maricopa County,Arizona,2018-12-01,94,2.1
Pima County,Arizona,2018-12-01,23,2.2
Alameda County,California,2018-12-01,17,1
Fresno County,California,2018-12-01,12,1.2
Kern County,California,2018-12-01,20,2.2
Los Angeles County,California,2018-12-01,97,1
Orange County,California,2018-12-01,41,1.3
Riverside County,California,2018-12-01,26,1.1
Sacramento County,California,2018-12-01,14,0.9
San Bernardino County,California,2018-12-01,18,0.8
San Diego County,California,2018-12-01,39,1.2
San Francisco County,California,2018-12-01,28,3.2
Santa Clara County,California,2018-12-01,24,1.2
Ventura County,California,2018-12-01,13,1.5
Denver County,Colorado,2018-12-01,18,2.5
El Paso County,Colorado,2018-12-01,19,2.7
Jefferson County,Colorado,2018-12-01,10,1.7
Hartford County,Connecticut,2018-12-01,25,2.8
New Haven County,Connecticut,2018-12-01,22,2.5
New Castle County,Delaware,2018-12-01,14,2.5
"Washington, D.C.","Washington, D.C.",2018-12-01,22,3.1
Brevard County,Florida,2018-12-01,26,4.4
Broward County,Florida,2018-12-01,36,1.8
Duval County,Florida,2018-12-01,29,3.1
Hillsborough County,Florida,2018-12-01,27,1.9
Miami-Dade County,Florida,2018-12-01,28,1
Orange County,Florida,2018-12-01,26,1.9
Palm Beach County,Florida,2018-12-01,34,2.3
Pinellas County,Florida,2018-12-01,35,3.6
Fulton County,Georgia,2018-12-01,25,2.4
Honolulu County,Hawaii,2018-12-01,13,1.3
Cook County,Illinois,2018-12-01,122,2.4
Marion County,Indiana,2018-12-01,24,2.5
Jefferson County,Kentucky,2018-12-01,24,3.1
Orleans Parish,Louisiana,2018-12-01,12,3.1
Baltimore city,Maryland,2018-12-01,84,13.9
Suffolk County,Massachusetts,2018-12-01,22,2.7
Wayne County,Michigan,2018-12-01,66,3.8
Hennepin County,Minnesota,2018-12-01,16,1.3
St. Louis County,Missouri,2018-12-01,32,3.2
St. Louis city,Missouri,2018-12-01,31,10.2
Clark County,Nevada,2018-12-01,43,1.9
Washoe County,Nevada,2018-12-01,14,3
Essex County,New Jersey,2018-12-01,20,2.5
Bernalillo County,New Mexico,2018-12-01,19,2.8
Bronx County,New York,2018-12-01,41,2.9
Erie County,New York,2018-12-01,14,1.5
Kings County,New York,2018-12-01,28,1.1
Monroe County,New York,2018-12-01,18,2.4
New York County,New York,2018-12-01,23,1.4
Queens County,New York,2018-12-01,21,0.9
Suffolk County,New York,2018-12-01,22,1.5
Mecklenburg County,North Carolina,2018-12-01,12,1.1
Cuyahoga County,Ohio,2018-12-01,42,3.4
Franklin County,Ohio,2018-12-01,43,3.3
Montgomery County,Ohio,2018-12-01,31,5.8
Allegheny County,Pennsylvania,2018-12-01,43,3.5
Philadelphia County,Pennsylvania,2018-12-01,83,5.2
Davidson County,Tennessee,2018-12-01,29,4.2
Knox County,Tennessee,2018-12-01,24,5.1
Shelby County,Tennessee,2018-12-01,12,1.3
Bexar County,Texas,2018-12-01,13,0.7
Dallas County,Texas,2018-12-01,26,1
Harris County,Texas,2018-12-01,44,0.9
Tarrant County,Texas,2018-12-01,14,0.7
Travis County,Texas,2018-12-01,15,1.2
Salt Lake County,Utah,2018-12-01,22,1.9
King County,Washington,2018-12-01,29,1.3
Pierce County,Washington,2018-12-01,20,2.2
Snohomish County,Washington,2018-12-01,17,2.1
Milwaukee County,Wisconsin,2018-12-01,38,4
Jefferson County,Alabama,2019-01-01,14,2.1
Maricopa County,Arizona,2019-01-01,97,2.2
Pima County,Arizona,2019-01-01,25,2.4
Alameda County,California,2019-01-01,15,0.9
Contra Costa County,California,2019-01-01,11,1
Fresno County,California,2019-01-01,12,1.2
Kern County,California,2019-01-01,24,2.7
Los Angeles County,California,2019-01-01,98,1
Orange County,California,2019-01-01,39,1.2
Riverside County,California,2019-01-01,33,1.3
Sacramento County,California,2019-01-01,32,2.1
San Bernardino County,California,2019-01-01,22,1
San Diego County,California,2019-01-01,35,1
San Francisco County,California,2019-01-01,29,3.3
San Joaquin County,California,2019-01-01,12,1.6
Santa Clara County,California,2019-01-01,29,1.5
Ventura County,California,2019-01-01,11,1.3
Denver County,Colorado,2019-01-01,12,1.7
El Paso County,Colorado,2019-01-01,10,1.4
Hartford County,Connecticut,2019-01-01,25,2.8
New Haven County,Connecticut,2019-01-01,24,2.8
New Castle County,Delaware,2019-01-01,18,3.2
"Washington, D.C.","Washington, D.C.",2019-01-01,24,3.4
Brevard County,Florida,2019-01-01,31,5.1
Broward County,Florida,2019-01-01,37,1.9
Duval County,Florida,2019-01-01,35,3.7
Hillsborough County,Florida,2019-01-01,18,1.2
Miami-Dade County,Florida,2019-01-01,20,0.7
Orange County,Florida,2019-01-01,22,1.6
Palm Beach County,Florida,2019-01-01,35,2.3
Pinellas County,Florida,2019-01-01,33,3.4
Fulton County,Georgia,2019-01-01,19,1.8
Honolulu County,Hawaii,2019-01-01,19,1.9
Cook County,Illinois,2019-01-01,102,2
Marion County,Indiana,2019-01-01,29,3
Sedgwick County,Kansas,2019-01-01,12,2.3
Jefferson County,Kentucky,2019-01-01,37,4.8
Orleans Parish,Louisiana,2019-01-01,19,4.9
Baltimore city,Maryland,2019-01-01,94,15.8
Suffolk County,Massachusetts,2019-01-01,29,3.6
Wayne County,Michigan,2019-01-01,68,3.9
Hennepin County,Minnesota,2019-01-01,31,2.4
Jackson County,Missouri,2019-01-01,14,2
St. Louis County,Missouri,2019-01-01,40,4
St. Louis city,Missouri,2019-01-01,31,10.3
Clark County,Nevada,2019-01-01,47,2.1
Washoe County,Nevada,2019-01-01,14,3
Essex County,New Jersey,2019-01-01,32,4
Bernalillo County,New Mexico,2019-01-01,10,1.5
Bronx County,New York,2019-01-01,33,2.3
Erie County,New York,2019-01-01,14,1.5
Kings County,New York,2019-01-01,26,1
Monroe County,New York,2019-01-01,18,2.4
New York County,New York,2019-01-01,30,1.8
Queens County,New York,2019-01-01,16,0.7
Suffolk County,New York,2019-01-01,29,2
Mecklenburg County,North Carolina,2019-01-01,14,1.3
Cuyahoga County,Ohio,2019-01-01,56,4.5
Franklin County,Ohio,2019-01-01,41,3.1
Montgomery County,Ohio,2019-01-01,17,3.2
Oklahoma County,Oklahoma,2019-01-01,11,1.4
Tulsa County,Oklahoma,2019-01-01,13,2
Allegheny County,Pennsylvania,2019-01-01,42,3.5
Philadelphia County,Pennsylvania,2019-01-01,95,6
Davidson County,Tennessee,2019-01-01,38,5.5
Knox County,Tennessee,2019-01-01,27,5.7
Shelby County,Tennessee,2019-01-01,23,2.5
Bexar County,Texas,2019-01-01,20,1
Dallas County,Texas,2019-01-01,30,1.1
Harris County,Texas,2019-01-01,61,1.3
Tarrant County,Texas,2019-01-01,12,0.6
Travis County,Texas,2019-01-01,10,0.8
Salt Lake County,Utah,2019-01-01,25,2.2
King County,Washington,2019-01-01,42,1.9
Pierce County,Washington,2019-01-01,13,1.4
Snohomish County,Washington,2019-01-01,19,2.3
Milwaukee County,Wisconsin,2019-01-01,27,2.9
Jefferson County,Alabama,2019-02-01,10,1.5
Maricopa County,Arizona,2019-02-01,77,1.7
Pima County,Arizona,2019-02-01,16,1.5
Alameda County,California,2019-02-01,11,0.7
Contra Costa County,California,2019-02-01,10,0.9
Fresno County,California,2019-02-01,13,1.3
Kern County,California,2019-02-01,16,1.8
Los Angeles County,California,2019-02-01,85,0.8
Orange County,California,2019-02-01,27,0.9
Riverside County,California,2019-02-01,36,1.5
Sacramento County,California,2019-02-01,25,1.6
San Bernardino County,California,2019-02-01,22,1
San Diego County,California,2019-02-01,45,1.3
San Francisco County,California,2019-02-01,42,4.8
San Joaquin County,California,2019-02-01,11,1.4
Santa Clara County,California,2019-02-01,10,0.5
Arapahoe County,Colorado,2019-02-01,12,1.8
Denver County,Colorado,2019-02-01,15,2.1
El Paso County,Colorado,2019-02-01,15,2.1
Hartford County,Connecticut,2019-02-01,25,2.8
New Haven County,Connecticut,2019-02-01,25,2.9
New Castle County,Delaware,2019-02-01,19,3.4
"Washington, D.C.","Washington, D.C.",2019-02-01,26,3.7
Brevard County,Florida,2019-02-01,19,3.2
Broward County,Florida,2019-02-01,31,1.6
Duval County,Florida,2019-02-01,33,3.4
Hillsborough County,Florida,2019-02-01,17,1.2
Miami-Dade County,Florida,2019-02-01,19,0.7
Orange County,Florida,2019-02-01,22,1.6
Palm Beach County,Florida,2019-02-01,43,2.9
Pinellas County,Florida,2019-02-01,40,4.1
Fulton County,Georgia,2019-02-01,21,2
Honolulu County,Hawaii,2019-02-01,19,1.9
Cook County,Illinois,2019-02-01,95,1.8
Marion County,Indiana,2019-02-01,26,2.7
Sedgwick County,Kansas,2019-02-01,13,2.5
Jefferson County,Kentucky,2019-02-01,24,3.1
Orleans Parish,Louisiana,2019-02-01,16,4.1
Baltimore city,Maryland,2019-02-01,83,14
Suffolk County,Massachusetts,2019-02-01,19,2.4
Wayne County,Michigan,2019-02-01,61,3.5
Hennepin County,Minnesota,2019-02-01,22,1.7
Jackson County,Missouri,2019-02-01,17,2.4
St. Louis County,Missouri,2019-02-01,25,2.5
St. Louis city,Missouri,2019-02-01,22,7.3
Clark County,Nevada,2019-02-01,45,2
Washoe County,Nevada,2019-02-01,10,2.1
Essex County,New Jersey,2019-02-01,43,5.4
Bernalillo County,New Mexico,2019-02-01,27,4
Bronx County,New York,2019-02-01,28,2
Erie County,New York,2019-02-01,16,1.7
Kings County,New York,2019-02-01,42,1.6
Monroe County,New York,2019-02-01,18,2.4
New York County,New York,2019-02-01,23,1.4
Queens County,New York,2019-02-01,20,0.9
Suffolk County,New York,2019-02-01,30,2
Mecklenburg County,North Carolina,2019-02-01,27,2.4
Cuyahoga County,Ohio,2019-02-01,47,3.8
Franklin County,Ohio,2019-02-01,31,2.4
Montgomery County,Ohio,2019-02-01,19,3.6
Allegheny County,Pennsylvania,2019-02-01,37,3
Philadelphia County,Pennsylvania,2019-02-01,76,4.8
Davidson County,Tennessee,2019-02-01,34,4.9
Knox County,Tennessee,2019-02-01,17,3.6
Shelby County,Tennessee,2019-02-01,15,1.6
Bexar County,Texas,2019-02-01,16,0.8
Dallas County,Texas,2019-02-01,22,0.8
Harris County,Texas,2019-02-01,36,0.8
Tarrant County,Texas,2019-02-01,11,0.5
Salt Lake County,Utah,2019-02-01,22,1.9
King County,Washington,2019-02-01,38,1.7
Pierce County,Washington,2019-02-01,17,1.9
Milwaukee County,Wisconsin,2019-02-01,28,3
Jefferson County,Alabama,2019-03-01,29,4.4
Maricopa County,Arizona,2019-03-01,106,2.4
Pima County,Arizona,2019-03-01,27,2.6
Alameda County,California,2019-03-01,24,1.4
Contra Costa County,California,2019-03-01,16,1.4
Kern County,California,2019-03-01,22,2.4
Los Angeles County,California,2019-03-01,99,1
Orange County,California,2019-03-01,32,1
Riverside County,California,2019-03-01,38,1.5
Sacramento County,California,2019-03-01,35,2.3
San Bernardino County,California,2019-03-01,29,1.3
San Diego County,California,2019-03-01,33,1
San Francisco County,California,2019-03-01,28,3.2
Santa Clara County,California,2019-03-01,16,0.8
Ventura County,California,2019-03-01,13,1.5
Denver County,Colorado,2019-03-01,14,1.9
El Paso County,Colorado,2019-03-01,13,1.8
Hartford County,Connecticut,2019-03-01,29,3.2
New Haven County,Connecticut,2019-03-01,31,3.6
New Castle County,Delaware,2019-03-01,17,3
"Washington, D.C.","Washington, D.C.",2019-03-01,20,2.8
Brevard County,Florida,2019-03-01,22,3.7
Broward County,Florida,2019-03-01,43,2.2
Duval County,Florida,2019-03-01,36,3.8
Hillsborough County,Florida,2019-03-01,25,1.7
Miami-Dade County,Florida,2019-03-01,19,0.7
Orange County,Florida,2019-03-01,20,1.4
Palm Beach County,Florida,2019-03-01,44,2.9
Pinellas County,Florida,2019-03-01,27,2.8
Fulton County,Georgia,2019-03-01,17,1.6
Honolulu County,Hawaii,2019-03-01,14,1.4
Cook County,Illinois,2019-03-01,108,2.1
Marion County,Indiana,2019-03-01,54,5.6
Jefferson County,Kentucky,2019-03-01,40,5.2
Orleans Parish,Louisiana,2019-03-01,14,3.6
Baltimore city,Maryland,2019-03-01,89,15
Suffolk County,Massachusetts,2019-03-01,24,3
Wayne County,Michigan,2019-03-01,70,4
Hennepin County,Minnesota,2019-03-01,15,1.2
Ramsey County,Minnesota,2019-03-01,10,1.8
Jackson County,Missouri,2019-03-01,18,2.6
St. Louis County,Missouri,2019-03-01,29,2.9
St. Louis city,Missouri,2019-03-01,19,6.3
Clark County,Nevada,2019-03-01,28,1.2
Washoe County,Nevada,2019-03-01,12,2.5
Essex County,New Jersey,2019-03-01,33,4.1
Bernalillo County,New Mexico,2019-03-01,19,2.8
Bronx County,New York,2019-03-01,37,2.6
Erie County,New York,2019-03-01,12,1.3
Kings County,New York,2019-03-01,20,0.8
Monroe County,New York,2019-03-01,22,3
New York County,New York,2019-03-01,24,1.5
Queens County,New York,2019-03-01,25,1.1
Suffolk County,New York,2019-03-01,35,2.4
Mecklenburg County,North Carolina,2019-03-01,18,1.6
Cuyahoga County,Ohio,2019-03-01,37,3
Franklin County,Ohio,2019-03-01,61,4.6
Montgomery County,Ohio,2019-03-01,24,4.5
Allegheny County,Pennsylvania,2019-03-01,41,3.4
Philadelphia County,Pennsylvania,2019-03-01,101,6.4
Davidson County,Tennessee,2019-03-01,32,4.6
Knox County,Tennessee,2019-03-01,30,6.4
Shelby County,Tennessee,2019-03-01,20,2.1
Bexar County,Texas,2019-03-01,23,1.1
Dallas County,Texas,2019-03-01,26,1
Harris County,Texas,2019-03-01,64,1.4
Tarrant County,Texas,2019-03-01,21,1
Travis County,Texas,2019-03-01,21,1.6
Salt Lake County,Utah,2019-03-01,22,1.9
King County,Washington,2019-03-01,35,1.6
Pierce County,Washington,2019-03-01,12,1.3
Snohomish County,Washington,2019-03-01,19,2.3
Milwaukee County,Wisconsin,2019-03-01,41,4.3
Jefferson County,Alabama,2019-04-01,18,2.7
Maricopa County,Arizona,2019-04-01,83,1.9
Pima County,Arizona,2019-04-01,29,2.8
Alameda County,California,2019-04-01,15,0.9
Contra Costa County,California,2019-04-01,13,1.1
Fresno County,California,2019-04-01,14,1.4
Kern County,California,2019-04-01,16,1.8
Los Angeles County,California,2019-04-01,98,1
Orange County,California,2019-04-01,43,1.4
Riverside County,California,2019-04-01,32,1.3
Sacramento County,California,2019-04-01,18,1.2
San Bernardino County,California,2019-04-01,28,1.3
San Diego County,California,2019-04-01,41,1.2
San Francisco County,California,2019-04-01,26,2.9
Santa Clara County,California,2019-04-01,18,0.9
Denver County,Colorado,2019-04-01,15,2.1
El Paso County,Colorado,2019-04-01,14,1.9
Hartford County,Connecticut,2019-04-01,36,4
New Haven County,Connecticut,2019-04-01,15,1.7
New Castle County,Delaware,2019-04-01,20,3.6
"Washington, D.C.","Washington, D.C.",2019-04-01,23,3.3
Brevard County,Florida,2019-04-01,21,3.5
Broward County,Florida,2019-04-01,47,2.4
Duval County,Florida,2019-04-01,29,3
Hillsborough County,Florida,2019-04-01,20,1.4
Miami-Dade County,Florida,2019-04-01,27,1
Orange County,Florida,2019-04-01,16,1.1
Palm Beach County,Florida,2019-04-01,38,2.5
Pinellas County,Florida,2019-04-01,38,3.9
Fulton County,Georgia,2019-04-01,13,1.2
Honolulu County,Hawaii,2019-04-01,16,1.6
Cook County,Illinois,2019-04-01,84,1.6
Marion County,Indiana,2019-04-01,22,2.3
Jefferson County,Kentucky,2019-04-01,30,3.9
Orleans Parish,Louisiana,2019-04-01,18,4.6
Baltimore city,Maryland,2019-04-01,92,15.5
Suffolk County,Massachusetts,2019-04-01,23,2.9
Wayne County,Michigan,2019-04-01,80,4.6
Hennepin County,Minnesota,2019-04-01,23,1.8
Ramsey County,Minnesota,2019-04-01,12,2.2
Jackson County,Missouri,2019-04-01,16,2.3
St. Louis County,Missouri,2019-04-01,17,1.7
St. Louis city,Missouri,2019-04-01,29,9.6
Clark County,Nevada,2019-04-01,40,1.8
Washoe County,Nevada,2019-04-01,13,2.8
Essex County,New Jersey,2019-04-01,31,3.9
Bernalillo County,New Mexico,2019-04-01,23,3.4
Bronx County,New York,2019-04-01,36,2.5
Erie County,New York,2019-04-01,17,1.9
Kings County,New York,2019-04-01,26,1
Monroe County,New York,2019-04-01,13,1.8
New York County,New York,2019-04-01,25,1.5
Queens County,New York,2019-04-01,17,0.8
Suffolk County,New York,2019-04-01,25,1.7
Mecklenburg County,North Carolina,2019-04-01,22,2
Cuyahoga County,Ohio,2019-04-01,32,2.6
Franklin County,Ohio,2019-04-01,57,4.3
Montgomery County,Ohio,2019-04-01,27,5.1
Oklahoma County,Oklahoma,2019-04-01,18,2.3
Tulsa County,Oklahoma,2019-04-01,11,1.7
Allegheny County,Pennsylvania,2019-04-01,32,2.6
Philadelphia County,Pennsylvania,2019-04-01,96,6.1
Davidson County,Tennessee,2019-04-01,33,4.8
Knox County,Tennessee,2019-04-01,32,6.8
Shelby County,Tennessee,2019-04-01,24,2.6
Bexar County,Texas,2019-04-01,21,1
Dallas County,Texas,2019-04-01,31,1.2
Harris County,Texas,2019-04-01,42,0.9
Tarrant County,Texas,2019-04-01,16,0.8
Travis County,Texas,2019-04-01,15,1.2
Salt Lake County,Utah,2019-04-01,24,2.1
King County,Washington,2019-04-01,30,1.3
Pierce County,Washington,2019-04-01,10,1.1
Snohomish County,Washington,2019-04-01,11,1.3
Milwaukee County,Wisconsin,2019-04-01,36,3.8
Jefferson County,Alabama,2019-05-01,25,3.8
Maricopa County,Arizona,2019-05-01,102,2.3
Pima County,Arizona,2019-05-01,28,2.7
Alameda County,California,2019-05-01,16,1
Contra Costa County,California,2019-05-01,13,1.1
Kern County,California,2019-05-01,16,1.8
Los Angeles County,California,2019-05-01,112,1.1
Orange County,California,2019-05-01,33,1
Riverside County,California,2019-05-01,36,1.5
Sacramento County,California,2019-05-01,28,1.8
San Bernardino County,California,2019-05-01,20,0.9
San Diego County,California,2019-05-01,51,1.5
San Francisco County,California,2019-05-01,23,2.6
San Joaquin County,California,2019-05-01,15,2
Santa Clara County,California,2019-05-01,19,1
Adams County,Colorado,2019-05-01,10,1.9
Denver County,Colorado,2019-05-01,16,2.2
El Paso County,Colorado,2019-05-01,11,1.5
Jefferson County,Colorado,2019-05-01,11,1.9
Hartford County,Connecticut,2019-05-01,30,3.3
New Haven County,Connecticut,2019-05-01,36,4.2
New Castle County,Delaware,2019-05-01,24,4.3
"Washington, D.C.","Washington, D.C.",2019-05-01,34,4.8
Brevard County,Florida,2019-05-01,32,5.3
Broward County,Florida,2019-05-01,46,2.4
Duval County,Florida,2019-05-01,31,3.2
Hillsborough County,Florida,2019-05-01,20,1.4
Miami-Dade County,Florida,2019-05-01,24,0.9
Orange County,Florida,2019-05-01,23,1.7
Palm Beach County,Florida,2019-05-01,29,1.9
Pinellas County,Florida,2019-05-01,22,2.3
Fulton County,Georgia,2019-05-01,15,1.4
Cook County,Illinois,2019-05-01,139,2.7
Marion County,Indiana,2019-05-01,35,3.6
Sedgwick County,Kansas,2019-05-01,10,1.9
Jefferson County,Kentucky,2019-05-01,26,3.4
Orleans Parish,Louisiana,2019-05-01,15,3.8
Baltimore city,Maryland,2019-05-01,72,12.1
Suffolk County,Massachusetts,2019-05-01,22,2.7
Wayne County,Michigan,2019-05-01,87,5
Hennepin County,Minnesota,2019-05-01,29,2.3
Ramsey County,Minnesota,2019-05-01,10,1.8
St. Louis County,Missouri,2019-05-01,29,2.9
St. Louis city,Missouri,2019-05-01,20,6.7
Clark County,Nevada,2019-05-01,47,2.1
Essex County,New Jersey,2019-05-01,28,3.5
Bernalillo County,New Mexico,2019-05-01,33,4.9
Bronx County,New York,2019-05-01,39,2.7
Erie County,New York,2019-05-01,14,1.5
Kings County,New York,2019-05-01,28,1.1
Monroe County,New York,2019-05-01,21,2.8
New York County,New York,2019-05-01,26,1.6
Queens County,New York,2019-05-01,20,0.9
Suffolk County,New York,2019-05-01,21,1.4
Mecklenburg County,North Carolina,2019-05-01,15,1.4
Cuyahoga County,Ohio,2019-05-01,51,4.1
Franklin County,Ohio,2019-05-01,38,2.9
Montgomery County,Ohio,2019-05-01,29,5.5
Oklahoma County,Oklahoma,2019-05-01,20,2.5
Tulsa County,Oklahoma,2019-05-01,10,1.5
Allegheny County,Pennsylvania,2019-05-01,36,3
Philadelphia County,Pennsylvania,2019-05-01,92,5.8
Davidson County,Tennessee,2019-05-01,35,5
Knox County,Tennessee,2019-05-01,20,4.3
Shelby County,Tennessee,2019-05-01,24,2.6
Bexar County,Texas,2019-05-01,26,1.3
Dallas County,Texas,2019-05-01,25,0.9
Harris County,Texas,2019-05-01,51,1.1
Tarrant County,Texas,2019-05-01,14,0.7
Travis County,Texas,2019-05-01,11,0.9
Salt Lake County,Utah,2019-05-01,20,1.7
King County,Washington,2019-05-01,32,1.4
Snohomish County,Washington,2019-05-01,11,1.3
Spokane County,Washington,2019-05-01,13,2.5
Milwaukee County,Wisconsin,2019-05-01,27,2.9
Jefferson County,Alabama,2019-06-01,17,2.6
Maricopa County,Arizona,2019-06-01,88,2
Pima County,Arizona,2019-06-01,27,2.6
Alameda County,California,2019-06-01,32,1.9
Contra Costa County,California,2019-06-01,18,1.6
Kern County,California,2019-06-01,25,2.8
Los Angeles County,California,2019-06-01,99,1
Orange County,California,2019-06-01,38,1.2
Riverside County,California,2019-06-01,44,1.8
Sacramento County,California,2019-06-01,34,2.2
San Bernardino County,California,2019-06-01,21,1
San Diego County,California,2019-06-01,43,1.3
San Francisco County,California,2019-06-01,41,4.7
San Joaquin County,California,2019-06-01,15,2
Santa Clara County,California,2019-06-01,16,0.8
Ventura County,California,2019-06-01,11,1.3
Denver County,Colorado,2019-06-01,15,2.1
El Paso County,Colorado,2019-06-01,19,2.6
Hartford County,Connecticut,2019-06-01,31,3.4
New Haven County,Connecticut,2019-06-01,33,3.8
New Castle County,Delaware,2019-06-01,21,3.8
"Washington, D.C.","Washington, D.C.",2019-06-01,29,4.1
Brevard County,Florida,2019-06-01,35,5.8
Broward County,Florida,2019-06-01,50,2.6
Duval County,Florida,2019-06-01,31,3.2
Hillsborough County,Florida,2019-06-01,25,1.7
Miami-Dade County,Florida,2019-06-01,26,1
Orange County,Florida,2019-06-01,19,1.4
Palm Beach County,Florida,2019-06-01,45,3
Pinellas County,Florida,2019-06-01,29,3
Fulton County,Georgia,2019-06-01,13,1.2
Honolulu County,Hawaii,2019-06-01,17,1.7
Cook County,Illinois,2019-06-01,111,2.2
Marion County,Indiana,2019-06-01,32,3.3
Sedgwick County,Kansas,2019-06-01,11,2.1
Jefferson County,Kentucky,2019-06-01,31,4
Orleans Parish,Louisiana,2019-06-01,14,3.6
Baltimore city,Maryland,2019-06-01,73,12.3
Suffolk County,Massachusetts,2019-06-01,35,4.4
Wayne County,Michigan,2019-06-01,67,3.8
Hennepin County,Minnesota,2019-06-01,19,1.5
Ramsey County,Minnesota,2019-06-01,17,3.1
St. Louis County,Missouri,2019-06-01,14,1.4
St. Louis city,Missouri,2019-06-01,19,6.3
Clark County,Nevada,2019-06-01,38,1.7
Washoe County,Nevada,2019-06-01,13,2.8
Essex County,New Jersey,2019-06-01,22,2.8
Bernalillo County,New Mexico,2019-06-01,30,4.4
Bronx County,New York,2019-06-01,40,2.8
Erie County,New York,2019-06-01,11,1.2
Kings County,New York,2019-06-01,27,1.1
Monroe County,New York,2019-06-01,19,2.6
New York County,New York,2019-06-01,23,1.4
Queens County,New York,2019-06-01,21,0.9
Suffolk County,New York,2019-06-01,27,1.8
Mecklenburg County,North Carolina,2019-06-01,15,1.4
Cuyahoga County,Ohio,2019-06-01,44,3.6
Franklin County,Ohio,2019-06-01,49,3.7
Montgomery County,Ohio,2019-06-01,24,4.5
Oklahoma County,Oklahoma,2019-06-01,14,1.8
Tulsa County,Oklahoma,2019-06-01,11,1.7
Allegheny County,Pennsylvania,2019-06-01,36,3
Philadelphia County,Pennsylvania,2019-06-01,102,6.4
Davidson County,Tennessee,2019-06-01,36,5.2
Knox County,Tennessee,2019-06-01,25,5.3
Shelby County,Tennessee,2019-06-01,20,2.1
Bexar County,Texas,2019-06-01,18,0.9
Dallas County,Texas,2019-06-01,35,1.3
Harris County,Texas,2019-06-01,58,1.2
Tarrant County,Texas,2019-06-01,15,0.7
Travis County,Texas,2019-06-01,12,0.9
Salt Lake County,Utah,2019-06-01,27,2.3
King County,Washington,2019-06-01,27,1.2
Pierce County,Washington,2019-06-01,10,1.1
Snohomish County,Washington,2019-06-01,22,2.7
Milwaukee County,Wisconsin,2019-06-01,33,3.5
Jefferson County,Alabama,2019-07-01,23,3.5
Maricopa County,Arizona,2019-07-01,147,3.3
Pima County,Arizona,2019-07-01,32,3.1
Alameda County,California,2019-07-01,13,0.8
Contra Costa County,California,2019-07-01,11,1
Fresno County,California,2019-07-01,10,1
Kern County,California,2019-07-01,30,3.3
Los Angeles County,California,2019-07-01,127,1.3
Orange County,California,2019-07-01,33,1
Riverside County,California,2019-07-01,39,1.6
Sacramento County,California,2019-07-01,35,2.3
San Bernardino County,California,2019-07-01,18,0.8
San Diego County,California,2019-07-01,43,1.3
San Francisco County,California,2019-07-01,37,4.2
San Joaquin County,California,2019-07-01,12,1.6
Santa Clara County,California,2019-07-01,13,0.7
Adams County,Colorado,2019-07-01,12,2.3
Arapahoe County,Colorado,2019-07-01,12,1.8
Denver County,Colorado,2019-07-01,12,1.7
Hartford County,Connecticut,2019-07-01,40,4.4
New Haven County,Connecticut,2019-07-01,44,5.1
New Castle County,Delaware,2019-07-01,22,3.9
"Washington, D.C.","Washington, D.C.",2019-07-01,28,4
Brevard County,Florida,2019-07-01,19,3.2
Broward County,Florida,2019-07-01,51,2.6
Duval County,Florida,2019-07-01,37,3.9
Hillsborough County,Florida,2019-07-01,18,1.2
Miami-Dade County,Florida,2019-07-01,34,1.3
Orange County,Florida,2019-07-01,29,2.1
Palm Beach County,Florida,2019-07-01,49,3.3
Pinellas County,Florida,2019-07-01,24,2.5
Fulton County,Georgia,2019-07-01,13,1.2
Honolulu County,Hawaii,2019-07-01,11,1.1
Cook County,Illinois,2019-07-01,113,2.2
Marion County,Indiana,2019-07-01,41,4.3
Jefferson County,Kentucky,2019-07-01,34,4.4
Orleans Parish,Louisiana,2019-07-01,17,4.4
Baltimore city,Maryland,2019-07-01,63,10.6
Suffolk County,Massachusetts,2019-07-01,22,2.7
Wayne County,Michigan,2019-07-01,64,3.7
Hennepin County,Minnesota,2019-07-01,22,1.7
St. Louis County,Missouri,2019-07-01,20,2
St. Louis city,Missouri,2019-07-01,33,11
Clark County,Nevada,2019-07-01,49,2.2
Washoe County,Nevada,2019-07-01,21,4.5
Essex County,New Jersey,2019-07-01,30,3.8
Bernalillo County,New Mexico,2019-07-01,26,3.8
Bronx County,New York,2019-07-01,33,2.3
Erie County,New York,2019-07-01,17,1.9
Kings County,New York,2019-07-01,41,1.6
Monroe County,New York,2019-07-01,28,3.8
New York County,New York,2019-07-01,36,2.2
Queens County,New York,2019-07-01,31,1.4
Suffolk County,New York,2019-07-01,33,2.2
Mecklenburg County,North Carolina,2019-07-01,14,1.3
Cuyahoga County,Ohio,2019-07-01,45,3.6
Franklin County,Ohio,2019-07-01,72,5.5
Montgomery County,Ohio,2019-07-01,31,5.8
Oklahoma County,Oklahoma,2019-07-01,17,2.1
Allegheny County,Pennsylvania,2019-07-01,52,4.3
Philadelphia County,Pennsylvania,2019-07-01,97,6.1
Davidson County,Tennessee,2019-07-01,45,6.5
Knox County,Tennessee,2019-07-01,25,5.3
Shelby County,Tennessee,2019-07-01,24,2.6
Bexar County,Texas,2019-07-01,27,1.3
Dallas County,Texas,2019-07-01,40,1.5
Harris County,Texas,2019-07-01,63,1.3
Tarrant County,Texas,2019-07-01,14,0.7
Travis County,Texas,2019-07-01,17,1.3
Salt Lake County,Utah,2019-07-01,21,1.8
King County,Washington,2019-07-01,38,1.7
Snohomish County,Washington,2019-07-01,10,1.2
Milwaukee County,Wisconsin,2019-07-01,32,3.4
Jefferson County,Alabama,2019-08-01,21,3.2
Maricopa County,Arizona,2019-08-01,122,2.7
Pima County,Arizona,2019-08-01,30,2.9
Alameda County,California,2019-08-01,25,1.5
Contra Costa County,California,2019-08-01,11,1
Fresno County,California,2019-08-01,14,1.4
Kern County,California,2019-08-01,17,1.9
Los Angeles County,California,2019-08-01,113,1.1
Orange County,California,2019-08-01,43,1.4
Riverside County,California,2019-08-01,42,1.7
Sacramento County,California,2019-08-01,25,1.6
San Bernardino County,California,2019-08-01,20,0.9
San Diego County,California,2019-08-01,48,1.4
San Francisco County,California,2019-08-01,56,6.4
San Joaquin County,California,2019-08-01,11,1.4
Santa Clara County,California,2019-08-01,25,1.3
Ventura County,California,2019-08-01,15,1.8
Denver County,Colorado,2019-08-01,19,2.6
El Paso County,Colorado,2019-08-01,15,2.1
Jefferson County,Colorado,2019-08-01,12,2.1
Hartford County,Connecticut,2019-08-01,38,4.2
New Haven County,Connecticut,2019-08-01,47,5.4
New Castle County,Delaware,2019-08-01,22,3.9
"Washington, D.C.","Washington, D.C.",2019-08-01,34,4.8
Brevard County,Florida,2019-08-01,18,3
Broward County,Florida,2019-08-01,50,2.6
Duval County,Florida,2019-08-01,28,2.9
Hillsborough County,Florida,2019-08-01,28,1.9
Miami-Dade County,Florida,2019-08-01,20,0.7
Orange County,Florida,2019-08-01,29,2.1
Palm Beach County,Florida,2019-08-01,34,2.3
Pinellas County,Florida,2019-08-01,30,3.1
Fulton County,Georgia,2019-08-01,24,2.3
Honolulu County,Hawaii,2019-08-01,18,1.8
Cook County,Illinois,2019-08-01,129,2.5
Marion County,Indiana,2019-08-01,31,3.2
Sedgwick County,Kansas,2019-08-01,10,1.9
Jefferson County,Kentucky,2019-08-01,30,3.9
Orleans Parish,Louisiana,2019-08-01,24,6.2
Baltimore city,Maryland,2019-08-01,68,11.5
Suffolk County,Massachusetts,2019-08-01,31,3.9
Wayne County,Michigan,2019-08-01,58,3.3
Hennepin County,Minnesota,2019-08-01,28,2.2
Ramsey County,Minnesota,2019-08-01,12,2.2
St. Louis County,Missouri,2019-08-01,38,3.8
St. Louis city,Missouri,2019-08-01,36,12
Clark County,Nevada,2019-08-01,53,2.3
Washoe County,Nevada,2019-08-01,12,2.5
Essex County,New Jersey,2019-08-01,31,3.9
Bernalillo County,New Mexico,2019-08-01,18,2.7
Bronx County,New York,2019-08-01,33,2.3
Erie County,New York,2019-08-01,18,2
Kings County,New York,2019-08-01,25,1
Monroe County,New York,2019-08-01,27,3.6
New York County,New York,2019-08-01,35,2.1
Queens County,New York,2019-08-01,25,1.1
Suffolk County,New York,2019-08-01,26,1.8
Mecklenburg County,North Carolina,2019-08-01,14,1.3
Cuyahoga County,Ohio,2019-08-01,49,4
Franklin County,Ohio,2019-08-01,62,4.7
Montgomery County,Ohio,2019-08-01,29,5.5
Oklahoma County,Oklahoma,2019-08-01,17,2.1
Allegheny County,Pennsylvania,2019-08-01,60,4.9
Philadelphia County,Pennsylvania,2019-08-01,117,7.4
Davidson County,Tennessee,2019-08-01,35,5
Knox County,Tennessee,2019-08-01,16,3.4
Shelby County,Tennessee,2019-08-01,28,3
Bexar County,Texas,2019-08-01,25,1.2
Dallas County,Texas,2019-08-01,32,1.2
Harris County,Texas,2019-08-01,71,1.5
Tarrant County,Texas,2019-08-01,20,1
Travis County,Texas,2019-08-01,14,1.1
Salt Lake County,Utah,2019-08-01,19,1.6
King County,Washington,2019-08-01,45,2
Pierce County,Washington,2019-08-01,15,1.7
Milwaukee County,Wisconsin,2019-08-01,44,4.7
Jefferson County,Alabama,2019-09-01,13,2
Maricopa County,Arizona,2019-09-01,130,2.9
Pima County,Arizona,2019-09-01,24,2.3
Alameda County,California,2019-09-01,28,1.7
Kern County,California,2019-09-01,28,3.1
Los Angeles County,California,2019-09-01,114,1.1
Orange County,California,2019-09-01,39,1.2
Riverside County,California,2019-09-01,31,1.3
Sacramento County,California,2019-09-01,33,2.1
San Bernardino County,California,2019-09-01,15,0.7
San Diego County,California,2019-09-01,44,1.3
San Francisco County,California,2019-09-01,47,5.3
Santa Clara County,California,2019-09-01,14,0.7
Denver County,Colorado,2019-09-01,19,2.6
Hartford County,Connecticut,2019-09-01,37,4.1
New Haven County,Connecticut,2019-09-01,16,1.9
New Castle County,Delaware,2019-09-01,23,4.1
"Washington, D.C.","Washington, D.C.",2019-09-01,37,5.2
Brevard County,Florida,2019-09-01,30,5
Broward County,Florida,2019-09-01,53,2.7
Duval County,Florida,2019-09-01,41,4.3
Hillsborough County,Florida,2019-09-01,36,2.4
Miami-Dade County,Florida,2019-09-01,27,1
Orange County,Florida,2019-09-01,19,1.4
Palm Beach County,Florida,2019-09-01,56,3.7
Pinellas County,Florida,2019-09-01,31,3.2
Fulton County,Georgia,2019-09-01,20,1.9
Honolulu County,Hawaii,2019-09-01,13,1.3
Cook County,Illinois,2019-09-01,132,2.6
Marion County,Indiana,2019-09-01,39,4
Jefferson County,Kentucky,2019-09-01,31,4
Orleans Parish,Louisiana,2019-09-01,21,5.4
Baltimore city,Maryland,2019-09-01,68,11.5
Suffolk County,Massachusetts,2019-09-01,29,3.6
Wayne County,Michigan,2019-09-01,69,3.9
Hennepin County,Minnesota,2019-09-01,21,1.7
Jackson County,Missouri,2019-09-01,13,1.8
St. Louis County,Missouri,2019-09-01,33,3.3
St. Louis city,Missouri,2019-09-01,30,10
Clark County,Nevada,2019-09-01,40,1.8
Washoe County,Nevada,2019-09-01,12,2.5
Essex County,New Jersey,2019-09-01,31,3.9
Bernalillo County,New Mexico,2019-09-01,26,3.8
Bronx County,New York,2019-09-01,27,1.9
Erie County,New York,2019-09-01,21,2.3
Kings County,New York,2019-09-01,25,1
Monroe County,New York,2019-09-01,20,2.7
New York County,New York,2019-09-01,38,2.3
Queens County,New York,2019-09-01,18,0.8
Suffolk County,New York,2019-09-01,23,1.6
Mecklenburg County,North Carolina,2019-09-01,22,2
Cuyahoga County,Ohio,2019-09-01,34,2.8
Franklin County,Ohio,2019-09-01,58,4.4
Montgomery County,Ohio,2019-09-01,30,5.6
Oklahoma County,Oklahoma,2019-09-01,17,2.1
Tulsa County,Oklahoma,2019-09-01,16,2.5
Allegheny County,Pennsylvania,2019-09-01,73,6
Philadelphia County,Pennsylvania,2019-09-01,80,5.1
Davidson County,Tennessee,2019-09-01,44,6.3
Knox County,Tennessee,2019-09-01,15,3.2
Shelby County,Tennessee,2019-09-01,31,3.3
Bexar County,Texas,2019-09-01,19,0.9
Dallas County,Texas,2019-09-01,24,0.9
Harris County,Texas,2019-09-01,43,0.9
Tarrant County,Texas,2019-09-01,12,0.6
Travis County,Texas,2019-09-01,19,1.5
Salt Lake County,Utah,2019-09-01,23,2
King County,Washington,2019-09-01,36,1.6
Pierce County,Washington,2019-09-01,14,1.5
Snohomish County,Washington,2019-09-01,13,1.6
Milwaukee County,Wisconsin,2019-09-01,44,4.7
Jefferson County,Alabama,2019-10-01,17,2.6
Maricopa County,Arizona,2019-10-01,114,2.5
Pima County,Arizona,2019-10-01,28,2.7
Alameda County,California,2019-10-01,25,1.5
Contra Costa County,California,2019-10-01,15,1.3
Kern County,California,2019-10-01,20,2.2
Los Angeles County,California,2019-10-01,103,1
Orange County,California,2019-10-01,42,1.3
Riverside County,California,2019-10-01,43,1.7
Sacramento County,California,2019-10-01,15,1
San Bernardino County,California,2019-10-01,22,1
San Diego County,California,2019-10-01,41,1.2
San Francisco County,California,2019-10-01,35,4
San Joaquin County,California,2019-10-01,12,1.6
Santa Clara County,California,2019-10-01,22,1.1
Arapahoe County,Colorado,2019-10-01,10,1.5
Denver County,Colorado,2019-10-01,19,2.6
El Paso County,Colorado,2019-10-01,12,1.7
Hartford County,Connecticut,2019-10-01,23,2.6
New Haven County,Connecticut,2019-10-01,30,3.5
New Castle County,Delaware,2019-10-01,21,3.8
"Washington, D.C.","Washington, D.C.",2019-10-01,30,4.3
Brevard County,Florida,2019-10-01,37,6.1
Broward County,Florida,2019-10-01,44,2.3
Duval County,Florida,2019-10-01,40,4.2
Hillsborough County,Florida,2019-10-01,33,2.2
Miami-Dade County,Florida,2019-10-01,36,1.3
Orange County,Florida,2019-10-01,36,2.6
Palm Beach County,Florida,2019-10-01,52,3.5
Pinellas County,Florida,2019-10-01,56,5.7
Fulton County,Georgia,2019-10-01,11,1
Honolulu County,Hawaii,2019-10-01,18,1.8
Cook County,Illinois,2019-10-01,110,2.1
Marion County,Indiana,2019-10-01,52,5.4
Jefferson County,Kentucky,2019-10-01,30,3.9
Orleans Parish,Louisiana,2019-10-01,23,5.9
Baltimore city,Maryland,2019-10-01,69,11.6
Suffolk County,Massachusetts,2019-10-01,33,4.1
Wayne County,Michigan,2019-10-01,69,3.9
Hennepin County,Minnesota,2019-10-01,23,1.8
Ramsey County,Minnesota,2019-10-01,11,2
Jackson County,Missouri,2019-10-01,13,1.8
St. Louis County,Missouri,2019-10-01,35,3.5
St. Louis city,Missouri,2019-10-01,30,10
Clark County,Nevada,2019-10-01,30,1.3
Essex County,New Jersey,2019-10-01,38,4.8
Bernalillo County,New Mexico,2019-10-01,22,3.2
Bronx County,New York,2019-10-01,38,2.7
Erie County,New York,2019-10-01,21,2.3
Kings County,New York,2019-10-01,29,1.1
Monroe County,New York,2019-10-01,21,2.8
New York County,New York,2019-10-01,42,2.6
Queens County,New York,2019-10-01,25,1.1
Suffolk County,New York,2019-10-01,19,1.3
Mecklenburg County,North Carolina,2019-10-01,16,1.4
Cuyahoga County,Ohio,2019-10-01,57,4.6
Franklin County,Ohio,2019-10-01,54,4.1
Montgomery County,Ohio,2019-10-01,28,5.3
Oklahoma County,Oklahoma,2019-10-01,12,1.5
Tulsa County,Oklahoma,2019-10-01,11,1.7
Allegheny County,Pennsylvania,2019-10-01,60,4.9
Philadelphia County,Pennsylvania,2019-10-01,96,6.1
Davidson County,Tennessee,2019-10-01,40,5.8
Knox County,Tennessee,2019-10-01,22,4.7
Shelby County,Tennessee,2019-10-01,24,2.6
Bexar County,Texas,2019-10-01,25,1.2
Dallas County,Texas,2019-10-01,38,1.4
Harris County,Texas,2019-10-01,65,1.4
Tarrant County,Texas,2019-10-01,15,0.7
Travis County,Texas,2019-10-01,11,0.9
Salt Lake County,Utah,2019-10-01,24,2.1
King County,Washington,2019-10-01,36,1.6
Pierce County,Washington,2019-10-01,15,1.7
Snohomish County,Washington,2019-10-01,11,1.3
Milwaukee County,Wisconsin,2019-10-01,38,4
Jefferson County,Alabama,2019-11-01,22,3.3
Maricopa County,Arizona,2019-11-01,99,2.2
Pima County,Arizona,2019-11-01,23,2.2
Alameda County,California,2019-11-01,19,1.1
Fresno County,California,2019-11-01,11,1.1
Kern County,California,2019-11-01,24,2.7
Los Angeles County,California,2019-11-01,135,1.3
Orange County,California,2019-11-01,40,1.3
Riverside County,California,2019-11-01,43,1.7
Sacramento County,California,2019-11-01,18,1.2
San Bernardino County,California,2019-11-01,18,0.8
San Diego County,California,2019-11-01,37,1.1
San Francisco County,California,2019-11-01,47,5.3
Santa Clara County,California,2019-11-01,27,1.4
Arapahoe County,Colorado,2019-11-01,10,1.5
Denver County,Colorado,2019-11-01,18,2.5
El Paso County,Colorado,2019-11-01,11,1.5
Jefferson County,Colorado,2019-11-01,10,1.7
Hartford County,Connecticut,2019-11-01,32,3.6
New Haven County,Connecticut,2019-11-01,35,4
New Castle County,Delaware,2019-11-01,23,4.1
"Washington, D.C.","Washington, D.C.",2019-11-01,31,4.4
Brevard County,Florida,2019-11-01,27,4.5
Broward County,Florida,2019-11-01,49,2.5
Duval County,Florida,2019-11-01,33,3.4
Hillsborough County,Florida,2019-11-01,25,1.7
Miami-Dade County,Florida,2019-11-01,21,0.8
Orange County,Florida,2019-11-01,49,3.5
Palm Beach County,Florida,2019-11-01,50,3.3
Pinellas County,Florida,2019-11-01,48,4.9
Fulton County,Georgia,2019-11-01,24,2.3
Honolulu County,Hawaii,2019-11-01,15,1.5
Cook County,Illinois,2019-11-01,140,2.7
Marion County,Indiana,2019-11-01,35,3.6
Sedgwick County,Kansas,2019-11-01,11,2.1
Jefferson County,Kentucky,2019-11-01,28,3.7
Orleans Parish,Louisiana,2019-11-01,23,5.9
Baltimore city,Maryland,2019-11-01,80,13.5
Suffolk County,Massachusetts,2019-11-01,31,3.9
Wayne County,Michigan,2019-11-01,78,4.5
Hennepin County,Minnesota,2019-11-01,15,1.2
Ramsey County,Minnesota,2019-11-01,11,2
Jackson County,Missouri,2019-11-01,17,2.4
St. Louis County,Missouri,2019-11-01,22,2.2
St. Louis city,Missouri,2019-11-01,26,8.7
Clark County,Nevada,2019-11-01,28,1.2
Washoe County,Nevada,2019-11-01,12,2.5
Essex County,New Jersey,2019-11-01,33,4.1
Bernalillo County,New Mexico,2019-11-01,21,3.1
Bronx County,New York,2019-11-01,42,3
Erie County,New York,2019-11-01,23,2.5
Kings County,New York,2019-11-01,26,1
Monroe County,New York,2019-11-01,15,2
New York County,New York,2019-11-01,31,1.9
Queens County,New York,2019-11-01,11,0.5
Suffolk County,New York,2019-11-01,17,1.2
Mecklenburg County,North Carolina,2019-11-01,20,1.8
Cuyahoga County,Ohio,2019-11-01,54,4.4
Franklin County,Ohio,2019-11-01,61,4.6
Montgomery County,Ohio,2019-11-01,32,6
Oklahoma County,Oklahoma,2019-11-01,13,1.6
Tulsa County,Oklahoma,2019-11-01,14,2.1
Allegheny County,Pennsylvania,2019-11-01,56,4.6
Philadelphia County,Pennsylvania,2019-11-01,92,5.8
Davidson County,Tennessee,2019-11-01,46,6.6
Knox County,Tennessee,2019-11-01,31,6.6
Shelby County,Tennessee,2019-11-01,29,3.1
Bexar County,Texas,2019-11-01,26,1.3
Dallas County,Texas,2019-11-01,38,1.4
Harris County,Texas,2019-11-01,61,1.3
Tarrant County,Texas,2019-11-01,19,0.9
Travis County,Texas,2019-11-01,14,1.1
Salt Lake County,Utah,2019-11-01,21,1.8
King County,Washington,2019-11-01,33,1.5
Pierce County,Washington,2019-11-01,13,1.4
Snohomish County,Washington,2019-11-01,16,1.9
Milwaukee County,Wisconsin,2019-11-01,32,3.4
Jefferson County,Alabama,2019-12-01,20,3
Maricopa County,Arizona,2019-12-01,116,2.6
Pima County,Arizona,2019-12-01,28,2.7
Alameda County,California,2019-12-01,26,1.6
Contra Costa County,California,2019-12-01,14,1.2
Kern County,California,2019-12-01,29,3.2
Los Angeles County,California,2019-12-01,120,1.2
Orange County,California,2019-12-01,33,1
Riverside County,California,2019-12-01,41,1.7
Sacramento County,California,2019-12-01,29,1.9
San Diego County,California,2019-12-01,35,1
San Francisco County,California,2019-12-01,52,5.9
Santa Clara County,California,2019-12-01,20,1
Ventura County,California,2019-12-01,12,1.4
Adams County,Colorado,2019-12-01,11,2.1
Arapahoe County,Colorado,2019-12-01,21,3.2
Denver County,Colorado,2019-12-01,22,3
El Paso County,Colorado,2019-12-01,10,1.4
Hartford County,Connecticut,2019-12-01,32,3.6
New Haven County,Connecticut,2019-12-01,37,4.3
New Castle County,Delaware,2019-12-01,33,5.9
"Washington, D.C.","Washington, D.C.",2019-12-01,43,6.1
Brevard County,Florida,2019-12-01,27,4.5
Broward County,Florida,2019-12-01,45,2.3
Duval County,Florida,2019-12-01,39,4.1
Hillsborough County,Florida,2019-12-01,26,1.8
Miami-Dade County,Florida,2019-12-01,27,1
Orange County,Florida,2019-12-01,35,2.5
Palm Beach County,Florida,2019-12-01,53,3.5
Pinellas County,Florida,2019-12-01,33,3.4
Fulton County,Georgia,2019-12-01,14,1.3
Honolulu County,Hawaii,2019-12-01,19,1.9
Cook County,Illinois,2019-12-01,165,3.2
Marion County,Indiana,2019-12-01,40,4.1
Jefferson County,Kentucky,2019-12-01,46,6
Orleans Parish,Louisiana,2019-12-01,23,5.9
Baltimore city,Maryland,2019-12-01,68,11.5
Suffolk County,Massachusetts,2019-12-01,19,2.4
Wayne County,Michigan,2019-12-01,67,3.8
Hennepin County,Minnesota,2019-12-01,16,1.3
Ramsey County,Minnesota,2019-12-01,10,1.8
Jackson County,Missouri,2019-12-01,17,2.4
St. Louis County,Missouri,2019-12-01,25,2.5
St. Louis city,Missouri,2019-12-01,35,11.6
Clark County,Nevada,2019-12-01,41,1.8
Washoe County,Nevada,2019-12-01,12,2.5
Essex County,New Jersey,2019-12-01,34,4.3
Bernalillo County,New Mexico,2019-12-01,15,2.2
Bronx County,New York,2019-12-01,35,2.5
Erie County,New York,2019-12-01,12,1.3
Kings County,New York,2019-12-01,37,1.4
Monroe County,New York,2019-12-01,23,3.1
New York County,New York,2019-12-01,47,2.9
Queens County,New York,2019-12-01,28,1.2
Suffolk County,New York,2019-12-01,19,1.3
Mecklenburg County,North Carolina,2019-12-01,16,1.4
Cuyahoga County,Ohio,2019-12-01,43,3.5
Franklin County,Ohio,2019-12-01,61,4.6
Montgomery County,Ohio,2019-12-01,28,5.3
Oklahoma County,Oklahoma,2019-12-01,10,1.3
Tulsa County,Oklahoma,2019-12-01,17,2.6
Allegheny County,Pennsylvania,2019-12-01,58,4.8
Philadelphia County,Pennsylvania,2019-12-01,101,6.4
Davidson County,Tennessee,2019-12-01,32,4.6
Knox County,Tennessee,2019-12-01,24,5.1
Shelby County,Tennessee,2019-12-01,30,3.2
Bexar County,Texas,2019-12-01,28,1.4
Dallas County,Texas,2019-12-01,34,1.3
Harris County,Texas,2019-12-01,57,1.2
Tarrant County,Texas,2019-12-01,14,0.7
Travis County,Texas,2019-12-01,19,1.5
Salt Lake County,Utah,2019-12-01,17,1.5
King County,Washington,2019-12-01,39,1.7
Pierce County,Washington,2019-12-01,14,1.5
Snohomish County,Washington,2019-12-01,23,2.8
Milwaukee County,Wisconsin,2019-12-01,38,4
Jefferson County,Alabama,2020-01-01,20,3
Maricopa County,Arizona,2020-01-01,122,2.7
Pima County,Arizona,2020-01-01,30,2.9
Alameda County,California,2020-01-01,28,1.7
Contra Costa County,California,2020-01-01,13,1.1
Fresno County,California,2020-01-01,16,1.6
Kern County,California,2020-01-01,19,2.1
Los Angeles County,California,2020-01-01,138,1.4
Orange County,California,2020-01-01,44,1.4
Riverside County,California,2020-01-01,55,2.3
Sacramento County,California,2020-01-01,35,2.2
San Bernardino County,California,2020-01-01,32,1.5
San Diego County,California,2020-01-01,41,1.2
San Francisco County,California,2020-01-01,39,4.5
San Joaquin County,California,2020-01-01,12,1.5
Santa Clara County,California,2020-01-01,14,0.7
Arapahoe County,Colorado,2020-01-01,10,1.5
Denver County,Colorado,2020-01-01,24,3.3
El Paso County,Colorado,2020-01-01,13,1.8
Jefferson County,Colorado,2020-01-01,19,3.3
Hartford County,Connecticut,2020-01-01,36,4
New Haven County,Connecticut,2020-01-01,41,4.7
New Castle County,Delaware,2020-01-01,19,3.3
"Washington, D.C.","Washington, D.C.",2020-01-01,45,6.7
Brevard County,Florida,2020-01-01,29,4.8
Broward County,Florida,2020-01-01,57,2.9
Duval County,Florida,2020-01-01,44,4.4
Hillsborough County,Florida,2020-01-01,33,2.3
Miami-Dade County,Florida,2020-01-01,28,1
Orange County,Florida,2020-01-01,26,1.8
Palm Beach County,Florida,2020-01-01,51,3.4
Pinellas County,Florida,2020-01-01,24,2.5
Fulton County,Georgia,2020-01-01,23,2.2
Honolulu County,Hawaii,2020-01-01,11,1.1
Cook County,Illinois,2020-01-01,158,3
Marion County,Indiana,2020-01-01,50,5.1
Sedgwick County,Kansas,2020-01-01,13,2.5
Jefferson County,Kentucky,2020-01-01,34,4.3
Orleans Parish,Louisiana,2020-01-01,29,7.6
Baltimore city,Maryland,2020-01-01,66,11.3
Suffolk County,Massachusetts,2020-01-01,28,3.5
Wayne County,Michigan,2020-01-01,59,3.3
Hennepin County,Minnesota,2020-01-01,29,2.3
Jackson County,Missouri,2020-01-01,10,1.4
St. Louis County,Missouri,2020-01-01,29,2.9
St. Louis city,Missouri,2020-01-01,32,10.7
Clark County,Nevada,2020-01-01,39,1.7
Washoe County,Nevada,2020-01-01,17,3.5
Essex County,New Jersey,2020-01-01,33,3.8
Bernalillo County,New Mexico,2020-01-01,31,4.6
Bronx County,New York,2020-01-01,36,2.5
Erie County,New York,2020-01-01,23,2.4
Kings County,New York,2020-01-01,39,1.4
Monroe County,New York,2020-01-01,24,3.2
New York County,New York,2020-01-01,34,2
Queens County,New York,2020-01-01,22,0.9
Suffolk County,New York,2020-01-01,32,2.1
Mecklenburg County,North Carolina,2020-01-01,17,1.5
Cuyahoga County,Ohio,2020-01-01,33,2.6
Franklin County,Ohio,2020-01-01,70,5.3
Montgomery County,Ohio,2020-01-01,22,4.1
Oklahoma County,Oklahoma,2020-01-01,16,2
Allegheny County,Pennsylvania,2020-01-01,51,4.1
Philadelphia County,Pennsylvania,2020-01-01,84,5.2
Davidson County,Tennessee,2020-01-01,46,6.4
Knox County,Tennessee,2020-01-01,23,4.8
Shelby County,Tennessee,2020-01-01,25,2.7
Bexar County,Texas,2020-01-01,26,1.3
Dallas County,Texas,2020-01-01,29,1.1
Harris County,Texas,2020-01-01,57,1.2
Tarrant County,Texas,2020-01-01,22,1
Travis County,Texas,2020-01-01,19,1.5
Salt Lake County,Utah,2020-01-01,24,2
King County,Washington,2020-01-01,32,1.4
Pierce County,Washington,2020-01-01,15,1.6
Snohomish County,Washington,2020-01-01,17,2
Spokane County,Washington,2020-01-01,12,2.2
Milwaukee County,Wisconsin,2020-01-01,41,4.4
Jefferson County,Alabama,2020-02-01,18,2.7
Maricopa County,Arizona,2020-02-01,98,2.2
Pima County,Arizona,2020-02-01,30,2.9
Alameda County,California,2020-02-01,22,1.3
Contra Costa County,California,2020-02-01,19,1.6
Kern County,California,2020-02-01,18,2
Los Angeles County,California,2020-02-01,130,1.3
Orange County,California,2020-02-01,41,1.3
Riverside County,California,2020-02-01,43,1.8
Sacramento County,California,2020-02-01,30,1.9
San Bernardino County,California,2020-02-01,39,1.8
San Diego County,California,2020-02-01,45,1.4
San Francisco County,California,2020-02-01,47,5.4
Santa Clara County,California,2020-02-01,26,1.4
Adams County,Colorado,2020-02-01,14,2.7
Arapahoe County,Colorado,2020-02-01,11,1.7
Denver County,Colorado,2020-02-01,21,2.9
Hartford County,Connecticut,2020-02-01,32,3.6
New Haven County,Connecticut,2020-02-01,25,2.9
New Castle County,Delaware,2020-02-01,20,3.5
"Washington, D.C.","Washington, D.C.",2020-02-01,36,5.4
Brevard County,Florida,2020-02-01,27,4.4
Broward County,Florida,2020-02-01,54,2.8
Duval County,Florida,2020-02-01,48,4.8
Hillsborough County,Florida,2020-02-01,33,2.3
Miami-Dade County,Florida,2020-02-01,23,0.9
Orange County,Florida,2020-02-01,29,2
Palm Beach County,Florida,2020-02-01,69,4.6
Pinellas County,Florida,2020-02-01,38,4
Fulton County,Georgia,2020-02-01,17,1.6
Honolulu County,Hawaii,2020-02-01,13,1.3
Cook County,Illinois,2020-02-01,159,3
Marion County,Indiana,2020-02-01,46,4.7
Sedgwick County,Kansas,2020-02-01,14,2.7
Jefferson County,Kentucky,2020-02-01,42,5.4
Orleans Parish,Louisiana,2020-02-01,17,4.4
Baltimore city,Maryland,2020-02-01,66,11.3
Suffolk County,Massachusetts,2020-02-01,26,3.3
Wayne County,Michigan,2020-02-01,67,3.7
Hennepin County,Minnesota,2020-02-01,22,1.7
Ramsey County,Minnesota,2020-02-01,13,2.4
Jackson County,Missouri,2020-02-01,20,2.8
St. Louis County,Missouri,2020-02-01,36,3.6
St. Louis city,Missouri,2020-02-01,28,9.3
Clark County,Nevada,2020-02-01,34,1.5
Washoe County,Nevada,2020-02-01,13,2.7
Essex County,New Jersey,2020-02-01,20,2.3
Bernalillo County,New Mexico,2020-02-01,26,3.8
Bronx County,New York,2020-02-01,47,3.2
Erie County,New York,2020-02-01,21,2.2
Kings County,New York,2020-02-01,27,1
Monroe County,New York,2020-02-01,28,3.7
New York County,New York,2020-02-01,40,2.4
Queens County,New York,2020-02-01,34,1.4
Suffolk County,New York,2020-02-01,33,2.2
Mecklenburg County,North Carolina,2020-02-01,24,2.2
Cuyahoga County,Ohio,2020-02-01,29,2.3
Franklin County,Ohio,2020-02-01,68,5.1
Montgomery County,Ohio,2020-02-01,29,5.4
Oklahoma County,Oklahoma,2020-02-01,10,1.3
Tulsa County,Oklahoma,2020-02-01,14,2.1
Allegheny County,Pennsylvania,2020-02-01,46,3.7
Philadelphia County,Pennsylvania,2020-02-01,78,4.9
Davidson County,Tennessee,2020-02-01,34,4.7
Knox County,Tennessee,2020-02-01,17,3.5
Shelby County,Tennessee,2020-02-01,34,3.7
Bexar County,Texas,2020-02-01,16,0.8
Dallas County,Texas,2020-02-01,27,1
Harris County,Texas,2020-02-01,63,1.3
Tarrant County,Texas,2020-02-01,23,1.1
Travis County,Texas,2020-02-01,20,1.5
Salt Lake County,Utah,2020-02-01,22,1.9
King County,Washington,2020-02-01,42,1.8
Pierce County,Washington,2020-02-01,12,1.3
Milwaukee County,Wisconsin,2020-02-01,48,5.1
Jefferson County,Alabama,2020-03-01,24,3.6
Maricopa County,Arizona,2020-03-01,151,3.4
Pima County,Arizona,2020-03-01,22,2.1
Alameda County,California,2020-03-01,23,1.4
Contra Costa County,California,2020-03-01,13,1.1
Kern County,California,2020-03-01,20,2.2
Los Angeles County,California,2020-03-01,160,1.6
Orange County,California,2020-03-01,46,1.4
Riverside County,California,2020-03-01,50,2.1
Sacramento County,California,2020-03-01,19,1.2
San Bernardino County,California,2020-03-01,31,1.4
San Diego County,California,2020-03-01,60,1.8
San Francisco County,California,2020-03-01,50,5.7
San Joaquin County,California,2020-03-01,11,1.4
Santa Clara County,California,2020-03-01,29,1.5
Ventura County,California,2020-03-01,12,1.4
Adams County,Colorado,2020-03-01,18,3.5
Arapahoe County,Colorado,2020-03-01,11,1.7
Denver County,Colorado,2020-03-01,25,3.5
El Paso County,Colorado,2020-03-01,10,1.4
Jefferson County,Colorado,2020-03-01,15,2.6
Hartford County,Connecticut,2020-03-01,37,4.1
New Haven County,Connecticut,2020-03-01,23,2.7
New Castle County,Delaware,2020-03-01,21,3.7
"Washington, D.C.","Washington, D.C.",2020-03-01,30,4.5
Brevard County,Florida,2020-03-01,26,4.3
Broward County,Florida,2020-03-01,61,3.1
Duval County,Florida,2020-03-01,49,4.9
Hillsborough County,Florida,2020-03-01,37,2.5
Miami-Dade County,Florida,2020-03-01,34,1.3
Orange County,Florida,2020-03-01,29,2
Palm Beach County,Florida,2020-03-01,48,3.2
Pinellas County,Florida,2020-03-01,32,3.3
Fulton County,Georgia,2020-03-01,26,2.4
Honolulu County,Hawaii,2020-03-01,26,2.6
Cook County,Illinois,2020-03-01,165,3.1
Marion County,Indiana,2020-03-01,46,4.7
Sedgwick County,Kansas,2020-03-01,12,2.3
Jefferson County,Kentucky,2020-03-01,48,6.1
Orleans Parish,Louisiana,2020-03-01,21,5.5
Baltimore city,Maryland,2020-03-01,97,16.6
Suffolk County,Massachusetts,2020-03-01,25,3.1
Wayne County,Michigan,2020-03-01,84,4.7
Hennepin County,Minnesota,2020-03-01,32,2.5
Ramsey County,Minnesota,2020-03-01,13,2.4
Jackson County,Missouri,2020-03-01,18,2.5
St. Louis County,Missouri,2020-03-01,29,2.9
St. Louis city,Missouri,2020-03-01,40,13.3
Clark County,Nevada,2020-03-01,44,1.9
Essex County,New Jersey,2020-03-01,32,3.7
Bernalillo County,New Mexico,2020-03-01,24,3.5
Bronx County,New York,2020-03-01,44,3
Erie County,New York,2020-03-01,26,2.7
Kings County,New York,2020-03-01,30,1.1
Monroe County,New York,2020-03-01,31,4.1
New York County,New York,2020-03-01,49,2.9
Queens County,New York,2020-03-01,21,0.9
Suffolk County,New York,2020-03-01,36,2.4
Mecklenburg County,North Carolina,2020-03-01,18,1.6
Cuyahoga County,Ohio,2020-03-01,40,3.2
Franklin County,Ohio,2020-03-01,65,4.9
Montgomery County,Ohio,2020-03-01,38,7.1
Oklahoma County,Oklahoma,2020-03-01,17,2.1
Tulsa County,Oklahoma,2020-03-01,19,2.8
Allegheny County,Pennsylvania,2020-03-01,68,5.4
Philadelphia County,Pennsylvania,2020-03-01,108,6.7
Davidson County,Tennessee,2020-03-01,54,7.5
Knox County,Tennessee,2020-03-01,40,8.3
Shelby County,Tennessee,2020-03-01,31,3.3
Bexar County,Texas,2020-03-01,30,1.5
Dallas County,Texas,2020-03-01,34,1.3
Harris County,Texas,2020-03-01,64,1.4
Tarrant County,Texas,2020-03-01,18,0.9
Travis County,Texas,2020-03-01,13,1
Salt Lake County,Utah,2020-03-01,17,1.4
King County,Washington,2020-03-01,47,2.1
Pierce County,Washington,2020-03-01,23,2.5
Snohomish County,Washington,2020-03-01,18,2.2
Milwaukee County,Wisconsin,2020-03-01,42,4.5
Jefferson County,Alabama,2020-04-01,24,3.6
Maricopa County,Arizona,2020-04-01,116,2.6
Pima County,Arizona,2020-04-01,31,3
Alameda County,California,2020-04-01,29,1.7
Contra Costa County,California,2020-04-01,20,1.7
Fresno County,California,2020-04-01,16,1.6
Kern County,California,2020-04-01,27,3
Los Angeles County,California,2020-04-01,161,1.6
Orange County,California,2020-04-01,58,1.8
Riverside County,California,2020-04-01,42,1.7
Sacramento County,California,2020-04-01,42,2.6
San Bernardino County,California,2020-04-01,40,1.8
San Diego County,California,2020-04-01,46,1.4
San Francisco County,California,2020-04-01,51,5.8
Santa Clara County,California,2020-04-01,29,1.5
Ventura County,California,2020-04-01,17,2
Adams County,Colorado,2020-04-01,11,2.1
Arapahoe County,Colorado,2020-04-01,15,2.3
Denver County,Colorado,2020-04-01,38,5.3
El Paso County,Colorado,2020-04-01,14,1.9
Jefferson County,Colorado,2020-04-01,14,2.4
Hartford County,Connecticut,2020-04-01,47,5.2
New Haven County,Connecticut,2020-04-01,40,4.6
New Castle County,Delaware,2020-04-01,24,4.2
"Washington, D.C.","Washington, D.C.",2020-04-01,54,8
Brevard County,Florida,2020-04-01,42,6.9
Broward County,Florida,2020-04-01,74,3.8
Duval County,Florida,2020-04-01,44,4.4
Hillsborough County,Florida,2020-04-01,61,4.2
Miami-Dade County,Florida,2020-04-01,42,1.6
Orange County,Florida,2020-04-01,32,2.2
Palm Beach County,Florida,2020-04-01,60,4
Pinellas County,Florida,2020-04-01,37,3.9
Fulton County,Georgia,2020-04-01,24,2.2
Honolulu County,Hawaii,2020-04-01,15,1.5
Cook County,Illinois,2020-04-01,180,3.4
Marion County,Indiana,2020-04-01,59,6
Jefferson County,Kentucky,2020-04-01,54,6.9
Orleans Parish,Louisiana,2020-04-01,29,7.6
Baltimore city,Maryland,2020-04-01,68,11.7
Suffolk County,Massachusetts,2020-04-01,33,4.1
Wayne County,Michigan,2020-04-01,72,4
Hennepin County,Minnesota,2020-04-01,31,2.4
Ramsey County,Minnesota,2020-04-01,16,2.9
Jackson County,Missouri,2020-04-01,10,1.4
St. Louis County,Missouri,2020-04-01,40,4
St. Louis city,Missouri,2020-04-01,41,13.7
Clark County,Nevada,2020-04-01,57,2.5
Washoe County,Nevada,2020-04-01,18,3.7
Essex County,New Jersey,2020-04-01,27,3.1
Bernalillo County,New Mexico,2020-04-01,26,3.8
Bronx County,New York,2020-04-01,41,2.8
Erie County,New York,2020-04-01,18,1.9
Kings County,New York,2020-04-01,26,1
Monroe County,New York,2020-04-01,25,3.3
New York County,New York,2020-04-01,25,1.5
Queens County,New York,2020-04-01,29,1.2
Suffolk County,New York,2020-04-01,43,2.8
Mecklenburg County,North Carolina,2020-04-01,24,2.2
Cuyahoga County,Ohio,2020-04-01,31,2.5
Franklin County,Ohio,2020-04-01,82,6.2
Montgomery County,Ohio,2020-04-01,22,4.1
Oklahoma County,Oklahoma,2020-04-01,14,1.8
Tulsa County,Oklahoma,2020-04-01,14,2.1
Allegheny County,Pennsylvania,2020-04-01,66,5.3
Philadelphia County,Pennsylvania,2020-04-01,101,6.3
Davidson County,Tennessee,2020-04-01,57,8
Knox County,Tennessee,2020-04-01,27,5.6
Shelby County,Tennessee,2020-04-01,37,4
Bexar County,Texas,2020-04-01,19,0.9
Dallas County,Texas,2020-04-01,44,1.7
Harris County,Texas,2020-04-01,73,1.5
Tarrant County,Texas,2020-04-01,28,1.3
Travis County,Texas,2020-04-01,35,2.7
Salt Lake County,Utah,2020-04-01,22,1.9
King County,Washington,2020-04-01,51,2.2
Pierce County,Washington,2020-04-01,28,3
Snohomish County,Washington,2020-04-01,22,2.7
Milwaukee County,Wisconsin,2020-04-01,43,4.6
Jefferson County,Alabama,2020-05-01,35,5.2
Anchorage Borough,Alaska,2020-05-01,13,4.5
Maricopa County,Arizona,2020-05-01,160,3.6
Pima County,Arizona,2020-05-01,33,3.2
Alameda County,California,2020-05-01,28,1.7
Contra Costa County,California,2020-05-01,14,1.2
Fresno County,California,2020-05-01,15,1.5
Kern County,California,2020-05-01,36,4
Los Angeles County,California,2020-05-01,170,1.7
Orange County,California,2020-05-01,68,2.1
Riverside County,California,2020-05-01,53,2.2
Sacramento County,California,2020-05-01,39,2.5
San Bernardino County,California,2020-05-01,47,2.2
San Diego County,California,2020-05-01,53,1.6
San Francisco County,California,2020-05-01,72,8.2
San Joaquin County,California,2020-05-01,16,2
Santa Clara County,California,2020-05-01,20,1
Ventura County,California,2020-05-01,13,1.5
Adams County,Colorado,2020-05-01,17,3.3
Arapahoe County,Colorado,2020-05-01,24,3.7
Denver County,Colorado,2020-05-01,26,3.6
El Paso County,Colorado,2020-05-01,27,3.7
Jefferson County,Colorado,2020-05-01,16,2.7
Hartford County,Connecticut,2020-05-01,33,3.7
New Haven County,Connecticut,2020-05-01,40,4.6
New Castle County,Delaware,2020-05-01,26,4.6
"Washington, D.C.","Washington, D.C.",2020-05-01,53,7.9
Brevard County,Florida,2020-05-01,39,6.4
Broward County,Florida,2020-05-01,82,4.2
Duval County,Florida,2020-05-01,67,6.7
Hillsborough County,Florida,2020-05-01,65,4.4
Miami-Dade County,Florida,2020-05-01,38,1.4
Orange County,Florida,2020-05-01,22,1.5
Palm Beach County,Florida,2020-05-01,63,4.2
Pinellas County,Florida,2020-05-01,66,6.9
Fulton County,Georgia,2020-05-01,29,2.7
Honolulu County,Hawaii,2020-05-01,20,2
Cook County,Illinois,2020-05-01,233,4.4
Marion County,Indiana,2020-05-01,75,7.7
Sedgwick County,Kansas,2020-05-01,14,2.7
Jefferson County,Kentucky,2020-05-01,67,8.6
Orleans Parish,Louisiana,2020-05-01,38,9.9
Baltimore city,Maryland,2020-05-01,91,15.6
Suffolk County,Massachusetts,2020-05-01,40,5
Wayne County,Michigan,2020-05-01,114,6.4
Hennepin County,Minnesota,2020-05-01,46,3.6
Ramsey County,Minnesota,2020-05-01,14,2.5
Jackson County,Missouri,2020-05-01,17,2.4
St. Louis County,Missouri,2020-05-01,38,3.8
St. Louis city,Missouri,2020-05-01,46,15.3
Clark County,Nevada,2020-05-01,66,2.9
Washoe County,Nevada,2020-05-01,19,3.9
Essex County,New Jersey,2020-05-01,27,3.1
Bernalillo County,New Mexico,2020-05-01,39,5.8
Bronx County,New York,2020-05-01,56,3.8
Erie County,New York,2020-05-01,29,3
Kings County,New York,2020-05-01,47,1.7
Monroe County,New York,2020-05-01,26,3.4
New York County,New York,2020-05-01,43,2.6
Queens County,New York,2020-05-01,48,2
Suffolk County,New York,2020-05-01,47,3.1
Mecklenburg County,North Carolina,2020-05-01,26,2.3
Cuyahoga County,Ohio,2020-05-01,59,4.7
Franklin County,Ohio,2020-05-01,110,8.3
Montgomery County,Ohio,2020-05-01,36,6.7
Oklahoma County,Oklahoma,2020-05-01,20,2.5
Tulsa County,Oklahoma,2020-05-01,16,2.4
Allegheny County,Pennsylvania,2020-05-01,64,5.1
Philadelphia County,Pennsylvania,2020-05-01,110,6.9
Davidson County,Tennessee,2020-05-01,55,7.7
Knox County,Tennessee,2020-05-01,43,8.9
Shelby County,Tennessee,2020-05-01,58,6.2
Bexar County,Texas,2020-05-01,19,0.9
Dallas County,Texas,2020-05-01,46,1.8
Harris County,Texas,2020-05-01,90,1.9
Tarrant County,Texas,2020-05-01,26,1.2
Travis County,Texas,2020-05-01,22,1.7
Salt Lake County,Utah,2020-05-01,18,1.5
King County,Washington,2020-05-01,43,1.9
Pierce County,Washington,2020-05-01,32,3.5
Snohomish County,Washington,2020-05-01,26,3.1
Spokane County,Washington,2020-05-01,11,2
Milwaukee County,Wisconsin,2020-05-01,63,6.7
Jefferson County,Alabama,2020-06-01,19,2.8
Maricopa County,Arizona,2020-06-01,180,4
Pima County,Arizona,2020-06-01,44,4.2
Alameda County,California,2020-06-01,22,1.3
Contra Costa County,California,2020-06-01,29,2.5
Kern County,California,2020-06-01,37,4.1
Los Angeles County,California,2020-06-01,167,1.7
Orange County,California,2020-06-01,56,1.8
Riverside County,California,2020-06-01,50,2.1
Sacramento County,California,2020-06-01,27,1.7
San Bernardino County,California,2020-06-01,39,1.8
San Diego County,California,2020-06-01,64,1.9
San Francisco County,California,2020-06-01,73,8.3
San Joaquin County,California,2020-06-01,19,2.4
Santa Clara County,California,2020-06-01,30,1.6
Ventura County,California,2020-06-01,11,1.3
Arapahoe County,Colorado,2020-06-01,13,2
Denver County,Colorado,2020-06-01,29,4
El Paso County,Colorado,2020-06-01,16,2.2
Jefferson County,Colorado,2020-06-01,14,2.4
Hartford County,Connecticut,2020-06-01,34,3.8
New Haven County,Connecticut,2020-06-01,40,4.6
New Castle County,Delaware,2020-06-01,26,4.6
"Washington, D.C.","Washington, D.C.",2020-06-01,40,6
Brevard County,Florida,2020-06-01,31,5.1
Broward County,Florida,2020-06-01,56,2.9
Duval County,Florida,2020-06-01,41,4.1
Hillsborough County,Florida,2020-06-01,36,2.5
Miami-Dade County,Florida,2020-06-01,47,1.7
Orange County,Florida,2020-06-01,39,2.7
Palm Beach County,Florida,2020-06-01,64,4.3
Pinellas County,Florida,2020-06-01,57,5.9
Fulton County,Georgia,2020-06-01,17,1.6
Honolulu County,Hawaii,2020-06-01,18,1.8
Cook County,Illinois,2020-06-01,160,3
Marion County,Indiana,2020-06-01,57,5.8
Sedgwick County,Kansas,2020-06-01,13,2.5
Jefferson County,Kentucky,2020-06-01,40,5.1
Orleans Parish,Louisiana,2020-06-01,28,7.3
Baltimore city,Maryland,2020-06-01,93,15.9
Suffolk County,Massachusetts,2020-06-01,22,2.8
Wayne County,Michigan,2020-06-01,94,5.3
Hennepin County,Minnesota,2020-06-01,22,1.7
Ramsey County,Minnesota,2020-06-01,18,3.3
Jackson County,Missouri,2020-06-01,17,2.4
St. Louis County,Missouri,2020-06-01,26,2.6
St. Louis city,Missouri,2020-06-01,35,11.7
Clark County,Nevada,2020-06-01,51,2.2
Washoe County,Nevada,2020-06-01,14,2.9
Essex County,New Jersey,2020-06-01,34,4
Bernalillo County,New Mexico,2020-06-01,39,5.8
Bronx County,New York,2020-06-01,40,2.7
Erie County,New York,2020-06-01,28,2.9
Kings County,New York,2020-06-01,39,1.4
Monroe County,New York,2020-06-01,22,2.9
New York County,New York,2020-06-01,45,2.7
Queens County,New York,2020-06-01,34,1.4
Suffolk County,New York,2020-06-01,45,3
Mecklenburg County,North Carolina,2020-06-01,26,2.3
Cuyahoga County,Ohio,2020-06-01,51,4
Franklin County,Ohio,2020-06-01,83,6.3
Montgomery County,Ohio,2020-06-01,46,8.6
Oklahoma County,Oklahoma,2020-06-01,18,2.3
Tulsa County,Oklahoma,2020-06-01,18,2.7
Allegheny County,Pennsylvania,2020-06-01,49,3.9
Philadelphia County,Pennsylvania,2020-06-01,104,6.5
Davidson County,Tennessee,2020-06-01,60,8.4
Knox County,Tennessee,2020-06-01,34,7.1
Shelby County,Tennessee,2020-06-01,40,4.3
Bexar County,Texas,2020-06-01,26,1.3
Dallas County,Texas,2020-06-01,42,1.6
Harris County,Texas,2020-06-01,76,1.6
Tarrant County,Texas,2020-06-01,25,1.2
Travis County,Texas,2020-06-01,14,1.1
Salt Lake County,Utah,2020-06-01,21,1.8
King County,Washington,2020-06-01,48,2.1
Pierce County,Washington,2020-06-01,12,1.3
Snohomish County,Washington,2020-06-01,24,2.9
Spokane County,Washington,2020-06-01,12,2.2
Milwaukee County,Wisconsin,2020-06-01,56,6
Jefferson County,Alabama,2020-07-01,22,3.3
Maricopa County,Arizona,2020-07-01,208,4.7
Pima County,Arizona,2020-07-01,59,5.6
Alameda County,California,2020-07-01,30,1.8
Contra Costa County,California,2020-07-01,14,1.2
Fresno County,California,2020-07-01,19,1.9
Kern County,California,2020-07-01,39,4.3
Los Angeles County,California,2020-07-01,221,2.2
Orange County,California,2020-07-01,75,2.4
Riverside County,California,2020-07-01,56,2.3
Sacramento County,California,2020-07-01,16,1
San Bernardino County,California,2020-07-01,46,2.1
San Diego County,California,2020-07-01,81,2.5
San Francisco County,California,2020-07-01,69,7.9
San Joaquin County,California,2020-07-01,21,2.7
Santa Clara County,California,2020-07-01,26,1.4
Ventura County,California,2020-07-01,28,3.3
Arapahoe County,Colorado,2020-07-01,11,1.7
Denver County,Colorado,2020-07-01,35,4.9
El Paso County,Colorado,2020-07-01,30,4.1
Jefferson County,Colorado,2020-07-01,14,2.4
Hartford County,Connecticut,2020-07-01,41,4.6
New Haven County,Connecticut,2020-07-01,48,5.6
New Castle County,Delaware,2020-07-01,31,5.4
"Washington, D.C.","Washington, D.C.",2020-07-01,34,5.1
Brevard County,Florida,2020-07-01,32,5.3
Broward County,Florida,2020-07-01,78,4
Duval County,Florida,2020-07-01,49,4.9
Hillsborough County,Florida,2020-07-01,37,2.5
Miami-Dade County,Florida,2020-07-01,27,1
Orange County,Florida,2020-07-01,47,3.3
Palm Beach County,Florida,2020-07-01,48,3.2
Pinellas County,Florida,2020-07-01,51,5.3
Fulton County,Georgia,2020-07-01,25,2.3
Honolulu County,Hawaii,2020-07-01,19,1.9
Cook County,Illinois,2020-07-01,161,3.1
Marion County,Indiana,2020-07-01,44,4.5
Sedgwick County,Kansas,2020-07-01,23,4.4
Jefferson County,Kentucky,2020-07-01,46,5.9
Orleans Parish,Louisiana,2020-07-01,27,7
Baltimore city,Maryland,2020-07-01,84,14.4
Suffolk County,Massachusetts,2020-07-01,40,5
Wayne County,Michigan,2020-07-01,71,4
Hennepin County,Minnesota,2020-07-01,38,3
Jackson County,Missouri,2020-07-01,18,2.5
St. Louis County,Missouri,2020-07-01,33,3.3
St. Louis city,Missouri,2020-07-01,38,12.7
Clark County,Nevada,2020-07-01,71,3.1
Washoe County,Nevada,2020-07-01,11,2.3
Essex County,New Jersey,2020-07-01,30,3.5
Bernalillo County,New Mexico,2020-07-01,35,5.2
Bronx County,New York,2020-07-01,58,4
Erie County,New York,2020-07-01,42,4.4
Kings County,New York,2020-07-01,50,1.8
Monroe County,New York,2020-07-01,19,2.5
New York County,New York,2020-07-01,53,3.2
Queens County,New York,2020-07-01,32,1.3
Suffolk County,New York,2020-07-01,26,1.7
Mecklenburg County,North Carolina,2020-07-01,17,1.5
Cuyahoga County,Ohio,2020-07-01,52,4.1
Franklin County,Ohio,2020-07-01,89,6.7
Montgomery County,Ohio,2020-07-01,36,6.7
Oklahoma County,Oklahoma,2020-07-01,19,2.4
Tulsa County,Oklahoma,2020-07-01,15,2.2
Allegheny County,Pennsylvania,2020-07-01,67,5.4
Philadelphia County,Pennsylvania,2020-07-01,147,9.2
Davidson County,Tennessee,2020-07-01,61,8.5
Knox County,Tennessee,2020-07-01,39,8.1
Shelby County,Tennessee,2020-07-01,27,2.9
Bexar County,Texas,2020-07-01,40,2
Dallas County,Texas,2020-07-01,45,1.7
Harris County,Texas,2020-07-01,99,2.1
Tarrant County,Texas,2020-07-01,25,1.2
Travis County,Texas,2020-07-01,18,1.4
Salt Lake County,Utah,2020-07-01,37,3.1
King County,Washington,2020-07-01,51,2.2
Pierce County,Washington,2020-07-01,23,2.5
Snohomish County,Washington,2020-07-01,17,2
Milwaukee County,Wisconsin,2020-07-01,46,4.9
Jefferson County,Alabama,2020-08-01,28,4.1
Maricopa County,Arizona,2020-08-01,195,4.4
Pima County,Arizona,2020-08-01,46,4.4
Alameda County,California,2020-08-01,34,2
Contra Costa County,California,2020-08-01,23,2
Kern County,California,2020-08-01,30,3.3
Los Angeles County,California,2020-08-01,228,2.3
Orange County,California,2020-08-01,68,2.1
Riverside County,California,2020-08-01,77,3.2
Sacramento County,California,2020-08-01,17,1.1
San Bernardino County,California,2020-08-01,67,3.1
San Diego County,California,2020-08-01,109,3.3
San Francisco County,California,2020-08-01,69,7.9
San Joaquin County,California,2020-08-01,25,3.2
Santa Clara County,California,2020-08-01,28,1.5
Ventura County,California,2020-08-01,19,2.3
Adams County,Colorado,2020-08-01,18,3.5
Arapahoe County,Colorado,2020-08-01,17,2.6
Denver County,Colorado,2020-08-01,31,4.3
El Paso County,Colorado,2020-08-01,21,2.9
Jefferson County,Colorado,2020-08-01,11,1.9
Hartford County,Connecticut,2020-08-01,26,2.9
New Haven County,Connecticut,2020-08-01,33,3.8
New Castle County,Delaware,2020-08-01,22,3.9
"Washington, D.C.","Washington, D.C.",2020-08-01,53,7.9
Brevard County,Florida,2020-08-01,31,5.1
Broward County,Florida,2020-08-01,65,3.3
Duval County,Florida,2020-08-01,56,5.6
Hillsborough County,Florida,2020-08-01,44,3
Miami-Dade County,Florida,2020-08-01,29,1.1
Orange County,Florida,2020-08-01,29,2
Palm Beach County,Florida,2020-08-01,42,2.8
Pinellas County,Florida,2020-08-01,42,4.4
Fulton County,Georgia,2020-08-01,29,2.7
Honolulu County,Hawaii,2020-08-01,16,1.6
Cook County,Illinois,2020-08-01,155,2.9
Marion County,Indiana,2020-08-01,45,4.6
Sedgwick County,Kansas,2020-08-01,11,2.1
Jefferson County,Kentucky,2020-08-01,57,7.3
Orleans Parish,Louisiana,2020-08-01,29,7.6
Baltimore city,Maryland,2020-08-01,95,16.3
Suffolk County,Massachusetts,2020-08-01,35,4.4
Wayne County,Michigan,2020-08-01,57,3.2
Hennepin County,Minnesota,2020-08-01,33,2.6
Ramsey County,Minnesota,2020-08-01,20,3.6
Jackson County,Missouri,2020-08-01,12,1.7
St. Louis County,Missouri,2020-08-01,25,2.5
St. Louis city,Missouri,2020-08-01,29,9.7
Clark County,Nevada,2020-08-01,84,3.7
Washoe County,Nevada,2020-08-01,15,3.1
Essex County,New Jersey,2020-08-01,20,2.3
Bernalillo County,New Mexico,2020-08-01,43,6.4
Bronx County,New York,2020-08-01,45,3.1
Erie County,New York,2020-08-01,22,2.3
Kings County,New York,2020-08-01,41,1.5
Monroe County,New York,2020-08-01,28,3.7
New York County,New York,2020-08-01,47,2.8
Queens County,New York,2020-08-01,24,1
Suffolk County,New York,2020-08-01,28,1.8
Mecklenburg County,North Carolina,2020-08-01,27,2.4
Cuyahoga County,Ohio,2020-08-01,44,3.5
Franklin County,Ohio,2020-08-01,72,5.4
Montgomery County,Ohio,2020-08-01,27,5
Oklahoma County,Oklahoma,2020-08-01,19,2.4
Tulsa County,Oklahoma,2020-08-01,13,1.9
Allegheny County,Pennsylvania,2020-08-01,59,4.7
Philadelphia County,Pennsylvania,2020-08-01,117,7.3
Davidson County,Tennessee,2020-08-01,44,6.1
Knox County,Tennessee,2020-08-01,38,7.9
Shelby County,Tennessee,2020-08-01,41,4.4
Bexar County,Texas,2020-08-01,35,1.7
Dallas County,Texas,2020-08-01,57,2.2
Harris County,Texas,2020-08-01,99,2.1
Tarrant County,Texas,2020-08-01,40,1.9
Travis County,Texas,2020-08-01,22,1.7
Salt Lake County,Utah,2020-08-01,27,2.3
King County,Washington,2020-08-01,45,2
Pierce County,Washington,2020-08-01,19,2.1
Snohomish County,Washington,2020-08-01,22,2.7
Milwaukee County,Wisconsin,2020-08-01,47,5
Jefferson County,Alabama,2020-09-01,24,3.6
Maricopa County,Arizona,2020-09-01,118,2.7
Pima County,Arizona,2020-09-01,37,3.5
Alameda County,California,2020-09-01,29,1.7
Contra Costa County,California,2020-09-01,17,1.5
Fresno County,California,2020-09-01,16,1.6
Kern County,California,2020-09-01,39,4.3
Los Angeles County,California,2020-09-01,188,1.9
Orange County,California,2020-09-01,63,2
Riverside County,California,2020-09-01,63,2.6
Sacramento County,California,2020-09-01,15,0.9
San Bernardino County,California,2020-09-01,39,1.8
San Diego County,California,2020-09-01,74,2.2
San Francisco County,California,2020-09-01,45,5.1
San Joaquin County,California,2020-09-01,14,1.8
Santa Clara County,California,2020-09-01,29,1.5
Ventura County,California,2020-09-01,12,1.4
Adams County,Colorado,2020-09-01,10,1.9
Denver County,Colorado,2020-09-01,31,4.3
El Paso County,Colorado,2020-09-01,17,2.3
Jefferson County,Colorado,2020-09-01,17,2.9
Hartford County,Connecticut,2020-09-01,41,4.6
New Haven County,Connecticut,2020-09-01,34,3.9
New Castle County,Delaware,2020-09-01,22,3.9
"Washington, D.C.","Washington, D.C.",2020-09-01,38,5.7
Brevard County,Florida,2020-09-01,31,5.1
Broward County,Florida,2020-09-01,78,4
Duval County,Florida,2020-09-01,38,3.8
Hillsborough County,Florida,2020-09-01,44,3
Miami-Dade County,Florida,2020-09-01,39,1.4
Orange County,Florida,2020-09-01,34,2.4
Palm Beach County,Florida,2020-09-01,63,4.2
Pinellas County,Florida,2020-09-01,52,5.4
Fulton County,Georgia,2020-09-01,25,2.3
Honolulu County,Hawaii,2020-09-01,20,2
Cook County,Illinois,2020-09-01,160,3
Marion County,Indiana,2020-09-01,56,5.7
Sedgwick County,Kansas,2020-09-01,12,2.3
Jefferson County,Kentucky,2020-09-01,52,6.6
Orleans Parish,Louisiana,2020-09-01,32,8.3
Baltimore city,Maryland,2020-09-01,99,17
Suffolk County,Massachusetts,2020-09-01,31,3.9
Wayne County,Michigan,2020-09-01,67,3.7
Hennepin County,Minnesota,2020-09-01,31,2.4
Ramsey County,Minnesota,2020-09-01,14,2.5
Jackson County,Missouri,2020-09-01,11,1.5
St. Louis County,Missouri,2020-09-01,32,3.2
St. Louis city,Missouri,2020-09-01,26,8.7
Clark County,Nevada,2020-09-01,41,1.8
Essex County,New Jersey,2020-09-01,28,3.3
Bernalillo County,New Mexico,2020-09-01,34,5
Bronx County,New York,2020-09-01,53,3.6
Erie County,New York,2020-09-01,22,2.3
Kings County,New York,2020-09-01,38,1.4
Monroe County,New York,2020-09-01,32,4.2
New York County,New York,2020-09-01,41,2.4
Queens County,New York,2020-09-01,32,1.3
Suffolk County,New York,2020-09-01,25,1.6
Mecklenburg County,North Carolina,2020-09-01,24,2.2
Cuyahoga County,Ohio,2020-09-01,44,3.5
Franklin County,Ohio,2020-09-01,81,6.1
Montgomery County,Ohio,2020-09-01,27,5
Oklahoma County,Oklahoma,2020-09-01,15,1.9
Allegheny County,Pennsylvania,2020-09-01,65,5.2
Philadelphia County,Pennsylvania,2020-09-01,110,6.9
Davidson County,Tennessee,2020-09-01,49,6.8
Knox County,Tennessee,2020-09-01,34,7.1
Shelby County,Tennessee,2020-09-01,43,4.6
Bexar County,Texas,2020-09-01,25,1.2
Dallas County,Texas,2020-09-01,42,1.6
Harris County,Texas,2020-09-01,85,1.8
Tarrant County,Texas,2020-09-01,18,0.9
Travis County,Texas,2020-09-01,18,1.4
Salt Lake County,Utah,2020-09-01,16,1.3
King County,Washington,2020-09-01,26,1.1
Pierce County,Washington,2020-09-01,27,2.9
Snohomish County,Washington,2020-09-01,15,1.8
Milwaukee County,Wisconsin,2020-09-01,46,4.9
Jefferson County,Alabama,2020-10-01,20,3
Maricopa County,Arizona,2020-10-01,134,3
Pima County,Arizona,2020-10-01,28,2.7
Alameda County,California,2020-10-01,32,1.9
Contra Costa County,California,2020-10-01,17,1.5
Fresno County,California,2020-10-01,11,1.1
Kern County,California,2020-10-01,27,3
Los Angeles County,California,2020-10-01,191,1.9
Orange County,California,2020-10-01,62,1.9
Riverside County,California,2020-10-01,68,2.8
Sacramento County,California,2020-10-01,10,0.6
San Bernardino County,California,2020-10-01,46,2.1
San Diego County,California,2020-10-01,65,2
San Francisco County,California,2020-10-01,44,5
San Joaquin County,California,2020-10-01,10,1.3
Santa Clara County,California,2020-10-01,20,1
Ventura County,California,2020-10-01,18,2.1
Adams County,Colorado,2020-10-01,14,2.7
Arapahoe County,Colorado,2020-10-01,11,1.7
Denver County,Colorado,2020-10-01,27,3.8
Jefferson County,Colorado,2020-10-01,15,2.6
Hartford County,Connecticut,2020-10-01,26,2.9
New Haven County,Connecticut,2020-10-01,21,2.4
New Castle County,Delaware,2020-10-01,20,3.5
"Washington, D.C.","Washington, D.C.",2020-10-01,34,5.1
Brevard County,Florida,2020-10-01,25,4.1
Broward County,Florida,2020-10-01,56,2.9
Duval County,Florida,2020-10-01,46,4.6
Hillsborough County,Florida,2020-10-01,40,2.7
Miami-Dade County,Florida,2020-10-01,27,1
Orange County,Florida,2020-10-01,25,1.7
Palm Beach County,Florida,2020-10-01,56,3.7
Pinellas County,Florida,2020-10-01,29,3
Fulton County,Georgia,2020-10-01,11,1
Honolulu County,Hawaii,2020-10-01,21,2.1
Cook County,Illinois,2020-10-01,131,2.5
Marion County,Indiana,2020-10-01,63,6.5
Sedgwick County,Kansas,2020-10-01,15,2.9
Jefferson County,Kentucky,2020-10-01,48,6.1
Orleans Parish,Louisiana,2020-10-01,26,6.8
Baltimore city,Maryland,2020-10-01,108,18.5
Suffolk County,Massachusetts,2020-10-01,33,4.1
Wayne County,Michigan,2020-10-01,73,4.1
Hennepin County,Minnesota,2020-10-01,30,2.3
Ramsey County,Minnesota,2020-10-01,18,3.3
Jackson County,Missouri,2020-10-01,17,2.4
St. Louis County,Missouri,2020-10-01,34,3.4
St. Louis city,Missouri,2020-10-01,43,14.3
Clark County,Nevada,2020-10-01,52,2.3
Washoe County,Nevada,2020-10-01,19,3.9
Essex County,New Jersey,2020-10-01,25,2.9
Bernalillo County,New Mexico,2020-10-01,33,4.9
Bronx County,New York,2020-10-01,55,3.8
Erie County,New York,2020-10-01,23,2.4
Kings County,New York,2020-10-01,44,1.6
Monroe County,New York,2020-10-01,12,1.6
New York County,New York,2020-10-01,50,3
Queens County,New York,2020-10-01,33,1.4
Suffolk County,New York,2020-10-01,35,2.3
Mecklenburg County,North Carolina,2020-10-01,35,3.1
Cuyahoga County,Ohio,2020-10-01,48,3.8
Franklin County,Ohio,2020-10-01,81,6.1
Montgomery County,Ohio,2020-10-01,24,4.5
Oklahoma County,Oklahoma,2020-10-01,23,2.9
Tulsa County,Oklahoma,2020-10-01,19,2.8
Allegheny County,Pennsylvania,2020-10-01,49,3.9
Philadelphia County,Pennsylvania,2020-10-01,85,5.3
Davidson County,Tennessee,2020-10-01,48,6.7
Knox County,Tennessee,2020-10-01,42,8.7
Shelby County,Tennessee,2020-10-01,53,5.7
Bexar County,Texas,2020-10-01,22,1.1
Dallas County,Texas,2020-10-01,35,1.3
Harris County,Texas,2020-10-01,78,1.6
Tarrant County,Texas,2020-10-01,25,1.2
Travis County,Texas,2020-10-01,13,1
Salt Lake County,Utah,2020-10-01,24,2
King County,Washington,2020-10-01,37,1.6
Pierce County,Washington,2020-10-01,22,2.4
Snohomish County,Washington,2020-10-01,16,1.9
Spokane County,Washington,2020-10-01,10,1.8
Milwaukee County,Wisconsin,2020-10-01,40,4.3
Jefferson County,Alabama,2020-11-01,32,4.7
Maricopa County,Arizona,2020-11-01,121,2.7
Pima County,Arizona,2020-11-01,35,3.3
Alameda County,California,2020-11-01,18,1.1
Contra Costa County,California,2020-11-01,22,1.9
Fresno County,California,2020-11-01,15,1.5
Kern County,California,2020-11-01,23,2.5
Los Angeles County,California,2020-11-01,181,1.8
Orange County,California,2020-11-01,53,1.7
Riverside County,California,2020-11-01,60,2.5
Sacramento County,California,2020-11-01,12,0.8
San Bernardino County,California,2020-11-01,39,1.8
San Diego County,California,2020-11-01,70,2.1
San Francisco County,California,2020-11-01,32,3.7
San Joaquin County,California,2020-11-01,11,1.4
Santa Clara County,California,2020-11-01,30,1.6
Ventura County,California,2020-11-01,20,2.4
Adams County,Colorado,2020-11-01,14,2.7
Arapahoe County,Colorado,2020-11-01,12,1.8
Denver County,Colorado,2020-11-01,20,2.8
El Paso County,Colorado,2020-11-01,15,2
Jefferson County,Colorado,2020-11-01,13,2.2
Hartford County,Connecticut,2020-11-01,26,2.9
New Haven County,Connecticut,2020-11-01,33,3.8
New Castle County,Delaware,2020-11-01,17,3
"Washington, D.C.","Washington, D.C.",2020-11-01,36,5.4
Brevard County,Florida,2020-11-01,24,3.9
Broward County,Florida,2020-11-01,55,2.8
Duval County,Florida,2020-11-01,45,4.5
Hillsborough County,Florida,2020-11-01,35,2.4
Miami-Dade County,Florida,2020-11-01,20,0.7
Orange County,Florida,2020-11-01,41,2.9
Palm Beach County,Florida,2020-11-01,52,3.5
Pinellas County,Florida,2020-11-01,42,4.4
Fulton County,Georgia,2020-11-01,19,1.8
Honolulu County,Hawaii,2020-11-01,14,1.4
Cook County,Illinois,2020-11-01,150,2.8
Marion County,Indiana,2020-11-01,53,5.4
Jefferson County,Kentucky,2020-11-01,49,6.3
Orleans Parish,Louisiana,2020-11-01,24,6.3
Baltimore city,Maryland,2020-11-01,93,15.9
Suffolk County,Massachusetts,2020-11-01,31,3.9
Wayne County,Michigan,2020-11-01,60,3.4
Hennepin County,Minnesota,2020-11-01,34,2.7
Ramsey County,Minnesota,2020-11-01,16,2.9
Jackson County,Missouri,2020-11-01,16,2.2
St. Louis County,Missouri,2020-11-01,23,2.3
St. Louis city,Missouri,2020-11-01,32,10.7
Clark County,Nevada,2020-11-01,56,2.5
Washoe County,Nevada,2020-11-01,11,2.3
Essex County,New Jersey,2020-11-01,28,3.3
Bernalillo County,New Mexico,2020-11-01,35,5.2
Bronx County,New York,2020-11-01,51,3.5
Erie County,New York,2020-11-01,20,2.1
Kings County,New York,2020-11-01,51,1.9
Monroe County,New York,2020-11-01,19,2.5
New York County,New York,2020-11-01,34,2
Queens County,New York,2020-11-01,33,1.4
Suffolk County,New York,2020-11-01,14,0.9
Mecklenburg County,North Carolina,2020-11-01,34,3
Cuyahoga County,Ohio,2020-11-01,46,3.6
Franklin County,Ohio,2020-11-01,67,5.1
Montgomery County,Ohio,2020-11-01,21,3.9
Oklahoma County,Oklahoma,2020-11-01,14,1.8
Tulsa County,Oklahoma,2020-11-01,13,1.9
Allegheny County,Pennsylvania,2020-11-01,51,4.1
Philadelphia County,Pennsylvania,2020-11-01,93,5.8
Davidson County,Tennessee,2020-11-01,57,8
Knox County,Tennessee,2020-11-01,25,5.2
Shelby County,Tennessee,2020-11-01,44,4.7
Bexar County,Texas,2020-11-01,24,1.2
Dallas County,Texas,2020-11-01,37,1.4
Harris County,Texas,2020-11-01,72,1.5
Tarrant County,Texas,2020-11-01,25,1.2
Travis County,Texas,2020-11-01,17,1.3
Salt Lake County,Utah,2020-11-01,22,1.9
King County,Washington,2020-11-01,43,1.9
Pierce County,Washington,2020-11-01,27,2.9
Snohomish County,Washington,2020-11-01,21,2.5
Spokane County,Washington,2020-11-01,13,2.4
Milwaukee County,Wisconsin,2020-11-01,33,3.5
Jefferson County,Alabama,2020-12-01,40,5.9
Anchorage Borough,Alaska,2020-12-01,10,3.4
Maricopa County,Arizona,2020-12-01,104,2.3
Pima County,Arizona,2020-12-01,27,2.6
Alameda County,California,2020-12-01,32,1.9
Contra Costa County,California,2020-12-01,11,0.9
Fresno County,California,2020-12-01,19,1.9
Kern County,California,2020-12-01,46,5.1
Los Angeles County,California,2020-12-01,183,1.8
Orange County,California,2020-12-01,59,1.9
Riverside County,California,2020-12-01,57,2.4
Sacramento County,California,2020-12-01,12,0.8
San Bernardino County,California,2020-12-01,50,2.3
San Diego County,California,2020-12-01,75,2.3
San Francisco County,California,2020-12-01,36,4.1
Santa Clara County,California,2020-12-01,38,2
Ventura County,California,2020-12-01,17,2
Adams County,Colorado,2020-12-01,16,3.1
Arapahoe County,Colorado,2020-12-01,16,2.4
Denver County,Colorado,2020-12-01,32,4.5
El Paso County,Colorado,2020-12-01,18,2.5
Hartford County,Connecticut,2020-12-01,32,3.6
New Haven County,Connecticut,2020-12-01,37,4.3
New Castle County,Delaware,2020-12-01,17,3
"Washington, D.C.","Washington, D.C.",2020-12-01,35,5.2
Brevard County,Florida,2020-12-01,29,4.8
Broward County,Florida,2020-12-01,66,3.4
Duval County,Florida,2020-12-01,32,3.2
Hillsborough County,Florida,2020-12-01,39,2.7
Miami-Dade County,Florida,2020-12-01,23,0.9
Orange County,Florida,2020-12-01,31,2.2
Palm Beach County,Florida,2020-12-01,27,1.8
Pinellas County,Florida,2020-12-01,53,5.5
Fulton County,Georgia,2020-12-01,22,2.1
Honolulu County,Hawaii,2020-12-01,17,1.7
Cook County,Illinois,2020-12-01,150,2.8
Marion County,Indiana,2020-12-01,70,7.2
Sedgwick County,Kansas,2020-12-01,15,2.9
Jefferson County,Kentucky,2020-12-01,60,7.7
Orleans Parish,Louisiana,2020-12-01,45,11.7
Baltimore city,Maryland,2020-12-01,94,16.1
Suffolk County,Massachusetts,2020-12-01,37,4.6
Wayne County,Michigan,2020-12-01,61,3.4
Hennepin County,Minnesota,2020-12-01,29,2.3
Ramsey County,Minnesota,2020-12-01,16,2.9
Jackson County,Missouri,2020-12-01,19,2.6
St. Louis County,Missouri,2020-12-01,26,2.6
St. Louis city,Missouri,2020-12-01,36,12
Clark County,Nevada,2020-12-01,61,2.7
Washoe County,Nevada,2020-12-01,15,3.1
Essex County,New Jersey,2020-12-01,19,2.2
Bernalillo County,New Mexico,2020-12-01,31,4.6
Bronx County,New York,2020-12-01,51,3.5
Erie County,New York,2020-12-01,19,2
Kings County,New York,2020-12-01,45,1.7
Monroe County,New York,2020-12-01,35,4.6
New York County,New York,2020-12-01,48,2.9
Queens County,New York,2020-12-01,35,1.5
Suffolk County,New York,2020-12-01,21,1.4
Mecklenburg County,North Carolina,2020-12-01,15,1.3
Cuyahoga County,Ohio,2020-12-01,52,4.1
Franklin County,Ohio,2020-12-01,69,5.2
Montgomery County,Ohio,2020-12-01,30,5.6
Oklahoma County,Oklahoma,2020-12-01,18,2.3
Tulsa County,Oklahoma,2020-12-01,14,2.1
Allegheny County,Pennsylvania,2020-12-01,51,4.1
Philadelphia County,Pennsylvania,2020-12-01,90,5.6
Davidson County,Tennessee,2020-12-01,29,4
Knox County,Tennessee,2020-12-01,47,9.8
Shelby County,Tennessee,2020-12-01,46,4.9
Bexar County,Texas,2020-12-01,22,1.1
Dallas County,Texas,2020-12-01,48,1.8
Harris County,Texas,2020-12-01,90,1.9
Tarrant County,Texas,2020-12-01,41,1.9
Travis County,Texas,2020-12-01,24,1.9
Salt Lake County,Utah,2020-12-01,21,1.8
King County,Washington,2020-12-01,46,2
Pierce County,Washington,2020-12-01,22,2.4
Snohomish County,Washington,2020-12-01,25,3
Spokane County,Washington,2020-12-01,11,2
Milwaukee County,Wisconsin,2020-12-01,44,4.7
Jefferson County,Alabama,2021-01-01,31,4.6
Maricopa County,Arizona,2021-01-01,136,3
Pima County,Arizona,2021-01-01,38,3.6
Alameda County,California,2021-01-01,29,1.8
Contra Costa County,California,2021-01-01,24,2.1
Fresno County,California,2021-01-01,25,2.5
Kern County,California,2021-01-01,45,4.9
Los Angeles County,California,2021-01-01,220,2.2
Orange County,California,2021-01-01,86,2.7
Riverside County,California,2021-01-01,66,2.7
Sacramento County,California,2021-01-01,47,3
San Bernardino County,California,2021-01-01,52,2.4
San Diego County,California,2021-01-01,91,2.8
San Francisco County,California,2021-01-01,66,8.1
San Joaquin County,California,2021-01-01,14,1.8
Santa Clara County,California,2021-01-01,33,1.8
Ventura County,California,2021-01-01,18,2.1
Adams County,Colorado,2021-01-01,25,4.8
Arapahoe County,Colorado,2021-01-01,12,1.8
Denver County,Colorado,2021-01-01,40,5.6
El Paso County,Colorado,2021-01-01,21,2.8
Jefferson County,Colorado,2021-01-01,12,2.1
Hartford County,Connecticut,2021-01-01,40,4.4
New Haven County,Connecticut,2021-01-01,36,4.2
New Castle County,Delaware,2021-01-01,29,5.1
"Washington, D.C.","Washington, D.C.",2021-01-01,47,7
Brevard County,Florida,2021-01-01,34,5.5
Broward County,Florida,2021-01-01,58,3
Duval County,Florida,2021-01-01,54,5.4
Hillsborough County,Florida,2021-01-01,47,3.2
Miami-Dade County,Florida,2021-01-01,30,1.1
Orange County,Florida,2021-01-01,39,2.7
Palm Beach County,Florida,2021-01-01,44,2.9
Pinellas County,Florida,2021-01-01,53,5.5
Fulton County,Georgia,2021-01-01,25,2.4
Honolulu County,Hawaii,2021-01-01,12,1.2
Cook County,Illinois,2021-01-01,140,2.7
Marion County,Indiana,2021-01-01,72,7.4
Sedgwick County,Kansas,2021-01-01,20,3.8
Jefferson County,Kentucky,2021-01-01,59,7.6
Orleans Parish,Louisiana,2021-01-01,45,11.9
Baltimore city,Maryland,2021-01-01,95,16.5
Suffolk County,Massachusetts,2021-01-01,31,4
Wayne County,Michigan,2021-01-01,75,4.2
Hennepin County,Minnesota,2021-01-01,34,2.7
Ramsey County,Minnesota,2021-01-01,18,3.3
Jackson County,Missouri,2021-01-01,19,2.6
St. Louis County,Missouri,2021-01-01,35,3.5
St. Louis city,Missouri,2021-01-01,35,11.9
Clark County,Nevada,2021-01-01,61,2.7
Washoe County,Nevada,2021-01-01,19,3.8
Essex County,New Jersey,2021-01-01,22,2.6
Bernalillo County,New Mexico,2021-01-01,34,5
Bronx County,New York,2021-01-01,82,5.8
Erie County,New York,2021-01-01,25,2.6
Kings County,New York,2021-01-01,50,1.9
Monroe County,New York,2021-01-01,29,3.8
New York County,New York,2021-01-01,50,3.2
Queens County,New York,2021-01-01,27,1.2
Suffolk County,New York,2021-01-01,35,2.3
Mecklenburg County,North Carolina,2021-01-01,25,2.2
Cuyahoga County,Ohio,2021-01-01,42,3.4
Franklin County,Ohio,2021-01-01,70,5.3
Montgomery County,Ohio,2021-01-01,38,7.1
Oklahoma County,Oklahoma,2021-01-01,16,2
Tulsa County,Oklahoma,2021-01-01,19,2.8
Allegheny County,Pennsylvania,2021-01-01,65,5.2
Philadelphia County,Pennsylvania,2021-01-01,99,6.2
Davidson County,Tennessee,2021-01-01,65,9.3
Knox County,Tennessee,2021-01-01,48,9.9
Shelby County,Tennessee,2021-01-01,48,5.2
Bexar County,Texas,2021-01-01,33,1.6
Dallas County,Texas,2021-01-01,47,1.8
Harris County,Texas,2021-01-01,80,1.7
Tarrant County,Texas,2021-01-01,27,1.3
Travis County,Texas,2021-01-01,22,1.7
Salt Lake County,Utah,2021-01-01,32,2.7
King County,Washington,2021-01-01,57,2.5
Pierce County,Washington,2021-01-01,24,2.6
Snohomish County,Washington,2021-01-01,26,3.1
Milwaukee County,Wisconsin,2021-01-01,40,4.3
Jefferson County,Alabama,2021-02-01,24,3.6
Maricopa County,Arizona,2021-02-01,119,2.6
Pima County,Arizona,2021-02-01,35,3.3
Alameda County,California,2021-02-01,22,1.3
Contra Costa County,California,2021-02-01,20,1.7
Fresno County,California,2021-02-01,19,1.9
Kern County,California,2021-02-01,26,2.8
Los Angeles County,California,2021-02-01,155,1.6
Orange County,California,2021-02-01,69,2.2
Riverside County,California,2021-02-01,52,2.1
Sacramento County,California,2021-02-01,41,2.6
San Bernardino County,California,2021-02-01,36,1.6
San Diego County,California,2021-02-01,79,2.4
San Francisco County,California,2021-02-01,73,9
San Joaquin County,California,2021-02-01,14,1.8
Santa Clara County,California,2021-02-01,29,1.5
Adams County,Colorado,2021-02-01,15,2.9
Arapahoe County,Colorado,2021-02-01,10,1.5
Denver County,Colorado,2021-02-01,25,3.5
El Paso County,Colorado,2021-02-01,16,2.2
Jefferson County,Colorado,2021-02-01,13,2.2
Hartford County,Connecticut,2021-02-01,33,3.7
New Haven County,Connecticut,2021-02-01,39,4.5
New Castle County,Delaware,2021-02-01,25,4.4
"Washington, D.C.","Washington, D.C.",2021-02-01,33,4.9
Brevard County,Florida,2021-02-01,27,4.4
Broward County,Florida,2021-02-01,52,2.7
Duval County,Florida,2021-02-01,44,4.4
Hillsborough County,Florida,2021-02-01,33,2.2
Miami-Dade County,Florida,2021-02-01,24,0.9
Orange County,Florida,2021-02-01,46,3.2
Palm Beach County,Florida,2021-02-01,32,2.1
Pinellas County,Florida,2021-02-01,53,5.5
Fulton County,Georgia,2021-02-01,25,2.4
Honolulu County,Hawaii,2021-02-01,19,1.9
Cook County,Illinois,2021-02-01,117,2.3
Marion County,Indiana,2021-02-01,53,5.5
Sedgwick County,Kansas,2021-02-01,14,2.7
Jefferson County,Kentucky,2021-02-01,40,5.1
Orleans Parish,Louisiana,2021-02-01,31,8.2
Baltimore city,Maryland,2021-02-01,78,13.5
Suffolk County,Massachusetts,2021-02-01,25,3.2
Wayne County,Michigan,2021-02-01,57,3.2
Hennepin County,Minnesota,2021-02-01,32,2.5
Ramsey County,Minnesota,2021-02-01,17,3.1
Jackson County,Missouri,2021-02-01,20,2.8
St. Louis County,Missouri,2021-02-01,35,3.5
St. Louis city,Missouri,2021-02-01,28,9.5
Clark County,Nevada,2021-02-01,60,2.6
Washoe County,Nevada,2021-02-01,15,3
Essex County,New Jersey,2021-02-01,28,3.3
Bernalillo County,New Mexico,2021-02-01,34,5
Bronx County,New York,2021-02-01,49,3.4
Erie County,New York,2021-02-01,26,2.7
Kings County,New York,2021-02-01,46,1.7
Monroe County,New York,2021-02-01,16,2.1
New York County,New York,2021-02-01,51,3.2
Queens County,New York,2021-02-01,31,1.3
Suffolk County,New York,2021-02-01,32,2.1
Mecklenburg County,North Carolina,2021-02-01,23,2
Cuyahoga County,Ohio,2021-02-01,41,3.3
Franklin County,Ohio,2021-02-01,66,5
Montgomery County,Ohio,2021-02-01,32,6
Allegheny County,Pennsylvania,2021-02-01,47,3.8
Philadelphia County,Pennsylvania,2021-02-01,105,6.6
Davidson County,Tennessee,2021-02-01,47,6.7
Knox County,Tennessee,2021-02-01,38,7.8
Shelby County,Tennessee,2021-02-01,47,5.1
Bexar County,Texas,2021-02-01,36,1.8
Dallas County,Texas,2021-02-01,42,1.6
Harris County,Texas,2021-02-01,97,2
Tarrant County,Texas,2021-02-01,33,1.5
Travis County,Texas,2021-02-01,26,2
Salt Lake County,Utah,2021-02-01,22,1.9
King County,Washington,2021-02-01,45,2
Pierce County,Washington,2021-02-01,18,1.9
Snohomish County,Washington,2021-02-01,20,2.4
Milwaukee County,Wisconsin,2021-02-01,44,4.8
Jefferson County,Alabama,2021-03-01,44,6.6
Anchorage Borough,Alaska,2021-03-01,19,6.6
Maricopa County,Arizona,2021-03-01,138,3.1
Pima County,Arizona,2021-03-01,38,3.6
Alameda County,California,2021-03-01,31,1.9
Contra Costa County,California,2021-03-01,29,2.5
Fresno County,California,2021-03-01,16,1.6
Kern County,California,2021-03-01,39,4.3
Los Angeles County,California,2021-03-01,201,2
Orange County,California,2021-03-01,80,2.5
Riverside County,California,2021-03-01,55,2.2
Sacramento County,California,2021-03-01,36,2.3
San Bernardino County,California,2021-03-01,46,2.1
San Diego County,California,2021-03-01,99,3
San Francisco County,California,2021-03-01,50,6.1
San Joaquin County,California,2021-03-01,15,1.9
Santa Clara County,California,2021-03-01,27,1.4
Ventura County,California,2021-03-01,22,2.6
Adams County,Colorado,2021-03-01,27,5.2
Arapahoe County,Colorado,2021-03-01,19,2.9
Denver County,Colorado,2021-03-01,30,4.2
El Paso County,Colorado,2021-03-01,21,2.8
Jefferson County,Colorado,2021-03-01,16,2.8
Hartford County,Connecticut,2021-03-01,29,3.2
New Haven County,Connecticut,2021-03-01,44,5.1
New Castle County,Delaware,2021-03-01,31,5.4
"Washington, D.C.","Washington, D.C.",2021-03-01,40,6
Brevard County,Florida,2021-03-01,27,4.4
Broward County,Florida,2021-03-01,77,4
Duval County,Florida,2021-03-01,45,4.5
Hillsborough County,Florida,2021-03-01,50,3.4
Miami-Dade County,Florida,2021-03-01,33,1.2
Orange County,Florida,2021-03-01,43,3
Palm Beach County,Florida,2021-03-01,42,2.8
Pinellas County,Florida,2021-03-01,36,3.8
Fulton County,Georgia,2021-03-01,28,2.6
Honolulu County,Hawaii,2021-03-01,12,1.2
Cook County,Illinois,2021-03-01,180,3.5
Marion County,Indiana,2021-03-01,69,7.1
Sedgwick County,Kansas,2021-03-01,18,3.4
Jefferson County,Kentucky,2021-03-01,65,8.4
Orleans Parish,Louisiana,2021-03-01,34,9
Baltimore city,Maryland,2021-03-01,87,15.1
Suffolk County,Massachusetts,2021-03-01,45,5.8
Wayne County,Michigan,2021-03-01,90,5.1
Hennepin County,Minnesota,2021-03-01,43,3.4
Ramsey County,Minnesota,2021-03-01,27,5
Jackson County,Missouri,2021-03-01,24,3.3
St. Louis County,Missouri,2021-03-01,27,2.7
St. Louis city,Missouri,2021-03-01,27,9.2
Clark County,Nevada,2021-03-01,53,2.3
Washoe County,Nevada,2021-03-01,14,2.8
Essex County,New Jersey,2021-03-01,35,4.1
Bernalillo County,New Mexico,2021-03-01,37,5.5
Bronx County,New York,2021-03-01,53,3.7
Erie County,New York,2021-03-01,43,4.5
Kings County,New York,2021-03-01,52,2
Monroe County,New York,2021-03-01,18,2.4
New York County,New York,2021-03-01,53,3.4
Queens County,New York,2021-03-01,40,1.7
Suffolk County,New York,2021-03-01,36,2.3
Mecklenburg County,North Carolina,2021-03-01,19,1.7
Cuyahoga County,Ohio,2021-03-01,62,5
Franklin County,Ohio,2021-03-01,85,6.4
Montgomery County,Ohio,2021-03-01,27,5
Oklahoma County,Oklahoma,2021-03-01,13,1.6
Tulsa County,Oklahoma,2021-03-01,20,3
Allegheny County,Pennsylvania,2021-03-01,57,4.6
Philadelphia County,Pennsylvania,2021-03-01,101,6.4
Davidson County,Tennessee,2021-03-01,51,7.3
Knox County,Tennessee,2021-03-01,35,7.2
Shelby County,Tennessee,2021-03-01,52,5.6
Bexar County,Texas,2021-03-01,47,2.3
Dallas County,Texas,2021-03-01,52,2
Harris County,Texas,2021-03-01,107,2.3
Tarrant County,Texas,2021-03-01,52,2.4
Travis County,Texas,2021-03-01,25,1.9
Salt Lake County,Utah,2021-03-01,24,2
King County,Washington,2021-03-01,53,2.4
Pierce County,Washington,2021-03-01,27,2.9
Snohomish County,Washington,2021-03-01,23,2.8
Spokane County,Washington,2021-03-01,13,2.4
Milwaukee County,Wisconsin,2021-03-01,47,5.1
Jefferson County,Alabama,2021-04-01,40,6
Anchorage Borough,Alaska,2021-04-01,11,3.8
Maricopa County,Arizona,2021-04-01,143,3.2
Pima County,Arizona,2021-04-01,39,3.7
Alameda County,California,2021-04-01,27,1.6
Contra Costa County,California,2021-04-01,19,1.6
Fresno County,California,2021-04-01,19,1.9
Kern County,California,2021-04-01,46,5
Los Angeles County,California,2021-04-01,218,2.2
Orange County,California,2021-04-01,71,2.2
Riverside County,California,2021-04-01,74,3
Sacramento County,California,2021-04-01,55,3.5
San Bernardino County,California,2021-04-01,46,2.1
San Diego County,California,2021-04-01,77,2.4
San Francisco County,California,2021-04-01,48,5.9
San Joaquin County,California,2021-04-01,20,2.5
Santa Clara County,California,2021-04-01,21,1.1
Ventura County,California,2021-04-01,24,2.9
Adams County,Colorado,2021-04-01,21,4
Arapahoe County,Colorado,2021-04-01,10,1.5
Denver County,Colorado,2021-04-01,29,4.1
El Paso County,Colorado,2021-04-01,25,3.4
Jefferson County,Colorado,2021-04-01,19,3.3
Hartford County,Connecticut,2021-04-01,35,3.9
New Haven County,Connecticut,2021-04-01,38,4.4
New Castle County,Delaware,2021-04-01,23,4
"Washington, D.C.","Washington, D.C.",2021-04-01,35,5.2
Brevard County,Florida,2021-04-01,24,3.9
Broward County,Florida,2021-04-01,79,4.1
Duval County,Florida,2021-04-01,52,5.2
Hillsborough County,Florida,2021-04-01,49,3.3
Miami-Dade County,Florida,2021-04-01,31,1.2
Orange County,Florida,2021-04-01,54,3.8
Palm Beach County,Florida,2021-04-01,50,3.3
Pinellas County,Florida,2021-04-01,61,6.4
Fulton County,Georgia,2021-04-01,27,2.5
Cook County,Illinois,2021-04-01,182,3.5
Marion County,Indiana,2021-04-01,77,7.9
Sedgwick County,Kansas,2021-04-01,26,5
Jefferson County,Kentucky,2021-04-01,41,5.3
Orleans Parish,Louisiana,2021-04-01,38,10.1
Baltimore city,Maryland,2021-04-01,104,18
Suffolk County,Massachusetts,2021-04-01,34,4.4
Wayne County,Michigan,2021-04-01,96,5.4
Hennepin County,Minnesota,2021-04-01,45,3.5
Ramsey County,Minnesota,2021-04-01,20,3.7
Jackson County,Missouri,2021-04-01,30,4.2
St. Louis County,Missouri,2021-04-01,34,3.4
St. Louis city,Missouri,2021-04-01,39,13.3
Clark County,Nevada,2021-04-01,56,2.4
Washoe County,Nevada,2021-04-01,18,3.6
Essex County,New Jersey,2021-04-01,33,3.9
Bernalillo County,New Mexico,2021-04-01,52,7.7
Bronx County,New York,2021-04-01,73,5.1
Erie County,New York,2021-04-01,22,2.3
Kings County,New York,2021-04-01,50,1.9
Monroe County,New York,2021-04-01,16,2.1
New York County,New York,2021-04-01,50,3.2
Queens County,New York,2021-04-01,29,1.2
Suffolk County,New York,2021-04-01,40,2.6
Mecklenburg County,North Carolina,2021-04-01,25,2.2
Cuyahoga County,Ohio,2021-04-01,67,5.4
Franklin County,Ohio,2021-04-01,79,6
Montgomery County,Ohio,2021-04-01,32,6
Oklahoma County,Oklahoma,2021-04-01,21,2.6
Tulsa County,Oklahoma,2021-04-01,19,2.8
Allegheny County,Pennsylvania,2021-04-01,54,4.3
Philadelphia County,Pennsylvania,2021-04-01,103,6.5
Davidson County,Tennessee,2021-04-01,75,10.7
Knox County,Tennessee,2021-04-01,49,10.1
Shelby County,Tennessee,2021-04-01,61,6.6
Bexar County,Texas,2021-04-01,25,1.2
Dallas County,Texas,2021-04-01,62,2.4
Harris County,Texas,2021-04-01,99,2.1
Tarrant County,Texas,2021-04-01,44,2.1
Travis County,Texas,2021-04-01,33,2.5
Salt Lake County,Utah,2021-04-01,34,2.9
King County,Washington,2021-04-01,59,2.6
Pierce County,Washington,2021-04-01,28,3
Snohomish County,Washington,2021-04-01,21,2.5
Spokane County,Washington,2021-04-01,13,2.4
Milwaukee County,Wisconsin,2021-04-01,55,5.9
Jefferson County,Alabama,2021-05-01,35,5.2
Anchorage Borough,Alaska,2021-05-01,14,4.8
Maricopa County,Arizona,2021-05-01,161,3.6
Pima County,Arizona,2021-05-01,57,5.4
Alameda County,California,2021-05-01,29,1.8
Contra Costa County,California,2021-05-01,10,0.9
Fresno County,California,2021-05-01,22,2.2
Kern County,California,2021-05-01,40,4.4
Los Angeles County,California,2021-05-01,222,2.3
Orange County,California,2021-05-01,89,2.8
Riverside County,California,2021-05-01,63,2.6
Sacramento County,California,2021-05-01,52,3.3
San Bernardino County,California,2021-05-01,48,2.2
San Diego County,California,2021-05-01,111,3.4
San Francisco County,California,2021-05-01,44,5.4
San Joaquin County,California,2021-05-01,16,2
Santa Clara County,California,2021-05-01,26,1.4
Ventura County,California,2021-05-01,16,1.9
Adams County,Colorado,2021-05-01,28,5.3
Arapahoe County,Colorado,2021-05-01,22,3.3
Denver County,Colorado,2021-05-01,35,4.9
El Paso County,Colorado,2021-05-01,21,2.8
Jefferson County,Colorado,2021-05-01,14,2.4
Hartford County,Connecticut,2021-05-01,50,5.6
New Haven County,Connecticut,2021-05-01,41,4.7
New Castle County,Delaware,2021-05-01,36,6.3
"Washington, D.C.","Washington, D.C.",2021-05-01,52,7.8
Brevard County,Florida,2021-05-01,26,4.2
Broward County,Florida,2021-05-01,65,3.4
Duval County,Florida,2021-05-01,55,5.5
Hillsborough County,Florida,2021-05-01,54,3.6
Miami-Dade County,Florida,2021-05-01,31,1.2
Orange County,Florida,2021-05-01,50,3.5
Palm Beach County,Florida,2021-05-01,51,3.4
Pinellas County,Florida,2021-05-01,42,4.4
Fulton County,Georgia,2021-05-01,38,3.6
Honolulu County,Hawaii,2021-05-01,17,1.7
Cook County,Illinois,2021-05-01,183,3.5
Marion County,Indiana,2021-05-01,77,7.9
Sedgwick County,Kansas,2021-05-01,17,3.2
Jefferson County,Kentucky,2021-05-01,53,6.8
Orleans Parish,Louisiana,2021-05-01,40,10.6
Baltimore city,Maryland,2021-05-01,105,18.2
Suffolk County,Massachusetts,2021-05-01,33,4.3
Wayne County,Michigan,2021-05-01,92,5.2
Hennepin County,Minnesota,2021-05-01,38,3
Ramsey County,Minnesota,2021-05-01,16,2.9
Jackson County,Missouri,2021-05-01,23,3.2
St. Louis County,Missouri,2021-05-01,35,3.5
St. Louis city,Missouri,2021-05-01,45,15.3
Clark County,Nevada,2021-05-01,47,2
Washoe County,Nevada,2021-05-01,16,3.2
Essex County,New Jersey,2021-05-01,29,3.4
Bernalillo County,New Mexico,2021-05-01,54,8
Bronx County,New York,2021-05-01,57,4
Erie County,New York,2021-05-01,20,2.1
Kings County,New York,2021-05-01,53,2
Monroe County,New York,2021-05-01,25,3.3
New York County,New York,2021-05-01,60,3.8
Queens County,New York,2021-05-01,36,1.5
Suffolk County,New York,2021-05-01,39,2.5
Mecklenburg County,North Carolina,2021-05-01,25,2.2
Cuyahoga County,Ohio,2021-05-01,57,4.6
Franklin County,Ohio,2021-05-01,87,6.6
Montgomery County,Ohio,2021-05-01,33,6.2
Oklahoma County,Oklahoma,2021-05-01,21,2.6
Tulsa County,Oklahoma,2021-05-01,13,1.9
Allegheny County,Pennsylvania,2021-05-01,71,5.7
Philadelphia County,Pennsylvania,2021-05-01,126,7.9
Davidson County,Tennessee,2021-05-01,69,9.8
Knox County,Tennessee,2021-05-01,38,7.8
Shelby County,Tennessee,2021-05-01,60,6.5
Bexar County,Texas,2021-05-01,43,2.1
Dallas County,Texas,2021-05-01,44,1.7
Harris County,Texas,2021-05-01,94,2
Tarrant County,Texas,2021-05-01,43,2
Travis County,Texas,2021-05-01,22,1.7
Salt Lake County,Utah,2021-05-01,29,2.4
King County,Washington,2021-05-01,70,3.1
Pierce County,Washington,2021-05-01,33,3.6
Snohomish County,Washington,2021-05-01,16,1.9
Spokane County,Washington,2021-05-01,11,2
Milwaukee County,Wisconsin,2021-05-01,65,7
Jefferson County,Alabama,2021-06-01,28,4.2
Anchorage Borough,Alaska,2021-06-01,12,4.2
Maricopa County,Arizona,2021-06-01,177,3.9
Pima County,Arizona,2021-06-01,44,4.2
Alameda County,California,2021-06-01,29,1.8
Contra Costa County,California,2021-06-01,19,1.6
Fresno County,California,2021-06-01,13,1.3
Kern County,California,2021-06-01,49,5.4
Los Angeles County,California,2021-06-01,243,2.5
Orange County,California,2021-06-01,86,2.7
Riverside County,California,2021-06-01,65,2.6
Sacramento County,California,2021-06-01,45,2.8
San Bernardino County,California,2021-06-01,33,1.5
San Diego County,California,2021-06-01,89,2.7
San Francisco County,California,2021-06-01,50,6.1
San Joaquin County,California,2021-06-01,21,2.7
Santa Clara County,California,2021-06-01,29,1.5
Ventura County,California,2021-06-01,20,2.4
Adams County,Colorado,2021-06-01,22,4.2
Arapahoe County,Colorado,2021-06-01,23,3.5
Denver County,Colorado,2021-06-01,47,6.6
El Paso County,Colorado,2021-06-01,17,2.3
Jefferson County,Colorado,2021-06-01,14,2.4
Hartford County,Connecticut,2021-06-01,41,4.6
New Haven County,Connecticut,2021-06-01,37,4.3
New Castle County,Delaware,2021-06-01,28,4.9
"Washington, D.C.","Washington, D.C.",2021-06-01,43,6.4
Brevard County,Florida,2021-06-01,23,3.7
Broward County,Florida,2021-06-01,63,3.3
Duval County,Florida,2021-06-01,53,5.3
Hillsborough County,Florida,2021-06-01,63,4.2
Miami-Dade County,Florida,2021-06-01,29,1.1
Orange County,Florida,2021-06-01,44,3.1
Palm Beach County,Florida,2021-06-01,59,3.9
Pinellas County,Florida,2021-06-01,53,5.5
Fulton County,Georgia,2021-06-01,36,3.4
Honolulu County,Hawaii,2021-06-01,14,1.4
Cook County,Illinois,2021-06-01,180,3.5
Marion County,Indiana,2021-06-01,62,6.4
Sedgwick County,Kansas,2021-06-01,13,2.5
Jefferson County,Kentucky,2021-06-01,57,7.3
Orleans Parish,Louisiana,2021-06-01,42,11.1
Baltimore city,Maryland,2021-06-01,116,20.1
Suffolk County,Massachusetts,2021-06-01,38,4.9
Wayne County,Michigan,2021-06-01,85,4.8
Hennepin County,Minnesota,2021-06-01,26,2
Ramsey County,Minnesota,2021-06-01,14,2.6
Jackson County,Missouri,2021-06-01,21,2.9
St. Louis County,Missouri,2021-06-01,32,3.2
St. Louis city,Missouri,2021-06-01,39,13.3
Clark County,Nevada,2021-06-01,68,3
Washoe County,Nevada,2021-06-01,20,4
Essex County,New Jersey,2021-06-01,34,4
Bernalillo County,New Mexico,2021-06-01,49,7.3
Bronx County,New York,2021-06-01,75,5.3
Erie County,New York,2021-06-01,19,2
Kings County,New York,2021-06-01,52,2
New York County,New York,2021-06-01,54,3.4
Queens County,New York,2021-06-01,31,1.3
Suffolk County,New York,2021-06-01,46,3
Mecklenburg County,North Carolina,2021-06-01,31,2.8
Cuyahoga County,Ohio,2021-06-01,52,4.2
Franklin County,Ohio,2021-06-01,64,4.9
Montgomery County,Ohio,2021-06-01,25,4.7
Oklahoma County,Oklahoma,2021-06-01,17,2.1
Tulsa County,Oklahoma,2021-06-01,21,3.1
Allegheny County,Pennsylvania,2021-06-01,74,5.9
Philadelphia County,Pennsylvania,2021-06-01,105,6.6
Davidson County,Tennessee,2021-06-01,57,8.1
Knox County,Tennessee,2021-06-01,45,9.3
Shelby County,Tennessee,2021-06-01,44,4.8
Bexar County,Texas,2021-06-01,27,1.3
Dallas County,Texas,2021-06-01,54,2.1
Harris County,Texas,2021-06-01,116,2.4
Tarrant County,Texas,2021-06-01,35,1.6
Travis County,Texas,2021-06-01,32,2.4
Salt Lake County,Utah,2021-06-01,25,2.1
King County,Washington,2021-06-01,58,2.6
Pierce County,Washington,2021-06-01,30,3.2
Snohomish County,Washington,2021-06-01,15,1.8
Spokane County,Washington,2021-06-01,14,2.6
Milwaukee County,Wisconsin,2021-06-01,51,5.5
Jefferson County,Alabama,2021-07-01,31,4.6
Anchorage Borough,Alaska,2021-07-01,10,3.5
Maricopa County,Arizona,2021-07-01,192,4.3
Pima County,Arizona,2021-07-01,37,3.5
Alameda County,California,2021-07-01,27,1.6
Contra Costa County,California,2021-07-01,19,1.6
Fresno County,California,2021-07-01,14,1.4
Kern County,California,2021-07-01,49,5.4
Los Angeles County,California,2021-07-01,219,2.2
Orange County,California,2021-07-01,86,2.7
Riverside County,California,2021-07-01,82,3.3
Sacramento County,California,2021-07-01,40,2.5
San Bernardino County,California,2021-07-01,52,2.4
San Diego County,California,2021-07-01,85,2.6
San Francisco County,California,2021-07-01,54,6.6
San Joaquin County,California,2021-07-01,25,3.2
Santa Clara County,California,2021-07-01,31,1.7
Ventura County,California,2021-07-01,21,2.5
Adams County,Colorado,2021-07-01,20,3.8
Arapahoe County,Colorado,2021-07-01,16,2.4
Denver County,Colorado,2021-07-01,40,5.6
El Paso County,Colorado,2021-07-01,26,3.5
Jefferson County,Colorado,2021-07-01,12,2.1
Hartford County,Connecticut,2021-07-01,51,5.7
New Haven County,Connecticut,2021-07-01,51,5.9
New Castle County,Delaware,2021-07-01,17,3
"Washington, D.C.","Washington, D.C.",2021-07-01,52,7.8
Brevard County,Florida,2021-07-01,40,6.5
Broward County,Florida,2021-07-01,60,3.1
Duval County,Florida,2021-07-01,52,5.2
Hillsborough County,Florida,2021-07-01,37,2.5
Miami-Dade County,Florida,2021-07-01,29,1.1
Orange County,Florida,2021-07-01,45,3.2
Palm Beach County,Florida,2021-07-01,52,3.5
Pinellas County,Florida,2021-07-01,40,4.2
Fulton County,Georgia,2021-07-01,24,2.3
Honolulu County,Hawaii,2021-07-01,31,3.1
Cook County,Illinois,2021-07-01,213,4.1
Marion County,Indiana,2021-07-01,57,5.9
Sedgwick County,Kansas,2021-07-01,22,4.2
Jefferson County,Kentucky,2021-07-01,47,6
Orleans Parish,Louisiana,2021-07-01,41,10.9
Baltimore city,Maryland,2021-07-01,102,17.7
Suffolk County,Massachusetts,2021-07-01,28,3.6
Wayne County,Michigan,2021-07-01,75,4.2
Hennepin County,Minnesota,2021-07-01,40,3.1
Ramsey County,Minnesota,2021-07-01,23,4.2
Jackson County,Missouri,2021-07-01,15,2.1
St. Louis County,Missouri,2021-07-01,39,3.9
St. Louis city,Missouri,2021-07-01,26,8.9
Clark County,Nevada,2021-07-01,110,4.8
Washoe County,Nevada,2021-07-01,12,2.4
Essex County,New Jersey,2021-07-01,37,4.3
Bernalillo County,New Mexico,2021-07-01,53,7.8
Bronx County,New York,2021-07-01,66,4.6
Erie County,New York,2021-07-01,22,2.3
Kings County,New York,2021-07-01,59,2.2
Monroe County,New York,2021-07-01,17,2.2
New York County,New York,2021-07-01,56,3.6
Queens County,New York,2021-07-01,39,1.7
Suffolk County,New York,2021-07-01,33,2.2
Mecklenburg County,North Carolina,2021-07-01,32,2.8
Cuyahoga County,Ohio,2021-07-01,50,4
Franklin County,Ohio,2021-07-01,76,5.8
Montgomery County,Ohio,2021-07-01,39,7.3
Oklahoma County,Oklahoma,2021-07-01,26,3.3
Tulsa County,Oklahoma,2021-07-01,21,3.1
Allegheny County,Pennsylvania,2021-07-01,71,5.7
Philadelphia County,Pennsylvania,2021-07-01,111,7
Davidson County,Tennessee,2021-07-01,54,7.7
Knox County,Tennessee,2021-07-01,43,8.8
Shelby County,Tennessee,2021-07-01,50,5.4
Bexar County,Texas,2021-07-01,29,1.4
Dallas County,Texas,2021-07-01,51,2
Harris County,Texas,2021-07-01,105,2.2
Tarrant County,Texas,2021-07-01,43,2
Travis County,Texas,2021-07-01,21,1.6
Salt Lake County,Utah,2021-07-01,35,2.9
King County,Washington,2021-07-01,62,2.8
Pierce County,Washington,2021-07-01,38,4.1
Snohomish County,Washington,2021-07-01,19,2.3
Spokane County,Washington,2021-07-01,21,3.8
Milwaukee County,Wisconsin,2021-07-01,53,5.7
Jefferson County,Alabama,2021-08-01,25,3.7
Anchorage Borough,Alaska,2021-08-01,15,5.2
Maricopa County,Arizona,2021-08-01,201,4.5
Pima County,Arizona,2021-08-01,33,3.1
Alameda County,California,2021-08-01,37,2.3
Contra Costa County,California,2021-08-01,22,1.9
Fresno County,California,2021-08-01,24,2.4
Kern County,California,2021-08-01,54,5.9
Los Angeles County,California,2021-08-01,225,2.3
Orange County,California,2021-08-01,75,2.4
Riverside County,California,2021-08-01,77,3.1
Sacramento County,California,2021-08-01,52,3.3
San Bernardino County,California,2021-08-01,52,2.4
San Diego County,California,2021-08-01,90,2.7
San Francisco County,California,2021-08-01,49,6
San Joaquin County,California,2021-08-01,11,1.4
Santa Clara County,California,2021-08-01,28,1.5
Ventura County,California,2021-08-01,25,3
Adams County,Colorado,2021-08-01,20,3.8
Arapahoe County,Colorado,2021-08-01,16,2.4
Denver County,Colorado,2021-08-01,42,5.9
El Paso County,Colorado,2021-08-01,18,2.4
Jefferson County,Colorado,2021-08-01,32,5.5
Hartford County,Connecticut,2021-08-01,43,4.8
New Haven County,Connecticut,2021-08-01,44,5.1
New Castle County,Delaware,2021-08-01,30,5.2
"Washington, D.C.","Washington, D.C.",2021-08-01,43,6.4
Brevard County,Florida,2021-08-01,45,7.3
Broward County,Florida,2021-08-01,79,4.1
Duval County,Florida,2021-08-01,47,4.7
Hillsborough County,Florida,2021-08-01,38,2.6
Miami-Dade County,Florida,2021-08-01,33,1.2
Orange County,Florida,2021-08-01,30,2.1
Palm Beach County,Florida,2021-08-01,57,3.8
Pinellas County,Florida,2021-08-01,45,4.7
Fulton County,Georgia,2021-08-01,32,3
Honolulu County,Hawaii,2021-08-01,16,1.6
Cook County,Illinois,2021-08-01,182,3.5
Marion County,Indiana,2021-08-01,74,7.6
Sedgwick County,Kansas,2021-08-01,25,4.8
Jefferson County,Kentucky,2021-08-01,70,9
Orleans Parish,Louisiana,2021-08-01,35,9.3
Baltimore city,Maryland,2021-08-01,76,13.2
Suffolk County,Massachusetts,2021-08-01,38,4.9
Wayne County,Michigan,2021-08-01,95,5.4
Hennepin County,Minnesota,2021-08-01,56,4.4
Ramsey County,Minnesota,2021-08-01,29,5.3
Jackson County,Missouri,2021-08-01,24,3.3
St. Louis County,Missouri,2021-08-01,29,2.9
St. Louis city,Missouri,2021-08-01,32,10.9
Clark County,Nevada,2021-08-01,56,2.4
Washoe County,Nevada,2021-08-01,14,2.8
Essex County,New Jersey,2021-08-01,34,4
Bernalillo County,New Mexico,2021-08-01,48,7.1
Bronx County,New York,2021-08-01,72,5.1
Erie County,New York,2021-08-01,36,3.8
Kings County,New York,2021-08-01,62,2.4
Monroe County,New York,2021-08-01,23,3
New York County,New York,2021-08-01,59,3.7
Queens County,New York,2021-08-01,39,1.7
Suffolk County,New York,2021-08-01,65,4.2
Mecklenburg County,North Carolina,2021-08-01,22,2
Cuyahoga County,Ohio,2021-08-01,55,4.4
Franklin County,Ohio,2021-08-01,75,5.7
Montgomery County,Ohio,2021-08-01,31,5.8
Oklahoma County,Oklahoma,2021-08-01,25,3.1
Tulsa County,Oklahoma,2021-08-01,23,3.4
Allegheny County,Pennsylvania,2021-08-01,68,5.5
Philadelphia County,Pennsylvania,2021-08-01,119,7.5
Davidson County,Tennessee,2021-08-01,60,8.6
Knox County,Tennessee,2021-08-01,43,8.8
Shelby County,Tennessee,2021-08-01,46,5
Bexar County,Texas,2021-08-01,30,1.5
Dallas County,Texas,2021-08-01,58,2.2
Harris County,Texas,2021-08-01,91,1.9
Tarrant County,Texas,2021-08-01,31,1.5
Travis County,Texas,2021-08-01,31,2.4
Salt Lake County,Utah,2021-08-01,23,1.9
King County,Washington,2021-08-01,56,2.5
Pierce County,Washington,2021-08-01,40,4.3
Snohomish County,Washington,2021-08-01,24,2.9
Spokane County,Washington,2021-08-01,20,3.7
Milwaukee County,Wisconsin,2021-08-01,60,6.5
Jefferson County,Alabama,2021-09-01,41,6.1
Maricopa County,Arizona,2021-09-01,150,3.3
Pima County,Arizona,2021-09-01,36,3.4
Alameda County,California,2021-09-01,25,1.5
Contra Costa County,California,2021-09-01,26,2.2
Kern County,California,2021-09-01,47,5.1
Los Angeles County,California,2021-09-01,195,2
Orange County,California,2021-09-01,83,2.6
Riverside County,California,2021-09-01,93,3.8
Sacramento County,California,2021-09-01,40,2.5
San Bernardino County,California,2021-09-01,40,1.8
San Diego County,California,2021-09-01,70,2.1
San Francisco County,California,2021-09-01,55,6.7
San Joaquin County,California,2021-09-01,17,2.2
Santa Clara County,California,2021-09-01,39,2.1
Ventura County,California,2021-09-01,20,2.4
Adams County,Colorado,2021-09-01,21,4
Arapahoe County,Colorado,2021-09-01,15,2.3
Denver County,Colorado,2021-09-01,42,5.9
El Paso County,Colorado,2021-09-01,16,2.2
Jefferson County,Colorado,2021-09-01,24,4.1
Hartford County,Connecticut,2021-09-01,30,3.3
New Haven County,Connecticut,2021-09-01,50,5.8
New Castle County,Delaware,2021-09-01,20,3.5
"Washington, D.C.","Washington, D.C.",2021-09-01,45,6.7
Brevard County,Florida,2021-09-01,28,4.5
Broward County,Florida,2021-09-01,67,3.5
Duval County,Florida,2021-09-01,51,5.1
Hillsborough County,Florida,2021-09-01,38,2.6
Miami-Dade County,Florida,2021-09-01,39,1.5
Orange County,Florida,2021-09-01,38,2.7
Palm Beach County,Florida,2021-09-01,45,3
Pinellas County,Florida,2021-09-01,48,5
Fulton County,Georgia,2021-09-01,33,3.1
Honolulu County,Hawaii,2021-09-01,12,1.2
Cook County,Illinois,2021-09-01,175,3.4
Marion County,Indiana,2021-09-01,75,7.7
Sedgwick County,Kansas,2021-09-01,24,4.6
Jefferson County,Kentucky,2021-09-01,51,6.6
Orleans Parish,Louisiana,2021-09-01,43,11.4
Baltimore city,Maryland,2021-09-01,84,14.6
Suffolk County,Massachusetts,2021-09-01,32,4.1
Wayne County,Michigan,2021-09-01,75,4.2
Hennepin County,Minnesota,2021-09-01,38,3
Ramsey County,Minnesota,2021-09-01,22,4
Jackson County,Missouri,2021-09-01,20,2.8
St. Louis County,Missouri,2021-09-01,22,2.2
St. Louis city,Missouri,2021-09-01,32,10.9
Clark County,Nevada,2021-09-01,46,2
Washoe County,Nevada,2021-09-01,14,2.8
Essex County,New Jersey,2021-09-01,38,4.4
Bernalillo County,New Mexico,2021-09-01,43,6.4
Bronx County,New York,2021-09-01,63,4.4
Erie County,New York,2021-09-01,26,2.7
Kings County,New York,2021-09-01,65,2.5
Monroe County,New York,2021-09-01,22,2.9
New York County,New York,2021-09-01,58,3.7
Queens County,New York,2021-09-01,44,1.9
Suffolk County,New York,2021-09-01,45,2.9
Mecklenburg County,North Carolina,2021-09-01,21,1.9
Cuyahoga County,Ohio,2021-09-01,43,3.4
Franklin County,Ohio,2021-09-01,71,5.4
Montgomery County,Ohio,2021-09-01,31,5.8
Oklahoma County,Oklahoma,2021-09-01,26,3.3
Tulsa County,Oklahoma,2021-09-01,21,3.1
Allegheny County,Pennsylvania,2021-09-01,67,5.4
Philadelphia County,Pennsylvania,2021-09-01,107,6.7
Davidson County,Tennessee,2021-09-01,58,8.3
Knox County,Tennessee,2021-09-01,44,9.1
Shelby County,Tennessee,2021-09-01,44,4.8
Bexar County,Texas,2021-09-01,41,2
Dallas County,Texas,2021-09-01,54,2.1
Harris County,Texas,2021-09-01,93,2
Tarrant County,Texas,2021-09-01,39,1.8
Travis County,Texas,2021-09-01,26,2
Salt Lake County,Utah,2021-09-01,21,1.8
King County,Washington,2021-09-01,55,2.4
Pierce County,Washington,2021-09-01,26,2.8
Snohomish County,Washington,2021-09-01,20,2.4
Spokane County,Washington,2021-09-01,18,3.3
Milwaukee County,Wisconsin,2021-09-01,51,5.5
Jefferson County,Alabama,2021-10-01,38,5.7
Anchorage Borough,Alaska,2021-10-01,14,4.8
Maricopa County,Arizona,2021-10-01,141,3.1
Pima County,Arizona,2021-10-01,39,3.7
Alameda County,California,2021-10-01,29,1.8
Contra Costa County,California,2021-10-01,24,2.1
Kern County,California,2021-10-01,37,4.1
Los Angeles County,California,2021-10-01,219,2.2
Orange County,California,2021-10-01,80,2.5
Riverside County,California,2021-10-01,64,2.6
Sacramento County,California,2021-10-01,28,1.8
San Bernardino County,California,2021-10-01,38,1.7
San Diego County,California,2021-10-01,85,2.6
San Francisco County,California,2021-10-01,45,5.5
San Joaquin County,California,2021-10-01,19,2.4
Santa Clara County,California,2021-10-01,25,1.3
Ventura County,California,2021-10-01,23,2.7
Adams County,Colorado,2021-10-01,17,3.2
Arapahoe County,Colorado,2021-10-01,15,2.3
Denver County,Colorado,2021-10-01,27,3.8
El Paso County,Colorado,2021-10-01,22,3
Jefferson County,Colorado,2021-10-01,11,1.9
Hartford County,Connecticut,2021-10-01,31,3.4
New Haven County,Connecticut,2021-10-01,41,4.7
New Castle County,Delaware,2021-10-01,25,4.4
"Washington, D.C.","Washington, D.C.",2021-10-01,31,4.6
Brevard County,Florida,2021-10-01,29,4.7
Broward County,Florida,2021-10-01,73,3.8
Duval County,Florida,2021-10-01,37,3.7
Hillsborough County,Florida,2021-10-01,50,3.4
Miami-Dade County,Florida,2021-10-01,30,1.1
Orange County,Florida,2021-10-01,34,2.4
Palm Beach County,Florida,2021-10-01,54,3.6
Pinellas County,Florida,2021-10-01,43,4.5
Fulton County,Georgia,2021-10-01,26,2.4
Honolulu County,Hawaii,2021-10-01,24,2.4
Cook County,Illinois,2021-10-01,198,3.8
Marion County,Indiana,2021-10-01,61,6.3
Sedgwick County,Kansas,2021-10-01,16,3.1
Jefferson County,Kentucky,2021-10-01,68,8.7
Orleans Parish,Louisiana,2021-10-01,39,10.3
Baltimore city,Maryland,2021-10-01,78,13.5
Suffolk County,Massachusetts,2021-10-01,43,5.5
Wayne County,Michigan,2021-10-01,88,5
Hennepin County,Minnesota,2021-10-01,40,3.1
Ramsey County,Minnesota,2021-10-01,21,3.9
Jackson County,Missouri,2021-10-01,23,3.2
St. Louis County,Missouri,2021-10-01,37,3.7
St. Louis city,Missouri,2021-10-01,30,10.2
Clark County,Nevada,2021-10-01,52,2.3
Washoe County,Nevada,2021-10-01,14,2.8
Essex County,New Jersey,2021-10-01,29,3.4
Bernalillo County,New Mexico,2021-10-01,41,6.1
Bronx County,New York,2021-10-01,74,5.2
Erie County,New York,2021-10-01,28,2.9
Kings County,New York,2021-10-01,48,1.8
Monroe County,New York,2021-10-01,17,2.2
New York County,New York,2021-10-01,52,3.3
Queens County,New York,2021-10-01,48,2.1
Suffolk County,New York,2021-10-01,39,2.5
Mecklenburg County,North Carolina,2021-10-01,20,1.8
Cuyahoga County,Ohio,2021-10-01,60,4.8
Franklin County,Ohio,2021-10-01,63,4.8
Montgomery County,Ohio,2021-10-01,34,6.3
Oklahoma County,Oklahoma,2021-10-01,23,2.9
Tulsa County,Oklahoma,2021-10-01,24,3.6
Allegheny County,Pennsylvania,2021-10-01,53,4.3
Philadelphia County,Pennsylvania,2021-10-01,97,6.1
Davidson County,Tennessee,2021-10-01,74,10.6
Knox County,Tennessee,2021-10-01,51,10.5
Shelby County,Tennessee,2021-10-01,40,4.3
Bexar County,Texas,2021-10-01,24,1.2
Dallas County,Texas,2021-10-01,43,1.7
Harris County,Texas,2021-10-01,78,1.6
Tarrant County,Texas,2021-10-01,32,1.5
Travis County,Texas,2021-10-01,16,1.2
Salt Lake County,Utah,2021-10-01,24,2
King County,Washington,2021-10-01,58,2.6
Pierce County,Washington,2021-10-01,21,2.3
Snohomish County,Washington,2021-10-01,19,2.3
Spokane County,Washington,2021-10-01,25,4.6
Milwaukee County,Wisconsin,2021-10-01,55,5.9
Jefferson County,Alabama,2021-11-01,27,4
Anchorage Borough,Alaska,2021-11-01,14,4.8
Maricopa County,Arizona,2021-11-01,117,2.6
Pima County,Arizona,2021-11-01,29,2.8
Alameda County,California,2021-11-01,28,1.7
Contra Costa County,California,2021-11-01,17,1.5
Fresno County,California,2021-11-01,10,1
Kern County,California,2021-11-01,29,3.2
Los Angeles County,California,2021-11-01,200,2
Orange County,California,2021-11-01,89,2.8
Riverside County,California,2021-11-01,59,2.4
Sacramento County,California,2021-11-01,27,1.7
San Bernardino County,California,2021-11-01,42,1.9
San Diego County,California,2021-11-01,86,2.6
San Francisco County,California,2021-11-01,53,6.5
San Joaquin County,California,2021-11-01,16,2
Santa Clara County,California,2021-11-01,21,1.1
Ventura County,California,2021-11-01,20,2.4
Adams County,Colorado,2021-11-01,21,4
Arapahoe County,Colorado,2021-11-01,14,2.1
Denver County,Colorado,2021-11-01,27,3.8
El Paso County,Colorado,2021-11-01,17,2.3
Jefferson County,Colorado,2021-11-01,15,2.6
Hartford County,Connecticut,2021-11-01,36,4
New Haven County,Connecticut,2021-11-01,51,5.9
New Castle County,Delaware,2021-11-01,19,3.3
"Washington, D.C.","Washington, D.C.",2021-11-01,39,5.8
Brevard County,Florida,2021-11-01,22,3.6
Broward County,Florida,2021-11-01,46,2.4
Duval County,Florida,2021-11-01,47,4.7
Hillsborough County,Florida,2021-11-01,46,3.1
Miami-Dade County,Florida,2021-11-01,27,1
Orange County,Florida,2021-11-01,35,2.5
Palm Beach County,Florida,2021-11-01,67,4.5
Pinellas County,Florida,2021-11-01,41,4.3
Fulton County,Georgia,2021-11-01,25,2.4
Honolulu County,Hawaii,2021-11-01,13,1.3
Cook County,Illinois,2021-11-01,168,3.2
Marion County,Indiana,2021-11-01,71,7.3
Sedgwick County,Kansas,2021-11-01,12,2.3
Jefferson County,Kentucky,2021-11-01,47,6
Orleans Parish,Louisiana,2021-11-01,34,9
Baltimore city,Maryland,2021-11-01,74,12.8
Suffolk County,Massachusetts,2021-11-01,41,5.3
Wayne County,Michigan,2021-11-01,73,4.1
Hennepin County,Minnesota,2021-11-01,35,2.8
Ramsey County,Minnesota,2021-11-01,11,2
Jackson County,Missouri,2021-11-01,22,3.1
St. Louis County,Missouri,2021-11-01,26,2.6
St. Louis city,Missouri,2021-11-01,36,12.3
Clark County,Nevada,2021-11-01,47,2
Washoe County,Nevada,2021-11-01,20,4
Essex County,New Jersey,2021-11-01,26,3
Bernalillo County,New Mexico,2021-11-01,29,4.3
Bronx County,New York,2021-11-01,75,5.3
Erie County,New York,2021-11-01,27,2.8
Kings County,New York,2021-11-01,62,2.4
New York County,New York,2021-11-01,48,3
Queens County,New York,2021-11-01,29,1.2
Suffolk County,New York,2021-11-01,43,2.8
Mecklenburg County,North Carolina,2021-11-01,23,2
Cuyahoga County,Ohio,2021-11-01,56,4.5
Franklin County,Ohio,2021-11-01,82,6.2
Montgomery County,Ohio,2021-11-01,19,3.5
Oklahoma County,Oklahoma,2021-11-01,22,2.8
Tulsa County,Oklahoma,2021-11-01,24,3.6
Allegheny County,Pennsylvania,2021-11-01,48,3.9
Philadelphia County,Pennsylvania,2021-11-01,95,6
Davidson County,Tennessee,2021-11-01,61,8.7
Knox County,Tennessee,2021-11-01,45,9.3
Shelby County,Tennessee,2021-11-01,46,5
Bexar County,Texas,2021-11-01,29,1.4
Dallas County,Texas,2021-11-01,45,1.7
Harris County,Texas,2021-11-01,100,2.1
Tarrant County,Texas,2021-11-01,23,1.1
Travis County,Texas,2021-11-01,24,1.8
Salt Lake County,Utah,2021-11-01,24,2
King County,Washington,2021-11-01,60,2.7
Pierce County,Washington,2021-11-01,22,2.4
Snohomish County,Washington,2021-11-01,21,2.5
Spokane County,Washington,2021-11-01,20,3.7
Milwaukee County,Wisconsin,2021-11-01,67,7.2
Jefferson County,Alabama,2021-12-01,40,6
Anchorage Borough,Alaska,2021-12-01,10,3.5
Maricopa County,Arizona,2021-12-01,131,2.9
Pima County,Arizona,2021-12-01,48,4.6
Alameda County,California,2021-12-01,26,1.6
Contra Costa County,California,2021-12-01,20,1.7
Fresno County,California,2021-12-01,16,1.6
Kern County,California,2021-12-01,33,3.6
Los Angeles County,California,2021-12-01,201,2
Orange County,California,2021-12-01,73,2.3
Riverside County,California,2021-12-01,73,3
Sacramento County,California,2021-12-01,23,1.4
San Bernardino County,California,2021-12-01,42,1.9
San Diego County,California,2021-12-01,69,2.1
San Francisco County,California,2021-12-01,51,6.3
San Joaquin County,California,2021-12-01,13,1.6
Santa Clara County,California,2021-12-01,27,1.4
Ventura County,California,2021-12-01,24,2.9
Adams County,Colorado,2021-12-01,21,4
Arapahoe County,Colorado,2021-12-01,15,2.3
Denver County,Colorado,2021-12-01,36,5.1
El Paso County,Colorado,2021-12-01,13,1.8
Jefferson County,Colorado,2021-12-01,12,2.1
Hartford County,Connecticut,2021-12-01,26,2.9
New Haven County,Connecticut,2021-12-01,46,5.3
New Castle County,Delaware,2021-12-01,32,5.6
"Washington, D.C.","Washington, D.C.",2021-12-01,52,7.8
Brevard County,Florida,2021-12-01,25,4
Broward County,Florida,2021-12-01,59,3
Duval County,Florida,2021-12-01,49,4.9
Hillsborough County,Florida,2021-12-01,40,2.7
Miami-Dade County,Florida,2021-12-01,18,0.7
Orange County,Florida,2021-12-01,26,1.8
Palm Beach County,Florida,2021-12-01,48,3.2
Pinellas County,Florida,2021-12-01,39,4.1
Fulton County,Georgia,2021-12-01,31,2.9
Honolulu County,Hawaii,2021-12-01,13,1.3
Cook County,Illinois,2021-12-01,202,3.9
Marion County,Indiana,2021-12-01,63,6.5
Sedgwick County,Kansas,2021-12-01,21,4
Jefferson County,Kentucky,2021-12-01,64,8.2
Orleans Parish,Louisiana,2021-12-01,36,9.5
Baltimore city,Maryland,2021-12-01,97,16.8
Suffolk County,Massachusetts,2021-12-01,36,4.6
Wayne County,Michigan,2021-12-01,80,4.5
Hennepin County,Minnesota,2021-12-01,42,3.3
Ramsey County,Minnesota,2021-12-01,18,3.3
Jackson County,Missouri,2021-12-01,20,2.8
St. Louis County,Missouri,2021-12-01,39,3.9
St. Louis city,Missouri,2021-12-01,30,10.2
Clark County,Nevada,2021-12-01,43,1.9
Washoe County,Nevada,2021-12-01,27,5.5
Essex County,New Jersey,2021-12-01,29,3.4
Bernalillo County,New Mexico,2021-12-01,37,5.5
Bronx County,New York,2021-12-01,73,5.1
Erie County,New York,2021-12-01,27,2.8
Kings County,New York,2021-12-01,63,2.4
New York County,New York,2021-12-01,49,3.1
Queens County,New York,2021-12-01,40,1.7
Suffolk County,New York,2021-12-01,40,2.6
Mecklenburg County,North Carolina,2021-12-01,20,1.8
Cuyahoga County,Ohio,2021-12-01,50,4
Franklin County,Ohio,2021-12-01,81,6.1
Montgomery County,Ohio,2021-12-01,23,4.3
Oklahoma County,Oklahoma,2021-12-01,26,3.3
Tulsa County,Oklahoma,2021-12-01,27,4
Allegheny County,Pennsylvania,2021-12-01,56,4.5
Philadelphia County,Pennsylvania,2021-12-01,97,6.1
Davidson County,Tennessee,2021-12-01,38,5.4
Knox County,Tennessee,2021-12-01,42,8.6
Shelby County,Tennessee,2021-12-01,42,4.5
Bexar County,Texas,2021-12-01,28,1.4
Dallas County,Texas,2021-12-01,43,1.7
Harris County,Texas,2021-12-01,77,1.6
Tarrant County,Texas,2021-12-01,31,1.5
Travis County,Texas,2021-12-01,24,1.8
Salt Lake County,Utah,2021-12-01,25,2.1
King County,Washington,2021-12-01,59,2.6
Pierce County,Washington,2021-12-01,24,2.6
Snohomish County,Washington,2021-12-01,20,2.4
Spokane County,Washington,2021-12-01,19,3.5
Milwaukee County,Wisconsin,2021-12-01,56,6.1
Jefferson County,Alabama,2022-01-01,28,4.2
Maricopa County,Arizona,2022-01-01,131,2.9
Pima County,Arizona,2022-01-01,37,3.5
Alameda County,California,2022-01-01,36,2.2
Contra Costa County,California,2022-01-01,22,1.9
Fresno County,California,2022-01-01,17,1.7
Kern County,California,2022-01-01,39,4.3
Los Angeles County,California,2022-01-01,209,2.1
Orange County,California,2022-01-01,75,2.4
Riverside County,California,2022-01-01,84,3.4
Sacramento County,California,2022-01-01,46,2.9
San Bernardino County,California,2022-01-01,43,2
San Diego County,California,2022-01-01,96,2.9
San Francisco County,California,2022-01-01,48,5.9
San Joaquin County,California,2022-01-01,14,1.8
Santa Clara County,California,2022-01-01,31,1.6
Ventura County,California,2022-01-01,17,2
Adams County,Colorado,2022-01-01,25,4.7
Arapahoe County,Colorado,2022-01-01,23,3.5
Denver County,Colorado,2022-01-01,34,4.8
El Paso County,Colorado,2022-01-01,18,2.4
Jefferson County,Colorado,2022-01-01,18,3.1
Hartford County,Connecticut,2022-01-01,37,4.1
New Haven County,Connecticut,2022-01-01,33,3.8
New Castle County,Delaware,2022-01-01,30,5.2
"Washington, D.C.","Washington, D.C.",2022-01-01,43,6.4
Brevard County,Florida,2022-01-01,20,3.2
Broward County,Florida,2022-01-01,69,3.5
Duval County,Florida,2022-01-01,39,3.8
Hillsborough County,Florida,2022-01-01,41,2.7
Miami-Dade County,Florida,2022-01-01,33,1.2
Orange County,Florida,2022-01-01,27,1.8
Palm Beach County,Florida,2022-01-01,41,2.7
Pinellas County,Florida,2022-01-01,46,4.8
Fulton County,Georgia,2022-01-01,43,4
Honolulu County,Hawaii,2022-01-01,17,1.7
Cook County,Illinois,2022-01-01,183,3.6
Marion County,Indiana,2022-01-01,65,6.7
Sedgwick County,Kansas,2022-01-01,23,4.4
Jefferson County,Kentucky,2022-01-01,41,5.3
Orleans Parish,Louisiana,2022-01-01,50,13.5
Baltimore city,Maryland,2022-01-01,94,16.5
Suffolk County,Massachusetts,2022-01-01,30,3.9
Wayne County,Michigan,2022-01-01,83,4.7
Hennepin County,Minnesota,2022-01-01,36,2.9
Ramsey County,Minnesota,2022-01-01,33,6.1
Jackson County,Missouri,2022-01-01,20,2.8
St. Louis County,Missouri,2022-01-01,27,2.7
St. Louis city,Missouri,2022-01-01,40,14
Clark County,Nevada,2022-01-01,59,2.5
Washoe County,Nevada,2022-01-01,14,2.8
Essex County,New Jersey,2022-01-01,54,6.3
Bernalillo County,New Mexico,2022-01-01,37,5.5
Bronx County,New York,2022-01-01,73,5.3
Erie County,New York,2022-01-01,22,2.3
Kings County,New York,2022-01-01,51,2
Monroe County,New York,2022-01-01,23,3.1
New York County,New York,2022-01-01,73,4.6
Queens County,New York,2022-01-01,49,2.1
Suffolk County,New York,2022-01-01,37,2.4
Mecklenburg County,North Carolina,2022-01-01,19,1.7
Cuyahoga County,Ohio,2022-01-01,66,5.3
Franklin County,Ohio,2022-01-01,64,4.8
Montgomery County,Ohio,2022-01-01,23,4.3
Oklahoma County,Oklahoma,2022-01-01,26,3.2
Tulsa County,Oklahoma,2022-01-01,29,4.3
Allegheny County,Pennsylvania,2022-01-01,49,4
Philadelphia County,Pennsylvania,2022-01-01,122,7.8
Davidson County,Tennessee,2022-01-01,55,7.7
Knox County,Tennessee,2022-01-01,27,5.4
Shelby County,Tennessee,2022-01-01,40,4.4
Bexar County,Texas,2022-01-01,30,1.5
Dallas County,Texas,2022-01-01,38,1.5
Harris County,Texas,2022-01-01,91,1.9
Tarrant County,Texas,2022-01-01,21,1
Travis County,Texas,2022-01-01,32,2.4
Salt Lake County,Utah,2022-01-01,30,2.5
King County,Washington,2022-01-01,64,2.8
Pierce County,Washington,2022-01-01,32,3.5
Snohomish County,Washington,2022-01-01,23,2.7
Spokane County,Washington,2022-01-01,16,2.9
Milwaukee County,Wisconsin,2022-01-01,65,7.1
Jefferson County,Alabama,2022-02-01,35,5.3
Anchorage Borough,Alaska,2022-02-01,12,4.2
Maricopa County,Arizona,2022-02-01,107,2.3
Pima County,Arizona,2022-02-01,37,3.5
Alameda County,California,2022-02-01,30,1.8
Contra Costa County,California,2022-02-01,22,1.9
Fresno County,California,2022-02-01,13,1.3
Kern County,California,2022-02-01,39,4.3
Los Angeles County,California,2022-02-01,221,2.3
Orange County,California,2022-02-01,73,2.3
Riverside County,California,2022-02-01,52,2.1
Sacramento County,California,2022-02-01,49,3.1
San Bernardino County,California,2022-02-01,50,2.3
San Diego County,California,2022-02-01,95,2.9
San Francisco County,California,2022-02-01,51,6.3
San Joaquin County,California,2022-02-01,15,1.9
Santa Clara County,California,2022-02-01,23,1.2
Ventura County,California,2022-02-01,21,2.5
Adams County,Colorado,2022-02-01,19,3.6
Arapahoe County,Colorado,2022-02-01,10,1.5
Denver County,Colorado,2022-02-01,34,4.8
El Paso County,Colorado,2022-02-01,18,2.4
Jefferson County,Colorado,2022-02-01,22,3.8
Hartford County,Connecticut,2022-02-01,22,2.4
New Haven County,Connecticut,2022-02-01,38,4.4
New Castle County,Delaware,2022-02-01,26,4.5
"Washington, D.C.","Washington, D.C.",2022-02-01,45,6.6
Brevard County,Florida,2022-02-01,17,2.7
Broward County,Florida,2022-02-01,66,3.4
Duval County,Florida,2022-02-01,54,5.3
Hillsborough County,Florida,2022-02-01,40,2.6
Miami-Dade County,Florida,2022-02-01,26,1
Orange County,Florida,2022-02-01,28,1.9
Palm Beach County,Florida,2022-02-01,43,2.8
Pinellas County,Florida,2022-02-01,46,4.8
Fulton County,Georgia,2022-02-01,26,2.4
Honolulu County,Hawaii,2022-02-01,21,2.1
Cook County,Illinois,2022-02-01,163,3.2
Marion County,Indiana,2022-02-01,90,9.2
Sedgwick County,Kansas,2022-02-01,19,3.6
Jefferson County,Kentucky,2022-02-01,54,6.9
Orleans Parish,Louisiana,2022-02-01,47,12.7
Baltimore city,Maryland,2022-02-01,79,13.8
Suffolk County,Massachusetts,2022-02-01,42,5.4
Wayne County,Michigan,2022-02-01,71,4
Hennepin County,Minnesota,2022-02-01,26,2.1
Ramsey County,Minnesota,2022-02-01,13,2.4
Jackson County,Missouri,2022-02-01,25,3.5
St. Louis County,Missouri,2022-02-01,31,3.1
St. Louis city,Missouri,2022-02-01,32,11.2
Clark County,Nevada,2022-02-01,46,2
Washoe County,Nevada,2022-02-01,16,3.2
Essex County,New Jersey,2022-02-01,42,4.9
Bernalillo County,New Mexico,2022-02-01,50,7.4
Bronx County,New York,2022-02-01,61,4.4
Erie County,New York,2022-02-01,29,3.1
Kings County,New York,2022-02-01,50,1.9
Monroe County,New York,2022-02-01,32,4.3
New York County,New York,2022-02-01,40,2.5
Queens County,New York,2022-02-01,37,1.6
Suffolk County,New York,2022-02-01,30,2
Mecklenburg County,North Carolina,2022-02-01,24,2.1
Cuyahoga County,Ohio,2022-02-01,38,3.1
Franklin County,Ohio,2022-02-01,70,5.3
Montgomery County,Ohio,2022-02-01,25,4.7
Oklahoma County,Oklahoma,2022-02-01,30,3.7
Tulsa County,Oklahoma,2022-02-01,30,4.4
Allegheny County,Pennsylvania,2022-02-01,56,4.5
Philadelphia County,Pennsylvania,2022-02-01,91,5.8
Davidson County,Tennessee,2022-02-01,68,9.6
Knox County,Tennessee,2022-02-01,41,8.3
Shelby County,Tennessee,2022-02-01,58,6.3
Bexar County,Texas,2022-02-01,35,1.7
Dallas County,Texas,2022-02-01,46,1.8
Harris County,Texas,2022-02-01,100,2.1
Tarrant County,Texas,2022-02-01,36,1.7
Travis County,Texas,2022-02-01,33,2.5
Salt Lake County,Utah,2022-02-01,17,1.4
King County,Washington,2022-02-01,51,2.2
Pierce County,Washington,2022-02-01,26,2.8
Snohomish County,Washington,2022-02-01,18,2.1
Spokane County,Washington,2022-02-01,19,3.5
Milwaukee County,Wisconsin,2022-02-01,60,6.5
Jefferson County,Alabama,2022-03-01,26,3.9
Anchorage Borough,Alaska,2022-03-01,16,5.6
Maricopa County,Arizona,2022-03-01,124,2.7
Pima County,Arizona,2022-03-01,45,4.2
Alameda County,California,2022-03-01,21,1.3
Contra Costa County,California,2022-03-01,14,1.2
Fresno County,California,2022-03-01,21,2.1
Kern County,California,2022-03-01,37,4
Los Angeles County,California,2022-03-01,218,2.2
Orange County,California,2022-03-01,77,2.4
Riverside County,California,2022-03-01,64,2.6
Sacramento County,California,2022-03-01,38,2.4
San Bernardino County,California,2022-03-01,37,1.7
San Diego County,California,2022-03-01,93,2.8
San Francisco County,California,2022-03-01,39,4.8
San Joaquin County,California,2022-03-01,11,1.4
Santa Clara County,California,2022-03-01,30,1.6
Ventura County,California,2022-03-01,20,2.4
Adams County,Colorado,2022-03-01,20,3.8
Arapahoe County,Colorado,2022-03-01,13,2
Denver County,Colorado,2022-03-01,33,4.6
El Paso County,Colorado,2022-03-01,16,2.2
Jefferson County,Colorado,2022-03-01,11,1.9
Hartford County,Connecticut,2022-03-01,34,3.8
New Haven County,Connecticut,2022-03-01,39,4.5
New Castle County,Delaware,2022-03-01,25,4.3
"Washington, D.C.","Washington, D.C.",2022-03-01,35,5.2
Brevard County,Florida,2022-03-01,27,4.3
Broward County,Florida,2022-03-01,64,3.3
Duval County,Florida,2022-03-01,55,5.4
Hillsborough County,Florida,2022-03-01,56,3.7
Miami-Dade County,Florida,2022-03-01,24,0.9
Orange County,Florida,2022-03-01,37,2.5
Palm Beach County,Florida,2022-03-01,51,3.3
Pinellas County,Florida,2022-03-01,50,5.2
Fulton County,Georgia,2022-03-01,32,3
Honolulu County,Hawaii,2022-03-01,15,1.5
Cook County,Illinois,2022-03-01,193,3.8
Marion County,Indiana,2022-03-01,79,8.1
Sedgwick County,Kansas,2022-03-01,26,4.9
Jefferson County,Kentucky,2022-03-01,50,6.4
Orleans Parish,Louisiana,2022-03-01,34,9.2
Baltimore city,Maryland,2022-03-01,90,15.8
Suffolk County,Massachusetts,2022-03-01,42,5.4
Wayne County,Michigan,2022-03-01,79,4.5
Hennepin County,Minnesota,2022-03-01,50,4
Ramsey County,Minnesota,2022-03-01,13,2.4
Jackson County,Missouri,2022-03-01,31,4.3
St. Louis County,Missouri,2022-03-01,30,3
St. Louis city,Missouri,2022-03-01,35,12.2
Clark County,Nevada,2022-03-01,47,2
Washoe County,Nevada,2022-03-01,15,3
Essex County,New Jersey,2022-03-01,37,4.3
Bernalillo County,New Mexico,2022-03-01,42,6.2
Bronx County,New York,2022-03-01,71,5.1
Erie County,New York,2022-03-01,33,3.5
Kings County,New York,2022-03-01,62,2.4
Monroe County,New York,2022-03-01,26,3.5
New York County,New York,2022-03-01,44,2.8
Queens County,New York,2022-03-01,45,2
Suffolk County,New York,2022-03-01,41,2.7
Mecklenburg County,North Carolina,2022-03-01,30,2.6
Cuyahoga County,Ohio,2022-03-01,46,3.7
Franklin County,Ohio,2022-03-01,90,6.8
Montgomery County,Ohio,2022-03-01,30,5.6
Oklahoma County,Oklahoma,2022-03-01,24,3
Tulsa County,Oklahoma,2022-03-01,28,4.1
Allegheny County,Pennsylvania,2022-03-01,60,4.9
Philadelphia County,Pennsylvania,2022-03-01,118,7.5
Davidson County,Tennessee,2022-03-01,65,9.1
Knox County,Tennessee,2022-03-01,53,10.7
Shelby County,Tennessee,2022-03-01,53,5.8
Bexar County,Texas,2022-03-01,52,2.5
Dallas County,Texas,2022-03-01,53,2
Harris County,Texas,2022-03-01,78,1.6
Tarrant County,Texas,2022-03-01,39,1.8
Travis County,Texas,2022-03-01,35,2.6
Salt Lake County,Utah,2022-03-01,27,2.3
King County,Washington,2022-03-01,68,3
Pierce County,Washington,2022-03-01,22,2.4
Snohomish County,Washington,2022-03-01,21,2.5
Spokane County,Washington,2022-03-01,24,4.4
Milwaukee County,Wisconsin,2022-03-01,43,4.7
Jefferson County,Alabama,2022-04-01,39,5.9
Anchorage Borough,Alaska,2022-04-01,11,3.8
Maricopa County,Arizona,2022-04-01,113,2.5
Pima County,Arizona,2022-04-01,40,3.8
Alameda County,California,2022-04-01,24,1.5
Contra Costa County,California,2022-04-01,16,1.4
Fresno County,California,2022-04-01,13,1.3
Kern County,California,2022-04-01,38,4.1
Los Angeles County,California,2022-04-01,236,2.4
Orange County,California,2022-04-01,69,2.2
Riverside County,California,2022-04-01,58,2.3
Sacramento County,California,2022-04-01,39,2.5
San Bernardino County,California,2022-04-01,46,2.1
San Diego County,California,2022-04-01,76,2.3
San Francisco County,California,2022-04-01,50,6.1
San Joaquin County,California,2022-04-01,13,1.6
Santa Clara County,California,2022-04-01,29,1.5
Ventura County,California,2022-04-01,17,2
Adams County,Colorado,2022-04-01,13,2.5
Arapahoe County,Colorado,2022-04-01,14,2.1
Denver County,Colorado,2022-04-01,33,4.6
El Paso County,Colorado,2022-04-01,14,1.9
Jefferson County,Colorado,2022-04-01,18,3.1
Hartford County,Connecticut,2022-04-01,37,4.1
New Haven County,Connecticut,2022-04-01,42,4.9
New Castle County,Delaware,2022-04-01,24,4.2
"Washington, D.C.","Washington, D.C.",2022-04-01,39,5.8
Brevard County,Florida,2022-04-01,14,2.2
Broward County,Florida,2022-04-01,65,3.3
Duval County,Florida,2022-04-01,44,4.3
Hillsborough County,Florida,2022-04-01,65,4.3
Miami-Dade County,Florida,2022-04-01,19,0.7
Orange County,Florida,2022-04-01,34,2.3
Palm Beach County,Florida,2022-04-01,34,2.2
Pinellas County,Florida,2022-04-01,54,5.6
Fulton County,Georgia,2022-04-01,25,2.3
Honolulu County,Hawaii,2022-04-01,17,1.7
Cook County,Illinois,2022-04-01,179,3.5
Marion County,Indiana,2022-04-01,63,6.5
Sedgwick County,Kansas,2022-04-01,27,5.1
Jefferson County,Kentucky,2022-04-01,41,5.3
Orleans Parish,Louisiana,2022-04-01,42,11.3
Baltimore city,Maryland,2022-04-01,62,10.9
Suffolk County,Massachusetts,2022-04-01,32,4.1
Wayne County,Michigan,2022-04-01,65,3.7
Hennepin County,Minnesota,2022-04-01,29,2.3
Ramsey County,Minnesota,2022-04-01,23,4.3
Jackson County,Missouri,2022-04-01,17,2.4
St. Louis County,Missouri,2022-04-01,41,4.1
St. Louis city,Missouri,2022-04-01,29,10.1
Clark County,Nevada,2022-04-01,45,1.9
Washoe County,Nevada,2022-04-01,19,3.8
Essex County,New Jersey,2022-04-01,40,4.7
Bernalillo County,New Mexico,2022-04-01,35,5.2
Bronx County,New York,2022-04-01,63,4.6
Erie County,New York,2022-04-01,33,3.5
Kings County,New York,2022-04-01,55,2.1
Monroe County,New York,2022-04-01,31,4.1
New York County,New York,2022-04-01,39,2.4
Queens County,New York,2022-04-01,32,1.4
Suffolk County,New York,2022-04-01,56,3.7
Mecklenburg County,North Carolina,2022-04-01,30,2.6
Cuyahoga County,Ohio,2022-04-01,33,2.7
Franklin County,Ohio,2022-04-01,62,4.7
Montgomery County,Ohio,2022-04-01,30,5.6
Oklahoma County,Oklahoma,2022-04-01,26,3.2
Tulsa County,Oklahoma,2022-04-01,21,3.1
Allegheny County,Pennsylvania,2022-04-01,68,5.5
Philadelphia County,Pennsylvania,2022-04-01,96,6.1
Davidson County,Tennessee,2022-04-01,59,8.3
Knox County,Tennessee,2022-04-01,45,9.1
Shelby County,Tennessee,2022-04-01,52,5.7
Bexar County,Texas,2022-04-01,34,1.6
Dallas County,Texas,2022-04-01,36,1.4
Harris County,Texas,2022-04-01,97,2
Tarrant County,Texas,2022-04-01,33,1.5
Travis County,Texas,2022-04-01,32,2.4
Salt Lake County,Utah,2022-04-01,16,1.3
King County,Washington,2022-04-01,64,2.8
Pierce County,Washington,2022-04-01,28,3
Snohomish County,Washington,2022-04-01,10,1.2
Spokane County,Washington,2022-04-01,16,2.9
Milwaukee County,Wisconsin,2022-04-01,63,6.8
Jefferson County,Alabama,2022-05-01,59,8.9
Anchorage Borough,Alaska,2022-05-01,11,3.8
Maricopa County,Arizona,2022-05-01,129,2.8
Pima County,Arizona,2022-05-01,43,4.1
Alameda County,California,2022-05-01,25,1.5
Contra Costa County,California,2022-05-01,18,1.6
Fresno County,California,2022-05-01,12,1.2
Kern County,California,2022-05-01,47,5.1
Los Angeles County,California,2022-05-01,218,2.2
Orange County,California,2022-05-01,85,2.7
Riverside County,California,2022-05-01,64,2.6
Sacramento County,California,2022-05-01,42,2.6
San Bernardino County,California,2022-05-01,31,1.4
San Diego County,California,2022-05-01,82,2.5
San Francisco County,California,2022-05-01,46,5.6
San Joaquin County,California,2022-05-01,18,2.3
Santa Clara County,California,2022-05-01,41,2.2
Ventura County,California,2022-05-01,26,3.1
Adams County,Colorado,2022-05-01,20,3.8
Arapahoe County,Colorado,2022-05-01,21,3.2
Denver County,Colorado,2022-05-01,36,5
El Paso County,Colorado,2022-05-01,22,3
Jefferson County,Colorado,2022-05-01,17,2.9
Hartford County,Connecticut,2022-05-01,41,4.6
New Haven County,Connecticut,2022-05-01,38,4.4
New Castle County,Delaware,2022-05-01,38,6.6
"Washington, D.C.","Washington, D.C.",2022-05-01,48,7.1
Brevard County,Florida,2022-05-01,22,3.5
Broward County,Florida,2022-05-01,51,2.6
Duval County,Florida,2022-05-01,52,5.1
Hillsborough County,Florida,2022-05-01,51,3.3
Miami-Dade County,Florida,2022-05-01,28,1
Orange County,Florida,2022-05-01,39,2.7
Palm Beach County,Florida,2022-05-01,39,2.5
Pinellas County,Florida,2022-05-01,47,4.9
Fulton County,Georgia,2022-05-01,27,2.5
Honolulu County,Hawaii,2022-05-01,14,1.4
Cook County,Illinois,2022-05-01,179,3.5
Marion County,Indiana,2022-05-01,56,5.8
Sedgwick County,Kansas,2022-05-01,21,4
Jefferson County,Kentucky,2022-05-01,58,7.5
Orleans Parish,Louisiana,2022-05-01,35,9.4
Baltimore city,Maryland,2022-05-01,76,13.3
Suffolk County,Massachusetts,2022-05-01,42,5.4
Wayne County,Michigan,2022-05-01,71,4
Hennepin County,Minnesota,2022-05-01,44,3.5
Ramsey County,Minnesota,2022-05-01,25,4.6
Jackson County,Missouri,2022-05-01,26,3.6
St. Louis County,Missouri,2022-05-01,26,2.6
St. Louis city,Missouri,2022-05-01,44,15.4
Clark County,Nevada,2022-05-01,58,2.5
Washoe County,Nevada,2022-05-01,15,3
Essex County,New Jersey,2022-05-01,31,3.6
Bernalillo County,New Mexico,2022-05-01,44,6.5
Bronx County,New York,2022-05-01,80,5.8
Erie County,New York,2022-05-01,25,2.6
Kings County,New York,2022-05-01,64,2.5
Monroe County,New York,2022-05-01,30,4
New York County,New York,2022-05-01,58,3.6
Queens County,New York,2022-05-01,51,2.2
Suffolk County,New York,2022-05-01,45,2.9
Mecklenburg County,North Carolina,2022-05-01,32,2.8
Cuyahoga County,Ohio,2022-05-01,55,4.4
Franklin County,Ohio,2022-05-01,64,4.8
Montgomery County,Ohio,2022-05-01,31,5.8
Oklahoma County,Oklahoma,2022-05-01,21,2.6
Tulsa County,Oklahoma,2022-05-01,31,4.6
Allegheny County,Pennsylvania,2022-05-01,58,4.7
Philadelphia County,Pennsylvania,2022-05-01,119,7.6
Davidson County,Tennessee,2022-05-01,54,7.6
Knox County,Tennessee,2022-05-01,42,8.5
Shelby County,Tennessee,2022-05-01,43,4.7
Bexar County,Texas,2022-05-01,46,2.2
Dallas County,Texas,2022-05-01,53,2
Harris County,Texas,2022-05-01,89,1.9
Tarrant County,Texas,2022-05-01,40,1.9
Travis County,Texas,2022-05-01,31,2.3
Salt Lake County,Utah,2022-05-01,27,2.3
King County,Washington,2022-05-01,70,3.1
Pierce County,Washington,2022-05-01,18,1.9
Snohomish County,Washington,2022-05-01,24,2.9
Spokane County,Washington,2022-05-01,17,3.1
Milwaukee County,Wisconsin,2022-05-01,55,6
Jefferson County,Alabama,2022-06-01,33,5
Anchorage Borough,Alaska,2022-06-01,15,5.2
Maricopa County,Arizona,2022-06-01,160,3.5
Pima County,Arizona,2022-06-01,35,3.3
Alameda County,California,2022-06-01,34,2.1
Contra Costa County,California,2022-06-01,21,1.8
Fresno County,California,2022-06-01,17,1.7
Kern County,California,2022-06-01,45,4.9
Los Angeles County,California,2022-06-01,205,2.1
Orange County,California,2022-06-01,67,2.1
Riverside County,California,2022-06-01,72,2.9
Sacramento County,California,2022-06-01,50,3.1
San Bernardino County,California,2022-06-01,43,2
San Diego County,California,2022-06-01,75,2.3
San Francisco County,California,2022-06-01,50,6.1
San Joaquin County,California,2022-06-01,10,1.3
Santa Clara County,California,2022-06-01,19,1
Ventura County,California,2022-06-01,17,2
Adams County,Colorado,2022-06-01,11,2.1
Arapahoe County,Colorado,2022-06-01,13,2
Denver County,Colorado,2022-06-01,27,3.8
El Paso County,Colorado,2022-06-01,17,2.3
Jefferson County,Colorado,2022-06-01,10,1.7
Hartford County,Connecticut,2022-06-01,36,4
New Haven County,Connecticut,2022-06-01,45,5.2
New Castle County,Delaware,2022-06-01,29,5
"Washington, D.C.","Washington, D.C.",2022-06-01,46,6.8
Brevard County,Florida,2022-06-01,17,2.7
Broward County,Florida,2022-06-01,52,2.6
Duval County,Florida,2022-06-01,51,5
Hillsborough County,Florida,2022-06-01,62,4.1
Miami-Dade County,Florida,2022-06-01,23,0.8
Orange County,Florida,2022-06-01,36,2.5
Palm Beach County,Florida,2022-06-01,45,2.9
Pinellas County,Florida,2022-06-01,53,5.5
Fulton County,Georgia,2022-06-01,37,3.4
Honolulu County,Hawaii,2022-06-01,15,1.5
Cook County,Illinois,2022-06-01,163,3.2
Marion County,Indiana,2022-06-01,65,6.7
Sedgwick County,Kansas,2022-06-01,15,2.9
Jefferson County,Kentucky,2022-06-01,52,6.7
Orleans Parish,Louisiana,2022-06-01,42,11.3
Baltimore city,Maryland,2022-06-01,82,14.4
Suffolk County,Massachusetts,2022-06-01,30,3.9
Wayne County,Michigan,2022-06-01,88,5
Hennepin County,Minnesota,2022-06-01,37,2.9
Ramsey County,Minnesota,2022-06-01,24,4.5
Jackson County,Missouri,2022-06-01,28,3.9
St. Louis County,Missouri,2022-06-01,28,2.8
St. Louis city,Missouri,2022-06-01,34,11.9
Clark County,Nevada,2022-06-01,65,2.8
Washoe County,Nevada,2022-06-01,26,5.2
Essex County,New Jersey,2022-06-01,23,2.7
Bernalillo County,New Mexico,2022-06-01,37,5.5
Bronx County,New York,2022-06-01,79,5.7
Erie County,New York,2022-06-01,36,3.8
Kings County,New York,2022-06-01,54,2.1
Monroe County,New York,2022-06-01,37,4.9
New York County,New York,2022-06-01,51,3.2
Queens County,New York,2022-06-01,37,1.6
Suffolk County,New York,2022-06-01,51,3.3
Mecklenburg County,North Carolina,2022-06-01,41,3.6
Cuyahoga County,Ohio,2022-06-01,59,4.8
Franklin County,Ohio,2022-06-01,77,5.8
Montgomery County,Ohio,2022-06-01,22,4.1
Oklahoma County,Oklahoma,2022-06-01,31,3.9
Tulsa County,Oklahoma,2022-06-01,28,4.1
Allegheny County,Pennsylvania,2022-06-01,71,5.8
Philadelphia County,Pennsylvania,2022-06-01,114,7.3
Davidson County,Tennessee,2022-06-01,43,6
Knox County,Tennessee,2022-06-01,46,9.3
Shelby County,Tennessee,2022-06-01,53,5.8
Bexar County,Texas,2022-06-01,29,1.4
Dallas County,Texas,2022-06-01,65,2.5
Harris County,Texas,2022-06-01,113,2.4
Tarrant County,Texas,2022-06-01,43,2
Travis County,Texas,2022-06-01,27,2
Salt Lake County,Utah,2022-06-01,22,1.8
King County,Washington,2022-06-01,64,2.8
Pierce County,Washington,2022-06-01,27,2.9
Snohomish County,Washington,2022-06-01,16,1.9
Spokane County,Washington,2022-06-01,19,3.5
Milwaukee County,Wisconsin,2022-06-01,61,6.6
Jefferson County,Alabama,2022-07-01,40,6
Anchorage Borough,Alaska,2022-07-01,13,4.5
Maricopa County,Arizona,2022-07-01,293,6.4
Pima County,Arizona,2022-07-01,39,3.7
Alameda County,California,2022-07-01,32,2
Contra Costa County,California,2022-07-01,18,1.6
Fresno County,California,2022-07-01,21,2.1
Kern County,California,2022-07-01,50,5.5
Los Angeles County,California,2022-07-01,248,2.5
Orange County,California,2022-07-01,67,2.1
Riverside County,California,2022-07-01,86,3.5
Sacramento County,California,2022-07-01,46,2.9
San Bernardino County,California,2022-07-01,38,1.7
San Diego County,California,2022-07-01,80,2.4
San Francisco County,California,2022-07-01,35,4.3
San Joaquin County,California,2022-07-01,19,2.4
Santa Clara County,California,2022-07-01,46,2.4
Ventura County,California,2022-07-01,16,1.9
Adams County,Colorado,2022-07-01,19,3.6
Arapahoe County,Colorado,2022-07-01,21,3.2
Denver County,Colorado,2022-07-01,28,3.9
El Paso County,Colorado,2022-07-01,19,2.6
Jefferson County,Colorado,2022-07-01,14,2.4
Hartford County,Connecticut,2022-07-01,25,2.8
New Haven County,Connecticut,2022-07-01,46,5.3
New Castle County,Delaware,2022-07-01,26,4.5
"Washington, D.C.","Washington, D.C.",2022-07-01,43,6.4
Brevard County,Florida,2022-07-01,19,3
Broward County,Florida,2022-07-01,61,3.1
Duval County,Florida,2022-07-01,46,4.5
Hillsborough County,Florida,2022-07-01,63,4.1
Miami-Dade County,Florida,2022-07-01,34,1.3
Orange County,Florida,2022-07-01,36,2.5
Palm Beach County,Florida,2022-07-01,48,3.1
Pinellas County,Florida,2022-07-01,59,6.1
Fulton County,Georgia,2022-07-01,30,2.8
Honolulu County,Hawaii,2022-07-01,22,2.2
Cook County,Illinois,2022-07-01,174,3.4
Marion County,Indiana,2022-07-01,84,8.6
Sedgwick County,Kansas,2022-07-01,19,3.6
Jefferson County,Kentucky,2022-07-01,59,7.6
Orleans Parish,Louisiana,2022-07-01,34,9.2
Baltimore city,Maryland,2022-07-01,73,12.8
Suffolk County,Massachusetts,2022-07-01,37,4.8
Wayne County,Michigan,2022-07-01,86,4.9
Hennepin County,Minnesota,2022-07-01,41,3.3
Ramsey County,Minnesota,2022-07-01,16,3
Jackson County,Missouri,2022-07-01,21,2.9
St. Louis County,Missouri,2022-07-01,30,3
St. Louis city,Missouri,2022-07-01,41,14.3
Clark County,Nevada,2022-07-01,78,3.4
Washoe County,Nevada,2022-07-01,26,5.2
Essex County,New Jersey,2022-07-01,41,4.8
Bernalillo County,New Mexico,2022-07-01,28,4.2
Bronx County,New York,2022-07-01,85,6.1
Erie County,New York,2022-07-01,39,4.1
Kings County,New York,2022-07-01,76,2.9
Monroe County,New York,2022-07-01,27,3.6
New York County,New York,2022-07-01,54,3.4
Queens County,New York,2022-07-01,47,2.1
Suffolk County,New York,2022-07-01,37,2.4
Mecklenburg County,North Carolina,2022-07-01,27,2.3
Cuyahoga County,Ohio,2022-07-01,54,4.4
Franklin County,Ohio,2022-07-01,74,5.6
Montgomery County,Ohio,2022-07-01,25,4.7
Oklahoma County,Oklahoma,2022-07-01,26,3.2
Tulsa County,Oklahoma,2022-07-01,32,4.7
Allegheny County,Pennsylvania,2022-07-01,61,4.9
Philadelphia County,Pennsylvania,2022-07-01,123,7.8
Davidson County,Tennessee,2022-07-01,59,8.3
Knox County,Tennessee,2022-07-01,56,11.3
Shelby County,Tennessee,2022-07-01,59,6.4
Bexar County,Texas,2022-07-01,40,1.9
Dallas County,Texas,2022-07-01,75,2.9
Harris County,Texas,2022-07-01,106,2.2
Tarrant County,Texas,2022-07-01,45,2.1
Travis County,Texas,2022-07-01,45,3.4
Salt Lake County,Utah,2022-07-01,27,2.3
King County,Washington,2022-07-01,84,3.7
Pierce County,Washington,2022-07-01,44,4.7
Snohomish County,Washington,2022-07-01,12,1.4
Spokane County,Washington,2022-07-01,18,3.3
Milwaukee County,Wisconsin,2022-07-01,56,6.1
Jefferson County,Alabama,2022-08-01,43,6.5
Maricopa County,Arizona,2022-08-01,157,3.4
Pima County,Arizona,2022-08-01,42,4
Alameda County,California,2022-08-01,35,2.1
Contra Costa County,California,2022-08-01,20,1.7
Fresno County,California,2022-08-01,19,1.9
Kern County,California,2022-08-01,47,5.1
Los Angeles County,California,2022-08-01,243,2.5
Orange County,California,2022-08-01,76,2.4
Riverside County,California,2022-08-01,99,4
Sacramento County,California,2022-08-01,50,3.1
San Bernardino County,California,2022-08-01,34,1.5
San Diego County,California,2022-08-01,87,2.6
San Francisco County,California,2022-08-01,44,5.4
San Joaquin County,California,2022-08-01,12,1.5
Santa Clara County,California,2022-08-01,21,1.1
Ventura County,California,2022-08-01,13,1.6
Adams County,Colorado,2022-08-01,16,3
Arapahoe County,Colorado,2022-08-01,18,2.7
Denver County,Colorado,2022-08-01,33,4.6
El Paso County,Colorado,2022-08-01,21,2.8
Jefferson County,Colorado,2022-08-01,12,2.1
Hartford County,Connecticut,2022-08-01,29,3.2
New Haven County,Connecticut,2022-08-01,41,4.7
New Castle County,Delaware,2022-08-01,35,6.1
"Washington, D.C.","Washington, D.C.",2022-08-01,46,6.8
Broward County,Florida,2022-08-01,69,3.5
Duval County,Florida,2022-08-01,38,3.7
Hillsborough County,Florida,2022-08-01,47,3.1
Miami-Dade County,Florida,2022-08-01,28,1
Orange County,Florida,2022-08-01,35,2.4
Palm Beach County,Florida,2022-08-01,49,3.2
Pinellas County,Florida,2022-08-01,46,4.8
Fulton County,Georgia,2022-08-01,28,2.6
Honolulu County,Hawaii,2022-08-01,13,1.3
Cook County,Illinois,2022-08-01,195,3.8
Marion County,Indiana,2022-08-01,68,7
Sedgwick County,Kansas,2022-08-01,20,3.8
Jefferson County,Kentucky,2022-08-01,51,6.6
Orleans Parish,Louisiana,2022-08-01,26,7
Baltimore city,Maryland,2022-08-01,81,14.2
Suffolk County,Massachusetts,2022-08-01,42,5.4
Wayne County,Michigan,2022-08-01,72,4.1
Hennepin County,Minnesota,2022-08-01,53,4.2
Ramsey County,Minnesota,2022-08-01,20,3.7
Jackson County,Missouri,2022-08-01,37,5.2
St. Louis County,Missouri,2022-08-01,34,3.4
St. Louis city,Missouri,2022-08-01,36,12.6
Clark County,Nevada,2022-08-01,58,2.5
Essex County,New Jersey,2022-08-01,46,5.4
Bernalillo County,New Mexico,2022-08-01,27,4
Bronx County,New York,2022-08-01,79,5.7
Erie County,New York,2022-08-01,19,2
Kings County,New York,2022-08-01,77,3
Monroe County,New York,2022-08-01,36,4.8
New York County,New York,2022-08-01,57,3.6
Queens County,New York,2022-08-01,29,1.3
Suffolk County,New York,2022-08-01,41,2.7
Mecklenburg County,North Carolina,2022-08-01,27,2.3
Cuyahoga County,Ohio,2022-08-01,53,4.3
Franklin County,Ohio,2022-08-01,80,6
Montgomery County,Ohio,2022-08-01,22,4.1
Oklahoma County,Oklahoma,2022-08-01,36,4.5
Tulsa County,Oklahoma,2022-08-01,23,3.4
Allegheny County,Pennsylvania,2022-08-01,56,4.5
Philadelphia County,Pennsylvania,2022-08-01,118,7.5
Davidson County,Tennessee,2022-08-01,45,6.3
Knox County,Tennessee,2022-08-01,38,7.7
Shelby County,Tennessee,2022-08-01,44,4.8
Bexar County,Texas,2022-08-01,40,1.9
Dallas County,Texas,2022-08-01,63,2.4
Harris County,Texas,2022-08-01,101,2.1
Tarrant County,Texas,2022-08-01,39,1.8
Travis County,Texas,2022-08-01,30,2.3
Salt Lake County,Utah,2022-08-01,19,1.6
King County,Washington,2022-08-01,110,4.8
Pierce County,Washington,2022-08-01,24,2.6
Snohomish County,Washington,2022-08-01,25,3
Spokane County,Washington,2022-08-01,15,2.7
Milwaukee County,Wisconsin,2022-08-01,58,6.3
Jefferson County,Alabama,2022-09-01,39,5.9
Maricopa County,Arizona,2022-09-01,153,3.4
Pima County,Arizona,2022-09-01,39,3.7
Alameda County,California,2022-09-01,30,1.8
Contra Costa County,California,2022-09-01,17,1.5
Fresno County,California,2022-09-01,15,1.5
Kern County,California,2022-09-01,38,4.1
Los Angeles County,California,2022-09-01,230,2.4
Orange County,California,2022-09-01,73,2.3
Riverside County,California,2022-09-01,102,4.1
Sacramento County,California,2022-09-01,46,2.9
San Bernardino County,California,2022-09-01,39,1.8
San Diego County,California,2022-09-01,120,3.7
San Francisco County,California,2022-09-01,58,7.1
San Joaquin County,California,2022-09-01,18,2.3
Santa Clara County,California,2022-09-01,30,1.6
Ventura County,California,2022-09-01,32,3.8
Adams County,Colorado,2022-09-01,15,2.8
Arapahoe County,Colorado,2022-09-01,17,2.6
Denver County,Colorado,2022-09-01,31,4.3
El Paso County,Colorado,2022-09-01,17,2.3
Jefferson County,Colorado,2022-09-01,20,3.5
Hartford County,Connecticut,2022-09-01,47,5.2
New Haven County,Connecticut,2022-09-01,43,5
New Castle County,Delaware,2022-09-01,22,3.8
"Washington, D.C.","Washington, D.C.",2022-09-01,45,6.6
Broward County,Florida,2022-09-01,43,2.2
Duval County,Florida,2022-09-01,58,5.7
Hillsborough County,Florida,2022-09-01,36,2.4
Miami-Dade County,Florida,2022-09-01,26,1
Orange County,Florida,2022-09-01,35,2.4
Palm Beach County,Florida,2022-09-01,51,3.3
Pinellas County,Florida,2022-09-01,42,4.4
Fulton County,Georgia,2022-09-01,32,3
Honolulu County,Hawaii,2022-09-01,19,1.9
Cook County,Illinois,2022-09-01,187,3.6
Marion County,Indiana,2022-09-01,56,5.8
Sedgwick County,Kansas,2022-09-01,26,4.9
Jefferson County,Kentucky,2022-09-01,38,4.9
Orleans Parish,Louisiana,2022-09-01,34,9.2
Baltimore city,Maryland,2022-09-01,66,11.6
Suffolk County,Massachusetts,2022-09-01,37,4.8
Wayne County,Michigan,2022-09-01,83,4.7
Hennepin County,Minnesota,2022-09-01,39,3.1
Ramsey County,Minnesota,2022-09-01,20,3.7
Jackson County,Missouri,2022-09-01,38,5.3
St. Louis County,Missouri,2022-09-01,29,2.9
St. Louis city,Missouri,2022-09-01,35,12.2
Clark County,Nevada,2022-09-01,75,3.2
Washoe County,Nevada,2022-09-01,31,6.2
Essex County,New Jersey,2022-09-01,45,5.3
Bernalillo County,New Mexico,2022-09-01,34,5.1
Bronx County,New York,2022-09-01,77,5.6
Erie County,New York,2022-09-01,35,3.7
Kings County,New York,2022-09-01,66,2.5
Monroe County,New York,2022-09-01,23,3.1
New York County,New York,2022-09-01,50,3.1
Queens County,New York,2022-09-01,41,1.8
Suffolk County,New York,2022-09-01,36,2.4
Mecklenburg County,North Carolina,2022-09-01,34,3
Cuyahoga County,Ohio,2022-09-01,40,3.2
Franklin County,Ohio,2022-09-01,67,5
Montgomery County,Ohio,2022-09-01,31,5.8
Oklahoma County,Oklahoma,2022-09-01,17,2.1
Tulsa County,Oklahoma,2022-09-01,31,4.6
Allegheny County,Pennsylvania,2022-09-01,56,4.5
Philadelphia County,Pennsylvania,2022-09-01,101,6.4
Davidson County,Tennessee,2022-09-01,63,8.9
Knox County,Tennessee,2022-09-01,55,11.1
Shelby County,Tennessee,2022-09-01,46,5
Bexar County,Texas,2022-09-01,47,2.3
Dallas County,Texas,2022-09-01,49,1.9
Harris County,Texas,2022-09-01,105,2.2
Tarrant County,Texas,2022-09-01,37,1.7
Travis County,Texas,2022-09-01,26,2
Salt Lake County,Utah,2022-09-01,30,2.5
King County,Washington,2022-09-01,81,3.6
Pierce County,Washington,2022-09-01,17,1.8
Snohomish County,Washington,2022-09-01,29,3.4
Spokane County,Washington,2022-09-01,15,2.7
Milwaukee County,Wisconsin,2022-09-01,41,4.4
Jefferson County,Alabama,2022-10-01,37,5.6
Anchorage Borough,Alaska,2022-10-01,13,4.5
Maricopa County,Arizona,2022-10-01,147,3.2
Pima County,Arizona,2022-10-01,29,2.7
Alameda County,California,2022-10-01,26,1.6
Contra Costa County,California,2022-10-01,21,1.8
Fresno County,California,2022-10-01,32,3.1
Kern County,California,2022-10-01,36,3.9
Los Angeles County,California,2022-10-01,179,1.8
Orange County,California,2022-10-01,61,1.9
Riverside County,California,2022-10-01,64,2.6
Sacramento County,California,2022-10-01,52,3.3
San Bernardino County,California,2022-10-01,41,1.9
San Diego County,California,2022-10-01,87,2.6
San Francisco County,California,2022-10-01,42,5.2
San Joaquin County,California,2022-10-01,14,1.8
Santa Clara County,California,2022-10-01,37,2
Ventura County,California,2022-10-01,19,2.3
Adams County,Colorado,2022-10-01,18,3.4
Arapahoe County,Colorado,2022-10-01,19,2.9
Denver County,Colorado,2022-10-01,41,5.7
El Paso County,Colorado,2022-10-01,12,1.6
Jefferson County,Colorado,2022-10-01,15,2.6
Hartford County,Connecticut,2022-10-01,39,4.3
New Haven County,Connecticut,2022-10-01,57,6.6
New Castle County,Delaware,2022-10-01,29,5
"Washington, D.C.","Washington, D.C.",2022-10-01,51,7.5
Brevard County,Florida,2022-10-01,12,1.9
Broward County,Florida,2022-10-01,66,3.4
Duval County,Florida,2022-10-01,58,5.7
Hillsborough County,Florida,2022-10-01,51,3.3
Miami-Dade County,Florida,2022-10-01,28,1
Orange County,Florida,2022-10-01,32,2.2
Palm Beach County,Florida,2022-10-01,47,3.1
Pinellas County,Florida,2022-10-01,48,5
Fulton County,Georgia,2022-10-01,28,2.6
Honolulu County,Hawaii,2022-10-01,14,1.4
Cook County,Illinois,2022-10-01,175,3.4
Marion County,Indiana,2022-10-01,74,7.6
Sedgwick County,Kansas,2022-10-01,17,3.2
Jefferson County,Kentucky,2022-10-01,57,7.3
Orleans Parish,Louisiana,2022-10-01,31,8.4
Baltimore city,Maryland,2022-10-01,83,14.5
Suffolk County,Massachusetts,2022-10-01,38,4.9
Wayne County,Michigan,2022-10-01,79,4.5
Hennepin County,Minnesota,2022-10-01,51,4.1
Ramsey County,Minnesota,2022-10-01,24,4.5
Jackson County,Missouri,2022-10-01,32,4.5
St. Louis County,Missouri,2022-10-01,24,2.4
St. Louis city,Missouri,2022-10-01,37,12.9
Clark County,Nevada,2022-10-01,39,1.7
Washoe County,Nevada,2022-10-01,30,6
Essex County,New Jersey,2022-10-01,32,3.7
Bernalillo County,New Mexico,2022-10-01,50,7.4
Bronx County,New York,2022-10-01,69,5
Erie County,New York,2022-10-01,43,4.5
Kings County,New York,2022-10-01,66,2.5
Monroe County,New York,2022-10-01,34,4.5
New York County,New York,2022-10-01,66,4.1
Queens County,New York,2022-10-01,47,2.1
Suffolk County,New York,2022-10-01,44,2.9
Mecklenburg County,North Carolina,2022-10-01,28,2.4
Cuyahoga County,Ohio,2022-10-01,55,4.4
Franklin County,Ohio,2022-10-01,70,5.3
Montgomery County,Ohio,2022-10-01,25,4.7
Oklahoma County,Oklahoma,2022-10-01,21,2.6
Tulsa County,Oklahoma,2022-10-01,36,5.3
Allegheny County,Pennsylvania,2022-10-01,57,4.6
Philadelphia County,Pennsylvania,2022-10-01,127,8.1
Davidson County,Tennessee,2022-10-01,65,9.1
Knox County,Tennessee,2022-10-01,41,8.3
Shelby County,Tennessee,2022-10-01,50,5.4
Bexar County,Texas,2022-10-01,36,1.7
Dallas County,Texas,2022-10-01,48,1.8
Harris County,Texas,2022-10-01,85,1.8
Tarrant County,Texas,2022-10-01,33,1.5
Travis County,Texas,2022-10-01,37,2.8
Salt Lake County,Utah,2022-10-01,24,2
King County,Washington,2022-10-01,85,3.7
Pierce County,Washington,2022-10-01,34,3.7
Snohomish County,Washington,2022-10-01,19,2.3
Spokane County,Washington,2022-10-01,24,4.4
Milwaukee County,Wisconsin,2022-10-01,54,5.9
Jefferson County,Alabama,2022-11-01,39,5.9
Anchorage Borough,Alaska,2022-11-01,13,4.5
Maricopa County,Arizona,2022-11-01,128,2.8
Pima County,Arizona,2022-11-01,37,3.5
Alameda County,California,2022-11-01,21,1.3
Contra Costa County,California,2022-11-01,16,1.4
Fresno County,California,2022-11-01,13,1.3
Kern County,California,2022-11-01,41,4.5
Los Angeles County,California,2022-11-01,193,2
Orange County,California,2022-11-01,71,2.2
Riverside County,California,2022-11-01,49,2
Sacramento County,California,2022-11-01,38,2.4
San Bernardino County,California,2022-11-01,37,1.7
San Diego County,California,2022-11-01,69,2.1
San Francisco County,California,2022-11-01,55,6.8
Santa Clara County,California,2022-11-01,36,1.9
Ventura County,California,2022-11-01,21,2.5
Adams County,Colorado,2022-11-01,23,4.4
Arapahoe County,Colorado,2022-11-01,14,2.1
Denver County,Colorado,2022-11-01,38,5.3
El Paso County,Colorado,2022-11-01,26,3.5
Jefferson County,Colorado,2022-11-01,12,2.1
Hartford County,Connecticut,2022-11-01,41,4.6
New Haven County,Connecticut,2022-11-01,42,4.9
New Castle County,Delaware,2022-11-01,21,3.6
"Washington, D.C.","Washington, D.C.",2022-11-01,40,5.9
Brevard County,Florida,2022-11-01,10,1.6
Broward County,Florida,2022-11-01,61,3.1
Duval County,Florida,2022-11-01,35,3.4
Hillsborough County,Florida,2022-11-01,36,2.4
Miami-Dade County,Florida,2022-11-01,30,1.1
Orange County,Florida,2022-11-01,41,2.8
Palm Beach County,Florida,2022-11-01,51,3.3
Pinellas County,Florida,2022-11-01,34,3.5
Fulton County,Georgia,2022-11-01,35,3.3
Honolulu County,Hawaii,2022-11-01,12,1.2
Cook County,Illinois,2022-11-01,224,4.4
Marion County,Indiana,2022-11-01,57,5.9
Sedgwick County,Kansas,2022-11-01,28,5.3
Jefferson County,Kentucky,2022-11-01,54,6.9
Orleans Parish,Louisiana,2022-11-01,33,8.9
Baltimore city,Maryland,2022-11-01,107,18.8
Suffolk County,Massachusetts,2022-11-01,33,4.2
Wayne County,Michigan,2022-11-01,103,5.8
Hennepin County,Minnesota,2022-11-01,51,4.1
Ramsey County,Minnesota,2022-11-01,19,3.5
Jackson County,Missouri,2022-11-01,21,2.9
St. Louis County,Missouri,2022-11-01,35,3.5
St. Louis city,Missouri,2022-11-01,30,10.5
Clark County,Nevada,2022-11-01,52,2.2
Washoe County,Nevada,2022-11-01,31,6.2
Essex County,New Jersey,2022-11-01,29,3.4
Bernalillo County,New Mexico,2022-11-01,44,6.5
Bronx County,New York,2022-11-01,77,5.6
Erie County,New York,2022-11-01,28,3
Kings County,New York,2022-11-01,81,3.1
Monroe County,New York,2022-11-01,32,4.3
New York County,New York,2022-11-01,69,4.3
Queens County,New York,2022-11-01,45,2
Suffolk County,New York,2022-11-01,46,3
Mecklenburg County,North Carolina,2022-11-01,45,3.9
Cuyahoga County,Ohio,2022-11-01,59,4.8
Franklin County,Ohio,2022-11-01,65,4.9
Montgomery County,Ohio,2022-11-01,43,8
Oklahoma County,Oklahoma,2022-11-01,23,2.9
Tulsa County,Oklahoma,2022-11-01,31,4.6
Allegheny County,Pennsylvania,2022-11-01,52,4.2
Philadelphia County,Pennsylvania,2022-11-01,128,8.1
Davidson County,Tennessee,2022-11-01,73,10.3
Knox County,Tennessee,2022-11-01,43,8.7
Shelby County,Tennessee,2022-11-01,52,5.7
Bexar County,Texas,2022-11-01,35,1.7
Dallas County,Texas,2022-11-01,45,1.7
Harris County,Texas,2022-11-01,80,1.7
Tarrant County,Texas,2022-11-01,32,1.5
Travis County,Texas,2022-11-01,36,2.7
Salt Lake County,Utah,2022-11-01,29,2.4
King County,Washington,2022-11-01,105,4.6
Pierce County,Washington,2022-11-01,36,3.9
Snohomish County,Washington,2022-11-01,27,3.2
Spokane County,Washington,2022-11-01,21,3.8
Milwaukee County,Wisconsin,2022-11-01,55,6
Jefferson County,Alabama,2022-12-01,32,4.8
Anchorage Borough,Alaska,2022-12-01,19,6.6
Maricopa County,Arizona,2022-12-01,144,3.2
Pima County,Arizona,2022-12-01,46,4.3
Alameda County,California,2022-12-01,27,1.7
Contra Costa County,California,2022-12-01,20,1.7
Fresno County,California,2022-12-01,19,1.9
Kern County,California,2022-12-01,41,4.5
Los Angeles County,California,2022-12-01,179,1.8
Orange County,California,2022-12-01,74,2.3
Riverside County,California,2022-12-01,53,2.1
Sacramento County,California,2022-12-01,59,3.7
San Bernardino County,California,2022-12-01,36,1.6
San Diego County,California,2022-12-01,83,2.5
San Francisco County,California,2022-12-01,70,8.6
San Joaquin County,California,2022-12-01,14,1.8
Santa Clara County,California,2022-12-01,45,2.4
Ventura County,California,2022-12-01,26,3.1
Adams County,Colorado,2022-12-01,17,3.2
Arapahoe County,Colorado,2022-12-01,23,3.5
Denver County,Colorado,2022-12-01,43,6
El Paso County,Colorado,2022-12-01,26,3.5
Jefferson County,Colorado,2022-12-01,20,3.5
Hartford County,Connecticut,2022-12-01,29,3.2
New Haven County,Connecticut,2022-12-01,51,5.9
New Castle County,Delaware,2022-12-01,30,5.2
"Washington, D.C.","Washington, D.C.",2022-12-01,42,6.2
Broward County,Florida,2022-12-01,57,2.9
Duval County,Florida,2022-12-01,63,6.2
Hillsborough County,Florida,2022-12-01,45,3
Miami-Dade County,Florida,2022-12-01,24,0.9
Orange County,Florida,2022-12-01,46,3.1
Palm Beach County,Florida,2022-12-01,26,1.7
Pinellas County,Florida,2022-12-01,41,4.3
Fulton County,Georgia,2022-12-01,24,2.2
Honolulu County,Hawaii,2022-12-01,13,1.3
Cook County,Illinois,2022-12-01,222,4.3
Marion County,Indiana,2022-12-01,58,6
Sedgwick County,Kansas,2022-12-01,21,4
Jefferson County,Kentucky,2022-12-01,45,5.8
Orleans Parish,Louisiana,2022-12-01,41,11.1
Baltimore city,Maryland,2022-12-01,99,17.3
Suffolk County,Massachusetts,2022-12-01,34,4.4
Wayne County,Michigan,2022-12-01,83,4.7
Hennepin County,Minnesota,2022-12-01,56,4.4
Ramsey County,Minnesota,2022-12-01,20,3.7
Jackson County,Missouri,2022-12-01,30,4.2
St. Louis County,Missouri,2022-12-01,35,3.5
St. Louis city,Missouri,2022-12-01,29,10.1
Clark County,Nevada,2022-12-01,59,2.5
Washoe County,Nevada,2022-12-01,19,3.8
Essex County,New Jersey,2022-12-01,31,3.6
Bernalillo County,New Mexico,2022-12-01,35,5.2
Bronx County,New York,2022-12-01,95,6.9
Erie County,New York,2022-12-01,28,3
Kings County,New York,2022-12-01,80,3.1
Monroe County,New York,2022-12-01,19,2.5
New York County,New York,2022-12-01,59,3.7
Queens County,New York,2022-12-01,41,1.8
Suffolk County,New York,2022-12-01,46,3
Mecklenburg County,North Carolina,2022-12-01,30,2.6
Cuyahoga County,Ohio,2022-12-01,56,4.5
Franklin County,Ohio,2022-12-01,82,6.2
Montgomery County,Ohio,2022-12-01,28,5.2
Oklahoma County,Oklahoma,2022-12-01,43,5.3
Tulsa County,Oklahoma,2022-12-01,24,3.5
Allegheny County,Pennsylvania,2022-12-01,63,5.1
Philadelphia County,Pennsylvania,2022-12-01,130,8.3
Davidson County,Tennessee,2022-12-01,70,9.8
Knox County,Tennessee,2022-12-01,45,9.1
Shelby County,Tennessee,2022-12-01,58,6.3
Bexar County,Texas,2022-12-01,47,2.3
Dallas County,Texas,2022-12-01,70,2.7
Harris County,Texas,2022-12-01,106,2.2
Tarrant County,Texas,2022-12-01,46,2.1
Travis County,Texas,2022-12-01,31,2.3
Salt Lake County,Utah,2022-12-01,33,2.8
King County,Washington,2022-12-01,120,5.3
Pierce County,Washington,2022-12-01,51,5.5
Snohomish County,Washington,2022-12-01,33,3.9
Spokane County,Washington,2022-12-01,18,3.3
Milwaukee County,Wisconsin,2022-12-01,56,6.1
Jefferson County,Alabama,2023-01-01,45,6.8
Anchorage Borough,Alaska,2023-01-01,14,4.9
Maricopa County,Arizona,2023-01-01,133,2.9
Pima County,Arizona,2023-01-01,50,4.7
Alameda County,California,2023-01-01,32,2
Contra Costa County,California,2023-01-01,15,1.3
Fresno County,California,2023-01-01,20,2
Kern County,California,2023-01-01,53,5.8
Los Angeles County,California,2023-01-01,240,2.5
Orange County,California,2023-01-01,69,2.2
Riverside County,California,2023-01-01,80,3.2
Sacramento County,California,2023-01-01,56,3.5
San Bernardino County,California,2023-01-01,36,1.6
San Diego County,California,2023-01-01,92,2.8
San Francisco County,California,2023-01-01,70,8.5
San Joaquin County,California,2023-01-01,19,2.4
Santa Clara County,California,2023-01-01,29,1.5
Ventura County,California,2023-01-01,25,3
Adams County,Colorado,2023-01-01,14,2.6
Arapahoe County,Colorado,2023-01-01,15,2.3
Denver County,Colorado,2023-01-01,43,6
El Paso County,Colorado,2023-01-01,15,2
Jefferson County,Colorado,2023-01-01,18,3.1
Hartford County,Connecticut,2023-01-01,33,3.7
New Haven County,Connecticut,2023-01-01,36,4.2
New Castle County,Delaware,2023-01-01,29,5
"Washington, D.C.","Washington, D.C.",2023-01-01,41,6
Brevard County,Florida,2023-01-01,24,3.7
Broward County,Florida,2023-01-01,51,2.5
Duval County,Florida,2023-01-01,36,3.5
Hillsborough County,Florida,2023-01-01,34,2.2
Miami-Dade County,Florida,2023-01-01,36,1.3
Orange County,Florida,2023-01-01,41,2.7
Palm Beach County,Florida,2023-01-01,59,3.8
Pinellas County,Florida,2023-01-01,53,5.5
Fulton County,Georgia,2023-01-01,30,2.8
Cook County,Illinois,2023-01-01,177,3.4
Marion County,Indiana,2023-01-01,62,6.4
Sedgwick County,Kansas,2023-01-01,23,4.3
Jefferson County,Kentucky,2023-01-01,50,6.4
Orleans Parish,Louisiana,2023-01-01,49,13.4
Baltimore city,Maryland,2023-01-01,78,13.7
Suffolk County,Massachusetts,2023-01-01,50,6.4
Wayne County,Michigan,2023-01-01,94,5.3
Hennepin County,Minnesota,2023-01-01,53,4.2
Ramsey County,Minnesota,2023-01-01,21,3.9
Jackson County,Missouri,2023-01-01,29,4
St. Louis County,Missouri,2023-01-01,19,1.9
St. Louis city,Missouri,2023-01-01,45,15.9
Clark County,Nevada,2023-01-01,55,2.3
Washoe County,Nevada,2023-01-01,21,4.2
Essex County,New Jersey,2023-01-01,34,3.9
Bernalillo County,New Mexico,2023-01-01,28,4.2
Bronx County,New York,2023-01-01,81,5.9
Erie County,New York,2023-01-01,40,4.2
Kings County,New York,2023-01-01,48,1.9
Monroe County,New York,2023-01-01,44,5.9
New York County,New York,2023-01-01,57,3.5
Queens County,New York,2023-01-01,46,2
Suffolk County,New York,2023-01-01,48,3.1
Mecklenburg County,North Carolina,2023-01-01,25,2.1
Cuyahoga County,Ohio,2023-01-01,41,3.3
Franklin County,Ohio,2023-01-01,89,6.6
Montgomery County,Ohio,2023-01-01,36,6.7
Oklahoma County,Oklahoma,2023-01-01,36,4.4
Tulsa County,Oklahoma,2023-01-01,26,3.8
Allegheny County,Pennsylvania,2023-01-01,52,4.2
Philadelphia County,Pennsylvania,2023-01-01,125,8
Davidson County,Tennessee,2023-01-01,57,7.9
Knox County,Tennessee,2023-01-01,42,8.4
Shelby County,Tennessee,2023-01-01,43,4.7
Bexar County,Texas,2023-01-01,44,2.1
Dallas County,Texas,2023-01-01,51,1.9
Harris County,Texas,2023-01-01,90,1.8
Tarrant County,Texas,2023-01-01,23,1
Travis County,Texas,2023-01-01,38,2.8
Salt Lake County,Utah,2023-01-01,31,2.6
King County,Washington,2023-01-01,122,5.3
Pierce County,Washington,2023-01-01,36,3.9
Snohomish County,Washington,2023-01-01,38,4.5
Spokane County,Washington,2023-01-01,23,4.2
Milwaukee County,Wisconsin,2023-01-01,58,6.3
Jefferson County,Alabama,2023-02-01,46,6.9
Anchorage Borough,Alaska,2023-02-01,16,5.6
Maricopa County,Arizona,2023-02-01,133,2.9
Pima County,Arizona,2023-02-01,28,2.6
Alameda County,California,2023-02-01,40,2.4
Contra Costa County,California,2023-02-01,10,0.9
Fresno County,California,2023-02-01,14,1.4
Kern County,California,2023-02-01,32,3.5
Los Angeles County,California,2023-02-01,221,2.3
Orange County,California,2023-02-01,48,1.5
Riverside County,California,2023-02-01,63,2.5
Sacramento County,California,2023-02-01,47,2.9
San Bernardino County,California,2023-02-01,32,1.5
San Diego County,California,2023-02-01,92,2.8
San Francisco County,California,2023-02-01,48,5.9
San Joaquin County,California,2023-02-01,17,2.1
Santa Clara County,California,2023-02-01,40,2.1
Ventura County,California,2023-02-01,20,2.4
Adams County,Colorado,2023-02-01,18,3.4
Arapahoe County,Colorado,2023-02-01,12,1.8
Denver County,Colorado,2023-02-01,40,5.5
El Paso County,Colorado,2023-02-01,18,2.4
Hartford County,Connecticut,2023-02-01,32,3.6
New Haven County,Connecticut,2023-02-01,46,5.3
New Castle County,Delaware,2023-02-01,23,3.9
"Washington, D.C.","Washington, D.C.",2023-02-01,37,5.4
Brevard County,Florida,2023-02-01,23,3.6
Broward County,Florida,2023-02-01,50,2.5
Duval County,Florida,2023-02-01,41,3.9
Hillsborough County,Florida,2023-02-01,39,2.5
Miami-Dade County,Florida,2023-02-01,25,0.9
Orange County,Florida,2023-02-01,38,2.5
Palm Beach County,Florida,2023-02-01,39,2.5
Pinellas County,Florida,2023-02-01,54,5.6
Fulton County,Georgia,2023-02-01,22,2
Honolulu County,Hawaii,2023-02-01,11,1.1
Cook County,Illinois,2023-02-01,165,3.2
Marion County,Indiana,2023-02-01,68,7
Sedgwick County,Kansas,2023-02-01,16,3
Jefferson County,Kentucky,2023-02-01,54,6.9
Orleans Parish,Louisiana,2023-02-01,38,10.4
Baltimore city,Maryland,2023-02-01,90,15.9
Suffolk County,Massachusetts,2023-02-01,45,5.8
Wayne County,Michigan,2023-02-01,92,5.2
Hennepin County,Minnesota,2023-02-01,39,3.1
Ramsey County,Minnesota,2023-02-01,15,2.8
Jackson County,Missouri,2023-02-01,31,4.3
St. Louis County,Missouri,2023-02-01,18,1.8
St. Louis city,Missouri,2023-02-01,43,15.2
Clark County,Nevada,2023-02-01,55,2.3
Washoe County,Nevada,2023-02-01,20,4
Essex County,New Jersey,2023-02-01,36,4.2
Bernalillo County,New Mexico,2023-02-01,29,4.3
Bronx County,New York,2023-02-01,66,4.8
Erie County,New York,2023-02-01,35,3.7
Kings County,New York,2023-02-01,67,2.6
Monroe County,New York,2023-02-01,26,3.5
New York County,New York,2023-02-01,43,2.6
Queens County,New York,2023-02-01,34,1.5
Suffolk County,New York,2023-02-01,54,3.5
Mecklenburg County,North Carolina,2023-02-01,36,3.1
Cuyahoga County,Ohio,2023-02-01,48,3.9
Franklin County,Ohio,2023-02-01,84,6.3
Montgomery County,Ohio,2023-02-01,32,6
Oklahoma County,Oklahoma,2023-02-01,31,3.8
Tulsa County,Oklahoma,2023-02-01,37,5.4
Allegheny County,Pennsylvania,2023-02-01,54,4.4
Philadelphia County,Pennsylvania,2023-02-01,91,5.8
Davidson County,Tennessee,2023-02-01,49,6.8
Knox County,Tennessee,2023-02-01,47,9.4
Shelby County,Tennessee,2023-02-01,53,5.8
Bexar County,Texas,2023-02-01,40,1.9
Dallas County,Texas,2023-02-01,50,1.9
Harris County,Texas,2023-02-01,95,1.9
Tarrant County,Texas,2023-02-01,35,1.6
Travis County,Texas,2023-02-01,38,2.8
Salt Lake County,Utah,2023-02-01,26,2.2
King County,Washington,2023-02-01,79,3.4
Pierce County,Washington,2023-02-01,33,3.5
Snohomish County,Washington,2023-02-01,24,2.8
Spokane County,Washington,2023-02-01,23,4.2
Milwaukee County,Wisconsin,2023-02-01,42,4.6
Jefferson County,Alabama,2023-03-01,46,6.9
Anchorage Borough,Alaska,2023-03-01,11,3.8
Maricopa County,Arizona,2023-03-01,149,3.2
Pima County,Arizona,2023-03-01,38,3.6
Alameda County,California,2023-03-01,35,2.1
Contra Costa County,California,2023-03-01,29,2.5
Fresno County,California,2023-03-01,20,2
Kern County,California,2023-03-01,42,4.6
Los Angeles County,California,2023-03-01,215,2.2
Orange County,California,2023-03-01,77,2.4
Riverside County,California,2023-03-01,76,3
Sacramento County,California,2023-03-01,55,3.4
San Bernardino County,California,2023-03-01,52,2.4
San Diego County,California,2023-03-01,95,2.9
San Francisco County,California,2023-03-01,64,7.8
San Joaquin County,California,2023-03-01,18,2.2
Santa Clara County,California,2023-03-01,39,2.1
Ventura County,California,2023-03-01,20,2.4
Adams County,Colorado,2023-03-01,13,2.4
Arapahoe County,Colorado,2023-03-01,16,2.4
Denver County,Colorado,2023-03-01,36,5
El Paso County,Colorado,2023-03-01,20,2.7
Jefferson County,Colorado,2023-03-01,17,2.9
Hartford County,Connecticut,2023-03-01,38,4.2
New Haven County,Connecticut,2023-03-01,34,3.9
New Castle County,Delaware,2023-03-01,33,5.7
"Washington, D.C.","Washington, D.C.",2023-03-01,46,6.7
Brevard County,Florida,2023-03-01,25,3.9
Broward County,Florida,2023-03-01,45,2.2
Duval County,Florida,2023-03-01,43,4.1
Hillsborough County,Florida,2023-03-01,47,3
Miami-Dade County,Florida,2023-03-01,23,0.8
Orange County,Florida,2023-03-01,35,2.3
Palm Beach County,Florida,2023-03-01,40,2.6
Pinellas County,Florida,2023-03-01,38,3.9
Fulton County,Georgia,2023-03-01,37,3.4
Honolulu County,Hawaii,2023-03-01,13,1.3
Cook County,Illinois,2023-03-01,197,3.8
Marion County,Indiana,2023-03-01,51,5.2
Sedgwick County,Kansas,2023-03-01,20,3.8
Jefferson County,Kentucky,2023-03-01,61,7.8
Orleans Parish,Louisiana,2023-03-01,49,13.4
Baltimore city,Maryland,2023-03-01,81,14.3
Suffolk County,Massachusetts,2023-03-01,42,5.4
Wayne County,Michigan,2023-03-01,99,5.6
Hennepin County,Minnesota,2023-03-01,52,4.1
Ramsey County,Minnesota,2023-03-01,21,3.9
Jackson County,Missouri,2023-03-01,24,3.3
St. Louis County,Missouri,2023-03-01,33,3.3
St. Louis city,Missouri,2023-03-01,51,18
Clark County,Nevada,2023-03-01,84,3.6
Washoe County,Nevada,2023-03-01,45,9
Essex County,New Jersey,2023-03-01,29,3.4
Bernalillo County,New Mexico,2023-03-01,38,5.6
Bronx County,New York,2023-03-01,66,4.8
Erie County,New York,2023-03-01,38,4
Kings County,New York,2023-03-01,69,2.7
Monroe County,New York,2023-03-01,36,4.8
New York County,New York,2023-03-01,53,3.2
Queens County,New York,2023-03-01,51,2.2
Suffolk County,New York,2023-03-01,43,2.8
Mecklenburg County,North Carolina,2023-03-01,31,2.6
Cuyahoga County,Ohio,2023-03-01,56,4.5
Franklin County,Ohio,2023-03-01,60,4.5
Montgomery County,Ohio,2023-03-01,23,4.3
Oklahoma County,Oklahoma,2023-03-01,37,4.6
Tulsa County,Oklahoma,2023-03-01,38,5.5
Allegheny County,Pennsylvania,2023-03-01,65,5.3
Philadelphia County,Pennsylvania,2023-03-01,130,8.3
Davidson County,Tennessee,2023-03-01,55,7.6
Knox County,Tennessee,2023-03-01,48,9.6
Shelby County,Tennessee,2023-03-01,58,6.3
Bexar County,Texas,2023-03-01,41,2
Dallas County,Texas,2023-03-01,76,2.9
Harris County,Texas,2023-03-01,91,1.9
Tarrant County,Texas,2023-03-01,48,2.2
Travis County,Texas,2023-03-01,38,2.8
Salt Lake County,Utah,2023-03-01,21,1.7
King County,Washington,2023-03-01,119,5.2
Pierce County,Washington,2023-03-01,39,4.2
Snohomish County,Washington,2023-03-01,23,2.7
Spokane County,Washington,2023-03-01,20,3.6
Milwaukee County,Wisconsin,2023-03-01,48,5.2
Jefferson County,Alabama,2023-04-01,33,5
Anchorage Borough,Alaska,2023-04-01,12,4.2
Maricopa County,Arizona,2023-04-01,134,2.9
Pima County,Arizona,2023-04-01,47,4.4
Alameda County,California,2023-04-01,39,2.4
Contra Costa County,California,2023-04-01,19,1.6
Fresno County,California,2023-04-01,26,2.5
Kern County,California,2023-04-01,50,5.5
Los Angeles County,California,2023-04-01,185,1.9
Orange County,California,2023-04-01,56,1.8
Riverside County,California,2023-04-01,87,3.5
Sacramento County,California,2023-04-01,65,4.1
San Bernardino County,California,2023-04-01,48,2.2
San Diego County,California,2023-04-01,71,2.2
San Francisco County,California,2023-04-01,65,7.9
San Joaquin County,California,2023-04-01,14,1.7
Santa Clara County,California,2023-04-01,27,1.4
Ventura County,California,2023-04-01,28,3.4
Adams County,Colorado,2023-04-01,12,2.2
Arapahoe County,Colorado,2023-04-01,28,4.2
Denver County,Colorado,2023-04-01,49,6.8
El Paso County,Colorado,2023-04-01,19,2.5
Jefferson County,Colorado,2023-04-01,14,2.4
Hartford County,Connecticut,2023-04-01,30,3.3
New Haven County,Connecticut,2023-04-01,45,5.2
New Castle County,Delaware,2023-04-01,29,5
"Washington, D.C.","Washington, D.C.",2023-04-01,41,6
Brevard County,Florida,2023-04-01,25,3.9
Broward County,Florida,2023-04-01,43,2.1
Duval County,Florida,2023-04-01,39,3.8
Hillsborough County,Florida,2023-04-01,33,2.1
Miami-Dade County,Florida,2023-04-01,27,1
Orange County,Florida,2023-04-01,45,3
Palm Beach County,Florida,2023-04-01,61,3.9
Pinellas County,Florida,2023-04-01,49,5.1
Fulton County,Georgia,2023-04-01,32,3
Honolulu County,Hawaii,2023-04-01,21,2.1
Cook County,Illinois,2023-04-01,187,3.6
Marion County,Indiana,2023-04-01,49,5
Sedgwick County,Kansas,2023-04-01,21,4
Jefferson County,Kentucky,2023-04-01,55,7
Orleans Parish,Louisiana,2023-04-01,36,9.9
Baltimore city,Maryland,2023-04-01,89,15.7
Suffolk County,Massachusetts,2023-04-01,32,4.1
Wayne County,Michigan,2023-04-01,95,5.4
Hennepin County,Minnesota,2023-04-01,37,2.9
Ramsey County,Minnesota,2023-04-01,20,3.7
Jackson County,Missouri,2023-04-01,29,4
St. Louis County,Missouri,2023-04-01,29,2.9
St. Louis city,Missouri,2023-04-01,33,11.7
Clark County,Nevada,2023-04-01,82,3.5
Washoe County,Nevada,2023-04-01,34,6.8
Essex County,New Jersey,2023-04-01,51,5.9
Bernalillo County,New Mexico,2023-04-01,41,6.1
Bronx County,New York,2023-04-01,85,6.2
Erie County,New York,2023-04-01,40,4.2
Kings County,New York,2023-04-01,73,2.8
Monroe County,New York,2023-04-01,60,8
New York County,New York,2023-04-01,55,3.4
Queens County,New York,2023-04-01,40,1.7
Suffolk County,New York,2023-04-01,46,3
Mecklenburg County,North Carolina,2023-04-01,36,3.1
Cuyahoga County,Ohio,2023-04-01,54,4.4
Franklin County,Ohio,2023-04-01,85,6.3
Montgomery County,Ohio,2023-04-01,23,4.3
Oklahoma County,Oklahoma,2023-04-01,35,4.3
Tulsa County,Oklahoma,2023-04-01,28,4.1
Allegheny County,Pennsylvania,2023-04-01,66,5.4
Philadelphia County,Pennsylvania,2023-04-01,107,6.8
Davidson County,Tennessee,2023-04-01,67,9.3
Knox County,Tennessee,2023-04-01,40,8
Shelby County,Tennessee,2023-04-01,49,5.4
Bexar County,Texas,2023-04-01,27,1.3
Dallas County,Texas,2023-04-01,52,2
Harris County,Texas,2023-04-01,100,2
Tarrant County,Texas,2023-04-01,38,1.7
Travis County,Texas,2023-04-01,34,2.5
Salt Lake County,Utah,2023-04-01,31,2.6
King County,Washington,2023-04-01,120,5.2
Pierce County,Washington,2023-04-01,39,4.2
Snohomish County,Washington,2023-04-01,30,3.5
Spokane County,Washington,2023-04-01,21,3.8
Milwaukee County,Wisconsin,2023-04-01,57,6.2
Jefferson County,Alabama,2023-05-01,55,8.3
Anchorage Borough,Alaska,2023-05-01,25,8.7
Maricopa County,Arizona,2023-05-01,154,3.3
Pima County,Arizona,2023-05-01,40,3.7
Alameda County,California,2023-05-01,36,2.2
Contra Costa County,California,2023-05-01,26,2.2
Fresno County,California,2023-05-01,21,2.1
Kern County,California,2023-05-01,47,5.1
Los Angeles County,California,2023-05-01,205,2.1
Orange County,California,2023-05-01,88,2.8
Riverside County,California,2023-05-01,80,3.2
Sacramento County,California,2023-05-01,55,3.4
San Bernardino County,California,2023-05-01,52,2.4
San Diego County,California,2023-05-01,80,2.4
San Francisco County,California,2023-05-01,70,8.5
San Joaquin County,California,2023-05-01,18,2.2
Santa Clara County,California,2023-05-01,49,2.6
Ventura County,California,2023-05-01,23,2.8
Adams County,Colorado,2023-05-01,26,4.9
Arapahoe County,Colorado,2023-05-01,22,3.3
Denver County,Colorado,2023-05-01,41,5.7
El Paso County,Colorado,2023-05-01,17,2.3
Jefferson County,Colorado,2023-05-01,23,4
Hartford County,Connecticut,2023-05-01,38,4.2
New Haven County,Connecticut,2023-05-01,47,5.4
New Castle County,Delaware,2023-05-01,22,3.8
"Washington, D.C.","Washington, D.C.",2023-05-01,46,6.7
Brevard County,Florida,2023-05-01,26,4
Broward County,Florida,2023-05-01,47,2.3
Duval County,Florida,2023-05-01,42,4
Hillsborough County,Florida,2023-05-01,54,3.5
Miami-Dade County,Florida,2023-05-01,28,1
Orange County,Florida,2023-05-01,41,2.7
Palm Beach County,Florida,2023-05-01,45,2.9
Pinellas County,Florida,2023-05-01,41,4.2
Fulton County,Georgia,2023-05-01,30,2.8
Honolulu County,Hawaii,2023-05-01,23,2.3
Cook County,Illinois,2023-05-01,193,3.8
Marion County,Indiana,2023-05-01,61,6.3
Sedgwick County,Kansas,2023-05-01,17,3.2
Jefferson County,Kentucky,2023-05-01,54,6.9
Orleans Parish,Louisiana,2023-05-01,39,10.7
Baltimore city,Maryland,2023-05-01,103,18.1
Suffolk County,Massachusetts,2023-05-01,49,6.3
Wayne County,Michigan,2023-05-01,87,4.9
Hennepin County,Minnesota,2023-05-01,47,3.7
Ramsey County,Minnesota,2023-05-01,19,3.5
Jackson County,Missouri,2023-05-01,19,2.6
St. Louis County,Missouri,2023-05-01,29,2.9
St. Louis city,Missouri,2023-05-01,45,15.9
Clark County,Nevada,2023-05-01,71,3
Washoe County,Nevada,2023-05-01,24,4.8
Essex County,New Jersey,2023-05-01,52,6
Bernalillo County,New Mexico,2023-05-01,39,5.8
Bronx County,New York,2023-05-01,63,4.6
Erie County,New York,2023-05-01,41,4.3
Kings County,New York,2023-05-01,64,2.5
Monroe County,New York,2023-05-01,37,4.9
New York County,New York,2023-05-01,57,3.5
Queens County,New York,2023-05-01,45,2
Suffolk County,New York,2023-05-01,33,2.2
Mecklenburg County,North Carolina,2023-05-01,57,4.8
Cuyahoga County,Ohio,2023-05-01,51,4.1
Franklin County,Ohio,2023-05-01,78,5.8
Montgomery County,Ohio,2023-05-01,26,4.9
Oklahoma County,Oklahoma,2023-05-01,40,4.9
Tulsa County,Oklahoma,2023-05-01,30,4.4
Allegheny County,Pennsylvania,2023-05-01,73,5.9
Philadelphia County,Pennsylvania,2023-05-01,120,7.7
Davidson County,Tennessee,2023-05-01,49,6.8
Knox County,Tennessee,2023-05-01,47,9.4
Shelby County,Tennessee,2023-05-01,58,6.3
Bexar County,Texas,2023-05-01,37,1.8
Dallas County,Texas,2023-05-01,66,2.5
Harris County,Texas,2023-05-01,92,1.9
Tarrant County,Texas,2023-05-01,41,1.9
Travis County,Texas,2023-05-01,35,2.6
Salt Lake County,Utah,2023-05-01,25,2.1
King County,Washington,2023-05-01,103,4.5
Pierce County,Washington,2023-05-01,42,4.5
Snohomish County,Washington,2023-05-01,36,4.2
Spokane County,Washington,2023-05-01,21,3.8
Milwaukee County,Wisconsin,2023-05-01,66,7.2
Jefferson County,Alabama,2023-06-01,34,5.1
Anchorage Borough,Alaska,2023-06-01,16,5.6
Maricopa County,Arizona,2023-06-01,124,2.7
Pima County,Arizona,2023-06-01,40,3.7
Alameda County,California,2023-06-01,34,2.1
Contra Costa County,California,2023-06-01,19,1.6
Fresno County,California,2023-06-01,24,2.4
Kern County,California,2023-06-01,41,4.5
Los Angeles County,California,2023-06-01,206,2.1
Orange County,California,2023-06-01,55,1.7
Riverside County,California,2023-06-01,65,2.6
Sacramento County,California,2023-06-01,54,3.4
San Bernardino County,California,2023-06-01,54,2.5
San Diego County,California,2023-06-01,84,2.6
San Francisco County,California,2023-06-01,50,6.1
San Joaquin County,California,2023-06-01,21,2.6
Santa Clara County,California,2023-06-01,26,1.4
Ventura County,California,2023-06-01,21,2.5
Adams County,Colorado,2023-06-01,13,2.4
Arapahoe County,Colorado,2023-06-01,15,2.3
Denver County,Colorado,2023-06-01,46,6.4
El Paso County,Colorado,2023-06-01,19,2.5
Jefferson County,Colorado,2023-06-01,15,2.6
Hartford County,Connecticut,2023-06-01,28,3.1
New Haven County,Connecticut,2023-06-01,47,5.4
New Castle County,Delaware,2023-06-01,27,4.6
"Washington, D.C.","Washington, D.C.",2023-06-01,50,7.3
Brevard County,Florida,2023-06-01,29,4.5
Broward County,Florida,2023-06-01,47,2.3
Duval County,Florida,2023-06-01,57,5.5
Hillsborough County,Florida,2023-06-01,39,2.5
Miami-Dade County,Florida,2023-06-01,33,1.2
Orange County,Florida,2023-06-01,39,2.6
Palm Beach County,Florida,2023-06-01,48,3.1
Pinellas County,Florida,2023-06-01,39,4
Fulton County,Georgia,2023-06-01,29,2.7
Honolulu County,Hawaii,2023-06-01,29,2.9
Cook County,Illinois,2023-06-01,174,3.4
Marion County,Indiana,2023-06-01,59,6
Sedgwick County,Kansas,2023-06-01,30,5.7
Jefferson County,Kentucky,2023-06-01,41,5.2
Orleans Parish,Louisiana,2023-06-01,51,14
Baltimore city,Maryland,2023-06-01,98,17.3
Suffolk County,Massachusetts,2023-06-01,40,5.1
Wayne County,Michigan,2023-06-01,59,3.3
Hennepin County,Minnesota,2023-06-01,49,3.9
Ramsey County,Minnesota,2023-06-01,21,3.9
Jackson County,Missouri,2023-06-01,23,3.2
St. Louis County,Missouri,2023-06-01,24,2.4
St. Louis city,Missouri,2023-06-01,37,13.1
Clark County,Nevada,2023-06-01,63,2.7
Washoe County,Nevada,2023-06-01,17,3.4
Essex County,New Jersey,2023-06-01,35,4
Bernalillo County,New Mexico,2023-06-01,47,7
Bronx County,New York,2023-06-01,90,6.5
Erie County,New York,2023-06-01,31,3.3
Kings County,New York,2023-06-01,72,2.8
Monroe County,New York,2023-06-01,40,5.3
New York County,New York,2023-06-01,64,3.9
Queens County,New York,2023-06-01,43,1.9
Suffolk County,New York,2023-06-01,31,2
Mecklenburg County,North Carolina,2023-06-01,37,3.1
Cuyahoga County,Ohio,2023-06-01,63,5.1
Franklin County,Ohio,2023-06-01,61,4.6
Montgomery County,Ohio,2023-06-01,30,5.6
Oklahoma County,Oklahoma,2023-06-01,18,2.2
Tulsa County,Oklahoma,2023-06-01,23,3.4
Allegheny County,Pennsylvania,2023-06-01,59,4.8
Philadelphia County,Pennsylvania,2023-06-01,113,7.2
Davidson County,Tennessee,2023-06-01,63,8.8
Knox County,Tennessee,2023-06-01,43,8.6
Shelby County,Tennessee,2023-06-01,38,4.2
Bexar County,Texas,2023-06-01,60,2.9
Dallas County,Texas,2023-06-01,65,2.5
Harris County,Texas,2023-06-01,89,1.8
Tarrant County,Texas,2023-06-01,60,2.7
Travis County,Texas,2023-06-01,36,2.7
Salt Lake County,Utah,2023-06-01,31,2.6
King County,Washington,2023-06-01,112,4.9
Pierce County,Washington,2023-06-01,40,4.3
Snohomish County,Washington,2023-06-01,19,2.2
Spokane County,Washington,2023-06-01,24,4.3
Milwaukee County,Wisconsin,2023-06-01,59,6.4
Jefferson County,Alabama,2023-07-01,44,6.6
Anchorage Borough,Alaska,2023-07-01,14,4.9
Maricopa County,Arizona,2023-07-01,289,6.3
Pima County,Arizona,2023-07-01,55,5.1
Alameda County,California,2023-07-01,35,2.1
Contra Costa County,California,2023-07-01,25,2.2
Fresno County,California,2023-07-01,23,2.3
Kern County,California,2023-07-01,47,5.1
Los Angeles County,California,2023-07-01,237,2.4
Orange County,California,2023-07-01,79,2.5
Riverside County,California,2023-07-01,84,3.4
Sacramento County,California,2023-07-01,66,4.1
San Bernardino County,California,2023-07-01,58,2.6
San Diego County,California,2023-07-01,97,3
San Francisco County,California,2023-07-01,67,8.2
San Joaquin County,California,2023-07-01,37,4.6
Santa Clara County,California,2023-07-01,30,1.6
Ventura County,California,2023-07-01,19,2.3
Adams County,Colorado,2023-07-01,23,4.3
Arapahoe County,Colorado,2023-07-01,20,3
Denver County,Colorado,2023-07-01,42,5.8
El Paso County,Colorado,2023-07-01,19,2.5
Jefferson County,Colorado,2023-07-01,11,1.9
Hartford County,Connecticut,2023-07-01,30,3.3
New Haven County,Connecticut,2023-07-01,47,5.4
New Castle County,Delaware,2023-07-01,36,6.2
"Washington, D.C.","Washington, D.C.",2023-07-01,49,7.1
Brevard County,Florida,2023-07-01,30,4.6
Broward County,Florida,2023-07-01,48,2.4
Duval County,Florida,2023-07-01,53,5.1
Hillsborough County,Florida,2023-07-01,61,3.9
Miami-Dade County,Florida,2023-07-01,34,1.2
Orange County,Florida,2023-07-01,40,2.7
Palm Beach County,Florida,2023-07-01,42,2.7
Pinellas County,Florida,2023-07-01,39,4
Fulton County,Georgia,2023-07-01,29,2.7
Honolulu County,Hawaii,2023-07-01,21,2.1
Cook County,Illinois,2023-07-01,139,2.7
Marion County,Indiana,2023-07-01,61,6.3
Sedgwick County,Kansas,2023-07-01,15,2.8
Jefferson County,Kentucky,2023-07-01,39,5
Orleans Parish,Louisiana,2023-07-01,50,13.7
Baltimore city,Maryland,2023-07-01,90,15.9
Suffolk County,Massachusetts,2023-07-01,29,3.7
Wayne County,Michigan,2023-07-01,90,5.1
Hennepin County,Minnesota,2023-07-01,41,3.2
Ramsey County,Minnesota,2023-07-01,14,2.6
Jackson County,Missouri,2023-07-01,29,4
St. Louis County,Missouri,2023-07-01,24,2.4
St. Louis city,Missouri,2023-07-01,24,8.5
Clark County,Nevada,2023-07-01,131,5.6
Washoe County,Nevada,2023-07-01,25,5
Essex County,New Jersey,2023-07-01,33,3.8
Bernalillo County,New Mexico,2023-07-01,44,6.5
Bronx County,New York,2023-07-01,77,5.6
Erie County,New York,2023-07-01,34,3.6
Kings County,New York,2023-07-01,74,2.9
Monroe County,New York,2023-07-01,44,5.9
New York County,New York,2023-07-01,75,4.6
Queens County,New York,2023-07-01,47,2
Suffolk County,New York,2023-07-01,23,1.5
Mecklenburg County,North Carolina,2023-07-01,40,3.4
Cuyahoga County,Ohio,2023-07-01,63,5.1
Franklin County,Ohio,2023-07-01,78,5.8
Montgomery County,Ohio,2023-07-01,30,5.6
Oklahoma County,Oklahoma,2023-07-01,27,3.3
Tulsa County,Oklahoma,2023-07-01,25,3.6
Allegheny County,Pennsylvania,2023-07-01,55,4.5
Philadelphia County,Pennsylvania,2023-07-01,124,7.9
Davidson County,Tennessee,2023-07-01,54,7.5
Knox County,Tennessee,2023-07-01,37,7.4
Shelby County,Tennessee,2023-07-01,33,3.6
Bexar County,Texas,2023-07-01,49,2.3
Dallas County,Texas,2023-07-01,59,2.2
Harris County,Texas,2023-07-01,107,2.2
Tarrant County,Texas,2023-07-01,48,2.2
Travis County,Texas,2023-07-01,54,4
Salt Lake County,Utah,2023-07-01,24,2
King County,Washington,2023-07-01,123,5.4
Pierce County,Washington,2023-07-01,41,4.4
Snohomish County,Washington,2023-07-01,30,3.5
Spokane County,Washington,2023-07-01,27,4.9
Milwaukee County,Wisconsin,2023-07-01,67,7.3
Jefferson County,Alabama,2023-08-01,36,5.4
Anchorage Borough,Alaska,2023-08-01,20,6.9
Maricopa County,Arizona,2023-08-01,190,4.1
Pima County,Arizona,2023-08-01,50,4.7
Alameda County,California,2023-08-01,39,2.4
Contra Costa County,California,2023-08-01,22,1.9
Fresno County,California,2023-08-01,14,1.4
Kern County,California,2023-08-01,39,4.3
Los Angeles County,California,2023-08-01,239,2.5
Orange County,California,2023-08-01,62,2
Riverside County,California,2023-08-01,76,3
Sacramento County,California,2023-08-01,48,3
San Bernardino County,California,2023-08-01,44,2
San Diego County,California,2023-08-01,88,2.7
San Francisco County,California,2023-08-01,78,9.5
San Joaquin County,California,2023-08-01,14,1.7
Santa Clara County,California,2023-08-01,33,1.7
Ventura County,California,2023-08-01,17,2
Adams County,Colorado,2023-08-01,18,3.4
Arapahoe County,Colorado,2023-08-01,20,3
Denver County,Colorado,2023-08-01,46,6.4
El Paso County,Colorado,2023-08-01,21,2.8
Jefferson County,Colorado,2023-08-01,18,3.1
Hartford County,Connecticut,2023-08-01,41,4.6
New Haven County,Connecticut,2023-08-01,33,3.8
New Castle County,Delaware,2023-08-01,28,4.8
"Washington, D.C.","Washington, D.C.",2023-08-01,54,7.9
Brevard County,Florida,2023-08-01,26,4
Broward County,Florida,2023-08-01,56,2.8
Duval County,Florida,2023-08-01,54,5.2
Hillsborough County,Florida,2023-08-01,44,2.8
Miami-Dade County,Florida,2023-08-01,23,0.8
Orange County,Florida,2023-08-01,45,3
Palm Beach County,Florida,2023-08-01,36,2.3
Pinellas County,Florida,2023-08-01,40,4.1
Fulton County,Georgia,2023-08-01,35,3.2
Honolulu County,Hawaii,2023-08-01,28,2.8
Cook County,Illinois,2023-08-01,176,3.4
Marion County,Indiana,2023-08-01,62,6.4
Sedgwick County,Kansas,2023-08-01,17,3.2
Jefferson County,Kentucky,2023-08-01,51,6.5
Orleans Parish,Louisiana,2023-08-01,46,12.6
Baltimore city,Maryland,2023-08-01,75,13.2
Suffolk County,Massachusetts,2023-08-01,43,5.5
Wayne County,Michigan,2023-08-01,76,4.3
Hennepin County,Minnesota,2023-08-01,40,3.2
Ramsey County,Minnesota,2023-08-01,23,4.3
Jackson County,Missouri,2023-08-01,33,4.6
St. Louis County,Missouri,2023-08-01,27,2.7
St. Louis city,Missouri,2023-08-01,33,11.7
Clark County,Nevada,2023-08-01,100,4.2
Washoe County,Nevada,2023-08-01,29,5.8
Essex County,New Jersey,2023-08-01,48,5.6
Bernalillo County,New Mexico,2023-08-01,38,5.6
Bronx County,New York,2023-08-01,89,6.5
Erie County,New York,2023-08-01,26,2.7
Kings County,New York,2023-08-01,71,2.7
Monroe County,New York,2023-08-01,52,6.9
New York County,New York,2023-08-01,59,3.6
Queens County,New York,2023-08-01,42,1.8
Suffolk County,New York,2023-08-01,46,3
Mecklenburg County,North Carolina,2023-08-01,25,2.1
Cuyahoga County,Ohio,2023-08-01,54,4.4
Franklin County,Ohio,2023-08-01,69,5.2
Montgomery County,Ohio,2023-08-01,31,5.8
Oklahoma County,Oklahoma,2023-08-01,29,3.6
Tulsa County,Oklahoma,2023-08-01,32,4.7
Allegheny County,Pennsylvania,2023-08-01,55,4.5
Philadelphia County,Pennsylvania,2023-08-01,80,5.1
Davidson County,Tennessee,2023-08-01,68,9.5
Knox County,Tennessee,2023-08-01,44,8.8
Shelby County,Tennessee,2023-08-01,46,5
Bexar County,Texas,2023-08-01,44,2.1
Dallas County,Texas,2023-08-01,95,3.6
Harris County,Texas,2023-08-01,110,2.2
Tarrant County,Texas,2023-08-01,67,3
Travis County,Texas,2023-08-01,34,2.5
Salt Lake County,Utah,2023-08-01,22,1.8
King County,Washington,2023-08-01,104,4.5
Pierce County,Washington,2023-08-01,37,4
Snohomish County,Washington,2023-08-01,25,2.9
Spokane County,Washington,2023-08-01,20,3.6
Milwaukee County,Wisconsin,2023-08-01,60,6.5
Jefferson County,Alabama,2023-09-01,39,5.9
Anchorage Borough,Alaska,2023-09-01,25,8.7
Maricopa County,Arizona,2023-09-01,127,2.8
Pima County,Arizona,2023-09-01,31,2.9
Alameda County,California,2023-09-01,38,2.3
Contra Costa County,California,2023-09-01,16,1.4
Fresno County,California,2023-09-01,15,1.5
Kern County,California,2023-09-01,33,3.6
Los Angeles County,California,2023-09-01,189,1.9
Orange County,California,2023-09-01,72,2.3
Riverside County,California,2023-09-01,66,2.6
Sacramento County,California,2023-09-01,56,3.5
San Bernardino County,California,2023-09-01,48,2.2
San Diego County,California,2023-09-01,63,1.9
San Francisco County,California,2023-09-01,49,6
San Joaquin County,California,2023-09-01,21,2.6
Santa Clara County,California,2023-09-01,29,1.5
Ventura County,California,2023-09-01,14,1.7
Adams County,Colorado,2023-09-01,18,3.4
Arapahoe County,Colorado,2023-09-01,15,2.3
Denver County,Colorado,2023-09-01,41,5.7
El Paso County,Colorado,2023-09-01,13,1.7
Jefferson County,Colorado,2023-09-01,16,2.8
Hartford County,Connecticut,2023-09-01,35,3.9
New Haven County,Connecticut,2023-09-01,36,4.2
New Castle County,Delaware,2023-09-01,17,2.9
"Washington, D.C.","Washington, D.C.",2023-09-01,47,6.8
Brevard County,Florida,2023-09-01,22,3.4
Broward County,Florida,2023-09-01,55,2.7
Duval County,Florida,2023-09-01,37,3.6
Hillsborough County,Florida,2023-09-01,45,2.9
Miami-Dade County,Florida,2023-09-01,26,0.9
Orange County,Florida,2023-09-01,31,2.1
Palm Beach County,Florida,2023-09-01,37,2.4
Pinellas County,Florida,2023-09-01,37,3.8
Fulton County,Georgia,2023-09-01,37,3.4
Honolulu County,Hawaii,2023-09-01,14,1.4
Cook County,Illinois,2023-09-01,150,2.9
Marion County,Indiana,2023-09-01,40,4.1
Sedgwick County,Kansas,2023-09-01,16,3
Jefferson County,Kentucky,2023-09-01,43,5.5
Orleans Parish,Louisiana,2023-09-01,40,11
Baltimore city,Maryland,2023-09-01,74,13
Suffolk County,Massachusetts,2023-09-01,38,4.9
Wayne County,Michigan,2023-09-01,94,5.3
Hennepin County,Minnesota,2023-09-01,47,3.7
Ramsey County,Minnesota,2023-09-01,21,3.9
Jackson County,Missouri,2023-09-01,21,2.9
St. Louis County,Missouri,2023-09-01,27,2.7
St. Louis city,Missouri,2023-09-01,34,12
Clark County,Nevada,2023-09-01,80,3.4
Washoe County,Nevada,2023-09-01,20,4
Essex County,New Jersey,2023-09-01,31,3.6
Bernalillo County,New Mexico,2023-09-01,31,4.6
Bronx County,New York,2023-09-01,57,4.1
Erie County,New York,2023-09-01,38,4
Kings County,New York,2023-09-01,58,2.2
Monroe County,New York,2023-09-01,29,3.9
New York County,New York,2023-09-01,59,3.6
Queens County,New York,2023-09-01,39,1.7
Suffolk County,New York,2023-09-01,27,1.8
Mecklenburg County,North Carolina,2023-09-01,36,3.1
Cuyahoga County,Ohio,2023-09-01,55,4.4
Franklin County,Ohio,2023-09-01,46,3.4
Montgomery County,Ohio,2023-09-01,24,4.5
Oklahoma County,Oklahoma,2023-09-01,31,3.8
Tulsa County,Oklahoma,2023-09-01,23,3.4
Allegheny County,Pennsylvania,2023-09-01,51,4.1
Philadelphia County,Pennsylvania,2023-09-01,81,5.2
Davidson County,Tennessee,2023-09-01,63,8.8
Knox County,Tennessee,2023-09-01,38,7.6
Shelby County,Tennessee,2023-09-01,51,5.6
Bexar County,Texas,2023-09-01,40,1.9
Dallas County,Texas,2023-09-01,45,1.7
Harris County,Texas,2023-09-01,78,1.6
Tarrant County,Texas,2023-09-01,41,1.9
Travis County,Texas,2023-09-01,33,2.4
Salt Lake County,Utah,2023-09-01,27,2.2
King County,Washington,2023-09-01,116,5.1
Pierce County,Washington,2023-09-01,40,4.3
Snohomish County,Washington,2023-09-01,21,2.5
Spokane County,Washington,2023-09-01,17,3.1
Milwaukee County,Wisconsin,2023-09-01,53,5.7
Jefferson County,Alabama,2023-10-01,40,6
Anchorage Borough,Alaska,2023-10-01,16,5.6
Maricopa County,Arizona,2023-10-01,121,2.6
Pima County,Arizona,2023-10-01,37,3.5
Alameda County,California,2023-10-01,40,2.4
Contra Costa County,California,2023-10-01,23,2
Fresno County,California,2023-10-01,17,1.7
Kern County,California,2023-10-01,39,4.3
Los Angeles County,California,2023-10-01,167,1.7
Orange County,California,2023-10-01,58,1.8
Riverside County,California,2023-10-01,67,2.7
Sacramento County,California,2023-10-01,58,3.6
San Bernardino County,California,2023-10-01,36,1.6
San Diego County,California,2023-10-01,64,1.9
San Francisco County,California,2023-10-01,61,7.4
San Joaquin County,California,2023-10-01,22,2.7
Santa Clara County,California,2023-10-01,23,1.2
Ventura County,California,2023-10-01,16,1.9
Adams County,Colorado,2023-10-01,14,2.6
Arapahoe County,Colorado,2023-10-01,14,2.1
Denver County,Colorado,2023-10-01,49,6.8
El Paso County,Colorado,2023-10-01,19,2.5
Jefferson County,Colorado,2023-10-01,16,2.8
Hartford County,Connecticut,2023-10-01,32,3.6
New Haven County,Connecticut,2023-10-01,23,2.7
New Castle County,Delaware,2023-10-01,26,4.5
"Washington, D.C.","Washington, D.C.",2023-10-01,40,5.8
Brevard County,Florida,2023-10-01,19,2.9
Broward County,Florida,2023-10-01,54,2.7
Duval County,Florida,2023-10-01,37,3.6
Hillsborough County,Florida,2023-10-01,42,2.7
Miami-Dade County,Florida,2023-10-01,29,1
Orange County,Florida,2023-10-01,34,2.3
Palm Beach County,Florida,2023-10-01,50,3.2
Pinellas County,Florida,2023-10-01,26,2.7
Fulton County,Georgia,2023-10-01,39,3.6
Cook County,Illinois,2023-10-01,164,3.2
Marion County,Indiana,2023-10-01,52,5.3
Sedgwick County,Kansas,2023-10-01,15,2.8
Jefferson County,Kentucky,2023-10-01,44,5.6
Orleans Parish,Louisiana,2023-10-01,31,8.5
Baltimore city,Maryland,2023-10-01,106,18.7
Suffolk County,Massachusetts,2023-10-01,36,4.6
Wayne County,Michigan,2023-10-01,89,5.1
Hennepin County,Minnesota,2023-10-01,49,3.9
Ramsey County,Minnesota,2023-10-01,17,3.2
Jackson County,Missouri,2023-10-01,25,3.5
St. Louis County,Missouri,2023-10-01,21,2.1
St. Louis city,Missouri,2023-10-01,23,8.1
Clark County,Nevada,2023-10-01,69,2.9
Washoe County,Nevada,2023-10-01,31,6.2
Essex County,New Jersey,2023-10-01,45,5.2
Bernalillo County,New Mexico,2023-10-01,42,6.2
Bronx County,New York,2023-10-01,89,6.5
Erie County,New York,2023-10-01,35,3.7
Kings County,New York,2023-10-01,64,2.5
Monroe County,New York,2023-10-01,41,5.5
New York County,New York,2023-10-01,53,3.2
Queens County,New York,2023-10-01,33,1.4
Suffolk County,New York,2023-10-01,42,2.7
Mecklenburg County,North Carolina,2023-10-01,28,2.4
Cuyahoga County,Ohio,2023-10-01,48,3.9
Franklin County,Ohio,2023-10-01,55,4.1
Montgomery County,Ohio,2023-10-01,21,3.9
Oklahoma County,Oklahoma,2023-10-01,32,3.9
Tulsa County,Oklahoma,2023-10-01,25,3.6
Allegheny County,Pennsylvania,2023-10-01,72,5.9
Philadelphia County,Pennsylvania,2023-10-01,100,6.4
Davidson County,Tennessee,2023-10-01,63,8.8
Knox County,Tennessee,2023-10-01,33,6.6
Shelby County,Tennessee,2023-10-01,40,4.4
Bexar County,Texas,2023-10-01,42,2
Dallas County,Texas,2023-10-01,46,1.7
Harris County,Texas,2023-10-01,79,1.6
Tarrant County,Texas,2023-10-01,48,2.2
Travis County,Texas,2023-10-01,26,1.9
Salt Lake County,Utah,2023-10-01,21,1.7
King County,Washington,2023-10-01,113,4.9
Pierce County,Washington,2023-10-01,37,4
Snohomish County,Washington,2023-10-01,20,2.4
Spokane County,Washington,2023-10-01,19,3.4
Milwaukee County,Wisconsin,2023-10-01,47,5.1
Jefferson County,Alabama,2023-11-01,34,5.1
Anchorage Borough,Alaska,2023-11-01,24,8.3
Maricopa County,Arizona,2023-11-01,128,2.8
Pima County,Arizona,2023-11-01,38,3.6
Alameda County,California,2023-11-01,23,1.4
Contra Costa County,California,2023-11-01,20,1.7
Fresno County,California,2023-11-01,19,1.9
Kern County,California,2023-11-01,42,4.6
Los Angeles County,California,2023-11-01,157,1.6
Orange County,California,2023-11-01,62,2
Riverside County,California,2023-11-01,52,2.1
Sacramento County,California,2023-11-01,42,2.6
San Bernardino County,California,2023-11-01,53,2.4
San Diego County,California,2023-11-01,56,1.7
San Francisco County,California,2023-11-01,49,6
San Joaquin County,California,2023-11-01,17,2.1
Santa Clara County,California,2023-11-01,33,1.7
Ventura County,California,2023-11-01,16,1.9
Adams County,Colorado,2023-11-01,16,3
Arapahoe County,Colorado,2023-11-01,21,3.2
Denver County,Colorado,2023-11-01,56,7.8
El Paso County,Colorado,2023-11-01,25,3.3
Jefferson County,Colorado,2023-11-01,14,2.4
Hartford County,Connecticut,2023-11-01,29,3.2
New Haven County,Connecticut,2023-11-01,32,3.7
New Castle County,Delaware,2023-11-01,26,4.5
"Washington, D.C.","Washington, D.C.",2023-11-01,41,6
Brevard County,Florida,2023-11-01,25,3.9
Broward County,Florida,2023-11-01,49,2.4
Duval County,Florida,2023-11-01,33,3.2
Hillsborough County,Florida,2023-11-01,38,2.4
Miami-Dade County,Florida,2023-11-01,23,0.8
Orange County,Florida,2023-11-01,32,2.1
Palm Beach County,Florida,2023-11-01,33,2.1
Pinellas County,Florida,2023-11-01,28,2.9
Fulton County,Georgia,2023-11-01,36,3.3
Honolulu County,Hawaii,2023-11-01,14,1.4
Cook County,Illinois,2023-11-01,144,2.8
Marion County,Indiana,2023-11-01,48,4.9
Sedgwick County,Kansas,2023-11-01,10,1.9
Jefferson County,Kentucky,2023-11-01,44,5.6
Orleans Parish,Louisiana,2023-11-01,26,7.1
Baltimore city,Maryland,2023-11-01,91,16
Suffolk County,Massachusetts,2023-11-01,36,4.6
Wayne County,Michigan,2023-11-01,58,3.3
Hennepin County,Minnesota,2023-11-01,35,2.8
Ramsey County,Minnesota,2023-11-01,25,4.6
Jackson County,Missouri,2023-11-01,25,3.5
St. Louis County,Missouri,2023-11-01,16,1.6
St. Louis city,Missouri,2023-11-01,29,10.3
Clark County,Nevada,2023-11-01,83,3.5
Washoe County,Nevada,2023-11-01,12,2.4
Essex County,New Jersey,2023-11-01,21,2.4
Bernalillo County,New Mexico,2023-11-01,38,5.6
Bronx County,New York,2023-11-01,61,4.4
Erie County,New York,2023-11-01,35,3.7
Kings County,New York,2023-11-01,49,1.9
Monroe County,New York,2023-11-01,33,4.4
New York County,New York,2023-11-01,52,3.2
Queens County,New York,2023-11-01,29,1.3
Suffolk County,New York,2023-11-01,35,2.3
Mecklenburg County,North Carolina,2023-11-01,27,2.3
Cuyahoga County,Ohio,2023-11-01,40,3.2
Franklin County,Ohio,2023-11-01,60,4.5
Montgomery County,Ohio,2023-11-01,23,4.3
Oklahoma County,Oklahoma,2023-11-01,31,3.8
Tulsa County,Oklahoma,2023-11-01,25,3.6
Allegheny County,Pennsylvania,2023-11-01,36,2.9
Philadelphia County,Pennsylvania,2023-11-01,100,6.4
Davidson County,Tennessee,2023-11-01,54,7.5
Knox County,Tennessee,2023-11-01,41,8.2
Shelby County,Tennessee,2023-11-01,34,3.7
Bexar County,Texas,2023-11-01,34,1.6
Dallas County,Texas,2023-11-01,59,2.2
Harris County,Texas,2023-11-01,84,1.7
Tarrant County,Texas,2023-11-01,35,1.6
Travis County,Texas,2023-11-01,24,1.8
Salt Lake County,Utah,2023-11-01,31,2.6
King County,Washington,2023-11-01,103,4.5
Pierce County,Washington,2023-11-01,37,4
Snohomish County,Washington,2023-11-01,18,2.1
Spokane County,Washington,2023-11-01,25,4.5
Milwaukee County,Wisconsin,2023-11-01,68,7.4
Jefferson County,Alabama,2023-12-01,38,5.7
Anchorage Borough,Alaska,2023-12-01,36,12.5
Maricopa County,Arizona,2023-12-01,100,2.2
Pima County,Arizona,2023-12-01,33,3.1
Alameda County,California,2023-12-01,25,1.5
Contra Costa County,California,2023-12-01,17,1.5
Fresno County,California,2023-12-01,23,2.3
Kern County,California,2023-12-01,44,4.8
Los Angeles County,California,2023-12-01,214,2.2
Orange County,California,2023-12-01,55,1.7
Riverside County,California,2023-12-01,58,2.3
Sacramento County,California,2023-12-01,45,2.8
San Bernardino County,California,2023-12-01,29,1.3
San Diego County,California,2023-12-01,84,2.6
San Francisco County,California,2023-12-01,42,5.1
San Joaquin County,California,2023-12-01,25,3.1
Santa Clara County,California,2023-12-01,25,1.3
Ventura County,California,2023-12-01,20,2.4
Adams County,Colorado,2023-12-01,13,2.4
Arapahoe County,Colorado,2023-12-01,22,3.3
Denver County,Colorado,2023-12-01,36,5
El Paso County,Colorado,2023-12-01,17,2.3
Jefferson County,Colorado,2023-12-01,15,2.6
Hartford County,Connecticut,2023-12-01,20,2.2
New Haven County,Connecticut,2023-12-01,41,4.7
New Castle County,Delaware,2023-12-01,14,2.4
"Washington, D.C.","Washington, D.C.",2023-12-01,49,7.1
Brevard County,Florida,2023-12-01,14,2.2
Broward County,Florida,2023-12-01,45,2.2
Duval County,Florida,2023-12-01,35,3.4
Hillsborough County,Florida,2023-12-01,43,2.8
Miami-Dade County,Florida,2023-12-01,22,0.8
Orange County,Florida,2023-12-01,35,2.3
Palm Beach County,Florida,2023-12-01,41,2.6
Pinellas County,Florida,2023-12-01,32,3.3
Fulton County,Georgia,2023-12-01,34,3.1
Honolulu County,Hawaii,2023-12-01,14,1.4
Cook County,Illinois,2023-12-01,150,2.9
Marion County,Indiana,2023-12-01,52,5.3
Sedgwick County,Kansas,2023-12-01,12,2.3
Jefferson County,Kentucky,2023-12-01,52,6.6
Orleans Parish,Louisiana,2023-12-01,41,11.2
Baltimore city,Maryland,2023-12-01,91,16
Suffolk County,Massachusetts,2023-12-01,40,5.1
Wayne County,Michigan,2023-12-01,77,4.4
Hennepin County,Minnesota,2023-12-01,42,3.3
Ramsey County,Minnesota,2023-12-01,18,3.3
Jackson County,Missouri,2023-12-01,27,3.7
St. Louis County,Missouri,2023-12-01,26,2.6
St. Louis city,Missouri,2023-12-01,22,7.8
Clark County,Nevada,2023-12-01,75,3.2
Washoe County,Nevada,2023-12-01,24,4.8
Essex County,New Jersey,2023-12-01,27,3.1
Bernalillo County,New Mexico,2023-12-01,36,5.4
Bronx County,New York,2023-12-01,68,4.9
Erie County,New York,2023-12-01,26,2.7
Kings County,New York,2023-12-01,72,2.8
Monroe County,New York,2023-12-01,49,6.5
New York County,New York,2023-12-01,52,3.2
Queens County,New York,2023-12-01,40,1.7
Suffolk County,New York,2023-12-01,36,2.4
Mecklenburg County,North Carolina,2023-12-01,25,2.1
Cuyahoga County,Ohio,2023-12-01,36,2.9
Franklin County,Ohio,2023-12-01,69,5.2
Montgomery County,Ohio,2023-12-01,17,3.2
Oklahoma County,Oklahoma,2023-12-01,30,3.7
Tulsa County,Oklahoma,2023-12-01,32,4.7
Allegheny County,Pennsylvania,2023-12-01,53,4.3
Philadelphia County,Pennsylvania,2023-12-01,105,6.7
Davidson County,Tennessee,2023-12-01,55,7.6
Knox County,Tennessee,2023-12-01,44,8.8
Shelby County,Tennessee,2023-12-01,29,3.2
Bexar County,Texas,2023-12-01,34,1.6
Dallas County,Texas,2023-12-01,51,1.9
Harris County,Texas,2023-12-01,85,1.7
Tarrant County,Texas,2023-12-01,35,1.6
Travis County,Texas,2023-12-01,32,2.4
Salt Lake County,Utah,2023-12-01,31,2.6
King County,Washington,2023-12-01,85,3.7
Pierce County,Washington,2023-12-01,41,4.4
Snohomish County,Washington,2023-12-01,27,3.2
Spokane County,Washington,2023-12-01,29,5.2
Milwaukee County,Wisconsin,2023-12-01,41,4.4
Jefferson County,Alabama,2024-01-01,38,5.7
Anchorage Borough,Alaska,2024-01-01,29,10
Maricopa County,Arizona,2024-01-01,102,2.2
Pima County,Arizona,2024-01-01,42,3.9
Alameda County,California,2024-01-01,41,2.5
Contra Costa County,California,2024-01-01,18,1.5
Fresno County,California,2024-01-01,26,2.5
Kern County,California,2024-01-01,31,3.4
Los Angeles County,California,2024-01-01,197,2
Orange County,California,2024-01-01,61,1.9
Riverside County,California,2024-01-01,55,2.2
Sacramento County,California,2024-01-01,45,2.8
San Bernardino County,California,2024-01-01,39,1.8
San Diego County,California,2024-01-01,59,1.8
San Francisco County,California,2024-01-01,63,7.6
San Joaquin County,California,2024-01-01,21,2.6
Santa Clara County,California,2024-01-01,28,1.5
Ventura County,California,2024-01-01,18,2.2
Adams County,Colorado,2024-01-01,21,3.9
Arapahoe County,Colorado,2024-01-01,17,2.5
Denver County,Colorado,2024-01-01,29,4
El Paso County,Colorado,2024-01-01,20,2.7
Jefferson County,Colorado,2024-01-01,16,2.8
Hartford County,Connecticut,2024-01-01,28,3.1
New Haven County,Connecticut,2024-01-01,28,3.2
New Castle County,Delaware,2024-01-01,23,3.9
"Washington, D.C.","Washington, D.C.",2024-01-01,32,4.6
Brevard County,Florida,2024-01-01,17,2.6
Broward County,Florida,2024-01-01,48,2.4
Duval County,Florida,2024-01-01,46,4.4
Hillsborough County,Florida,2024-01-01,43,2.7
Miami-Dade County,Florida,2024-01-01,30,1.1
Orange County,Florida,2024-01-01,30,2
Palm Beach County,Florida,2024-01-01,19,1.2
Pinellas County,Florida,2024-01-01,42,4.3
Fulton County,Georgia,2024-01-01,31,2.8
Honolulu County,Hawaii,2024-01-01,20,2
Cook County,Illinois,2024-01-01,128,2.5
Marion County,Indiana,2024-01-01,44,4.5
Sedgwick County,Kansas,2024-01-01,23,4.3
Jefferson County,Kentucky,2024-01-01,42,5.3
Orleans Parish,Louisiana,2024-01-01,20,5.5
Baltimore city,Maryland,2024-01-01,87,15.3
Suffolk County,Massachusetts,2024-01-01,42,5.3
Wayne County,Michigan,2024-01-01,68,3.8
Hennepin County,Minnesota,2024-01-01,40,3.1
Ramsey County,Minnesota,2024-01-01,20,3.7
Jackson County,Missouri,2024-01-01,16,2.2
St. Louis County,Missouri,2024-01-01,23,2.3
St. Louis city,Missouri,2024-01-01,38,13.6
Clark County,Nevada,2024-01-01,90,3.8
Washoe County,Nevada,2024-01-01,19,3.7
Essex County,New Jersey,2024-01-01,35,4
Bernalillo County,New Mexico,2024-01-01,32,4.8
Bronx County,New York,2024-01-01,74,5.3
Erie County,New York,2024-01-01,39,4.1
Kings County,New York,2024-01-01,55,2.1
Monroe County,New York,2024-01-01,31,4.1
New York County,New York,2024-01-01,48,2.9
Queens County,New York,2024-01-01,32,1.4
Suffolk County,New York,2024-01-01,38,2.5
Mecklenburg County,North Carolina,2024-01-01,35,2.9
Cuyahoga County,Ohio,2024-01-01,33,2.7
Franklin County,Ohio,2024-01-01,55,4.1
Montgomery County,Ohio,2024-01-01,16,3
Oklahoma County,Oklahoma,2024-01-01,34,4.2
Tulsa County,Oklahoma,2024-01-01,23,3.3
Allegheny County,Pennsylvania,2024-01-01,43,3.5
Philadelphia County,Pennsylvania,2024-01-01,102,6.5
Davidson County,Tennessee,2024-01-01,56,7.7
Knox County,Tennessee,2024-01-01,40,7.9
Shelby County,Tennessee,2024-01-01,32,3.5
Bexar County,Texas,2024-01-01,27,1.3
Dallas County,Texas,2024-01-01,66,2.5
Harris County,Texas,2024-01-01,84,1.7
Tarrant County,Texas,2024-01-01,39,1.7
Travis County,Texas,2024-01-01,28,2.1
Salt Lake County,Utah,2024-01-01,21,1.7
King County,Washington,2024-01-01,94,4
Pierce County,Washington,2024-01-01,41,4.4
Snohomish County,Washington,2024-01-01,22,2.5
Spokane County,Washington,2024-01-01,26,4.7
Milwaukee County,Wisconsin,2024-01-01,42,4.5
Jefferson County,Alabama,2024-02-01,35,5.3
Anchorage Borough,Alaska,2024-02-01,26,9
Maricopa County,Arizona,2024-02-01,110,2.4
Pima County,Arizona,2024-02-01,30,2.8
Alameda County,California,2024-02-01,32,1.9
Contra Costa County,California,2024-02-01,17,1.4
Fresno County,California,2024-02-01,15,1.5
Kern County,California,2024-02-01,24,2.6
Los Angeles County,California,2024-02-01,164,1.7
Orange County,California,2024-02-01,58,1.8
Riverside County,California,2024-02-01,38,1.5
Sacramento County,California,2024-02-01,62,3.8
San Bernardino County,California,2024-02-01,37,1.7
San Diego County,California,2024-02-01,62,1.9
San Francisco County,California,2024-02-01,59,7.1
San Joaquin County,California,2024-02-01,13,1.6
Santa Clara County,California,2024-02-01,29,1.5
Ventura County,California,2024-02-01,14,1.7
Adams County,Colorado,2024-02-01,20,3.7
Arapahoe County,Colorado,2024-02-01,18,2.7
Denver County,Colorado,2024-02-01,43,5.9
El Paso County,Colorado,2024-02-01,16,2.1
Hartford County,Connecticut,2024-02-01,33,3.7
New Haven County,Connecticut,2024-02-01,24,2.8
New Castle County,Delaware,2024-02-01,24,4.1
"Washington, D.C.","Washington, D.C.",2024-02-01,35,5
Brevard County,Florida,2024-02-01,22,3.3
Broward County,Florida,2024-02-01,37,1.8
Duval County,Florida,2024-02-01,33,3.1
Hillsborough County,Florida,2024-02-01,47,3
Miami-Dade County,Florida,2024-02-01,33,1.2
Orange County,Florida,2024-02-01,30,2
Palm Beach County,Florida,2024-02-01,37,2.3
Pinellas County,Florida,2024-02-01,30,3.1
Fulton County,Georgia,2024-02-01,19,1.7
Honolulu County,Hawaii,2024-02-01,12,1.2
Cook County,Illinois,2024-02-01,121,2.3
Marion County,Indiana,2024-02-01,43,4.4
Sedgwick County,Kansas,2024-02-01,18,3.4
Jefferson County,Kentucky,2024-02-01,36,4.5
Orleans Parish,Louisiana,2024-02-01,25,6.9
Baltimore city,Maryland,2024-02-01,74,13
Suffolk County,Massachusetts,2024-02-01,21,2.6
Wayne County,Michigan,2024-02-01,62,3.5
Hennepin County,Minnesota,2024-02-01,23,1.8
Ramsey County,Minnesota,2024-02-01,15,2.8
Jackson County,Missouri,2024-02-01,34,4.7
St. Louis County,Missouri,2024-02-01,25,2.5
St. Louis city,Missouri,2024-02-01,18,6.4
Clark County,Nevada,2024-02-01,77,3.2
Washoe County,Nevada,2024-02-01,23,4.5
Essex County,New Jersey,2024-02-01,35,4
Bernalillo County,New Mexico,2024-02-01,35,5.2
Bronx County,New York,2024-02-01,65,4.7
Erie County,New York,2024-02-01,26,2.7
Kings County,New York,2024-02-01,59,2.3
Monroe County,New York,2024-02-01,38,5.1
New York County,New York,2024-02-01,52,3.1
Queens County,New York,2024-02-01,44,1.9
Suffolk County,New York,2024-02-01,30,2
Mecklenburg County,North Carolina,2024-02-01,18,1.5
Cuyahoga County,Ohio,2024-02-01,29,2.3
Franklin County,Ohio,2024-02-01,46,3.4
Montgomery County,Ohio,2024-02-01,22,4.1
Oklahoma County,Oklahoma,2024-02-01,34,4.2
Tulsa County,Oklahoma,2024-02-01,23,3.3
Allegheny County,Pennsylvania,2024-02-01,39,3.2
Philadelphia County,Pennsylvania,2024-02-01,107,6.8
Davidson County,Tennessee,2024-02-01,41,5.6
Knox County,Tennessee,2024-02-01,38,7.5
Shelby County,Tennessee,2024-02-01,35,3.8
Bexar County,Texas,2024-02-01,40,1.9
Dallas County,Texas,2024-02-01,55,2.1
Harris County,Texas,2024-02-01,89,1.8
Tarrant County,Texas,2024-02-01,39,1.7
Travis County,Texas,2024-02-01,33,2.4
Salt Lake County,Utah,2024-02-01,27,2.2
King County,Washington,2024-02-01,99,4.2
Pierce County,Washington,2024-02-01,40,4.3
Snohomish County,Washington,2024-02-01,34,3.9
Spokane County,Washington,2024-02-01,37,6.7
Milwaukee County,Wisconsin,2024-02-01,47,5.1
Jefferson County,Alabama,2024-03-01,37,5.6
Anchorage Borough,Alaska,2024-03-01,16,5.5
Maricopa County,Arizona,2024-03-01,143,3.1
Pima County,Arizona,2024-03-01,27,2.5
Alameda County,California,2024-03-01,36,2.2
Contra Costa County,California,2024-03-01,17,1.4
Fresno County,California,2024-03-01,27,2.6
Kern County,California,2024-03-01,48,5.2
Los Angeles County,California,2024-03-01,182,1.9
Orange County,California,2024-03-01,54,1.7
Riverside County,California,2024-03-01,63,2.5
Sacramento County,California,2024-03-01,42,2.6
San Bernardino County,California,2024-03-01,38,1.7
San Diego County,California,2024-03-01,62,1.9
San Francisco County,California,2024-03-01,65,7.9
Santa Clara County,California,2024-03-01,22,1.1
Ventura County,California,2024-03-01,16,1.9
Adams County,Colorado,2024-03-01,11,2
Arapahoe County,Colorado,2024-03-01,17,2.5
Denver County,Colorado,2024-03-01,43,5.9
El Paso County,Colorado,2024-03-01,18,2.4
Jefferson County,Colorado,2024-03-01,17,2.9
Hartford County,Connecticut,2024-03-01,30,3.3
New Haven County,Connecticut,2024-03-01,36,4.2
New Castle County,Delaware,2024-03-01,21,3.6
"Washington, D.C.","Washington, D.C.",2024-03-01,38,5.4
Brevard County,Florida,2024-03-01,28,4.3
Broward County,Florida,2024-03-01,44,2.2
Duval County,Florida,2024-03-01,23,2.2
Hillsborough County,Florida,2024-03-01,30,1.9
Miami-Dade County,Florida,2024-03-01,27,1
Orange County,Florida,2024-03-01,36,2.3
Palm Beach County,Florida,2024-03-01,44,2.8
Pinellas County,Florida,2024-03-01,43,4.5
Fulton County,Georgia,2024-03-01,24,2.2
Honolulu County,Hawaii,2024-03-01,19,1.9
Cook County,Illinois,2024-03-01,127,2.5
Marion County,Indiana,2024-03-01,44,4.5
Sedgwick County,Kansas,2024-03-01,16,3
Jefferson County,Kentucky,2024-03-01,32,4
Orleans Parish,Louisiana,2024-03-01,30,8.3
Baltimore city,Maryland,2024-03-01,65,11.4
Suffolk County,Massachusetts,2024-03-01,27,3.4
Wayne County,Michigan,2024-03-01,61,3.4
Hennepin County,Minnesota,2024-03-01,35,2.7
Ramsey County,Minnesota,2024-03-01,14,2.6
Jackson County,Missouri,2024-03-01,22,3
St. Louis County,Missouri,2024-03-01,17,1.7
St. Louis city,Missouri,2024-03-01,26,9.3
Clark County,Nevada,2024-03-01,81,3.4
Washoe County,Nevada,2024-03-01,19,3.7
Essex County,New Jersey,2024-03-01,22,2.5
Bernalillo County,New Mexico,2024-03-01,27,4
Bronx County,New York,2024-03-01,52,3.8
Erie County,New York,2024-03-01,44,4.6
Kings County,New York,2024-03-01,45,1.7
Monroe County,New York,2024-03-01,23,3.1
New York County,New York,2024-03-01,44,2.6
Queens County,New York,2024-03-01,37,1.6
Suffolk County,New York,2024-03-01,38,2.5
Mecklenburg County,North Carolina,2024-03-01,36,3
Cuyahoga County,Ohio,2024-03-01,33,2.7
Franklin County,Ohio,2024-03-01,56,4.1
Montgomery County,Ohio,2024-03-01,23,4.3
Oklahoma County,Oklahoma,2024-03-01,23,2.8
Tulsa County,Oklahoma,2024-03-01,20,2.9
Allegheny County,Pennsylvania,2024-03-01,32,2.6
Philadelphia County,Pennsylvania,2024-03-01,87,5.5
Davidson County,Tennessee,2024-03-01,37,5.1
Knox County,Tennessee,2024-03-01,28,5.5
Shelby County,Tennessee,2024-03-01,27,3
Bexar County,Texas,2024-03-01,28,1.3
Dallas County,Texas,2024-03-01,55,2.1
Harris County,Texas,2024-03-01,93,1.9
Tarrant County,Texas,2024-03-01,34,1.5
Travis County,Texas,2024-03-01,27,2
Salt Lake County,Utah,2024-03-01,24,2
King County,Washington,2024-03-01,97,4.1
Pierce County,Washington,2024-03-01,37,3.9
Snohomish County,Washington,2024-03-01,21,2.4
Spokane County,Washington,2024-03-01,26,4.7
Milwaukee County,Wisconsin,2024-03-01,38,4.1
Jefferson County,Alabama,2024-04-01,23,3.5
Anchorage Borough,Alaska,2024-04-01,20,6.9
Maricopa County,Arizona,2024-04-01,116,2.5
Pima County,Arizona,2024-04-01,31,2.9
Alameda County,California,2024-04-01,36,2.2
Contra Costa County,California,2024-04-01,18,1.5
Fresno County,California,2024-04-01,23,2.2
Kern County,California,2024-04-01,28,3
Los Angeles County,California,2024-04-01,152,1.6
Orange County,California,2024-04-01,46,1.5
Riverside County,California,2024-04-01,63,2.5
Sacramento County,California,2024-04-01,54,3.4
San Bernardino County,California,2024-04-01,43,1.9
San Diego County,California,2024-04-01,58,1.8
San Francisco County,California,2024-04-01,53,6.4
San Joaquin County,California,2024-04-01,13,1.6
Santa Clara County,California,2024-04-01,30,1.6
Ventura County,California,2024-04-01,11,1.3
Adams County,Colorado,2024-04-01,19,3.5
Arapahoe County,Colorado,2024-04-01,19,2.8
Denver County,Colorado,2024-04-01,40,5.5
El Paso County,Colorado,2024-04-01,16,2.1
Jefferson County,Colorado,2024-04-01,14,2.4
Hartford County,Connecticut,2024-04-01,28,3.1
New Haven County,Connecticut,2024-04-01,19,2.2
New Castle County,Delaware,2024-04-01,19,3.2
"Washington, D.C.","Washington, D.C.",2024-04-01,33,4.7
Brevard County,Florida,2024-04-01,14,2.1
Broward County,Florida,2024-04-01,33,1.6
Duval County,Florida,2024-04-01,26,2.5
Hillsborough County,Florida,2024-04-01,32,2
Miami-Dade County,Florida,2024-04-01,23,0.8
Orange County,Florida,2024-04-01,26,1.7
Palm Beach County,Florida,2024-04-01,29,1.8
Pinellas County,Florida,2024-04-01,43,4.5
Fulton County,Georgia,2024-04-01,28,2.6
Honolulu County,Hawaii,2024-04-01,14,1.4
Cook County,Illinois,2024-04-01,132,2.5
Marion County,Indiana,2024-04-01,46,4.7
Sedgwick County,Kansas,2024-04-01,12,2.2
Jefferson County,Kentucky,2024-04-01,47,5.9
Orleans Parish,Louisiana,2024-04-01,29,8
Baltimore city,Maryland,2024-04-01,73,12.8
Suffolk County,Massachusetts,2024-04-01,25,3.2
Wayne County,Michigan,2024-04-01,61,3.4
Hennepin County,Minnesota,2024-04-01,35,2.7
Ramsey County,Minnesota,2024-04-01,18,3.3
Jackson County,Missouri,2024-04-01,26,3.6
St. Louis County,Missouri,2024-04-01,16,1.6
St. Louis city,Missouri,2024-04-01,30,10.7
Clark County,Nevada,2024-04-01,76,3.2
Washoe County,Nevada,2024-04-01,27,5.3
Essex County,New Jersey,2024-04-01,34,3.9
Bernalillo County,New Mexico,2024-04-01,24,3.6
Bronx County,New York,2024-04-01,71,5.1
Erie County,New York,2024-04-01,37,3.9
Kings County,New York,2024-04-01,51,1.9
Monroe County,New York,2024-04-01,36,4.8
New York County,New York,2024-04-01,38,2.3
Queens County,New York,2024-04-01,30,1.3
Suffolk County,New York,2024-04-01,23,1.5
Mecklenburg County,North Carolina,2024-04-01,29,2.4
Cuyahoga County,Ohio,2024-04-01,44,3.5
Franklin County,Ohio,2024-04-01,57,4.2
Montgomery County,Ohio,2024-04-01,12,2.2
Oklahoma County,Oklahoma,2024-04-01,22,2.7
Tulsa County,Oklahoma,2024-04-01,17,2.5
Allegheny County,Pennsylvania,2024-04-01,47,3.8
Philadelphia County,Pennsylvania,2024-04-01,65,4.1
Davidson County,Tennessee,2024-04-01,44,6
Knox County,Tennessee,2024-04-01,33,6.5
Shelby County,Tennessee,2024-04-01,27,3
Bexar County,Texas,2024-04-01,28,1.3
Dallas County,Texas,2024-04-01,58,2.2
Harris County,Texas,2024-04-01,88,1.8
Tarrant County,Texas,2024-04-01,47,2.1
Travis County,Texas,2024-04-01,45,3.3
Salt Lake County,Utah,2024-04-01,35,2.9
King County,Washington,2024-04-01,111,4.7
Pierce County,Washington,2024-04-01,34,3.6
Snohomish County,Washington,2024-04-01,31,3.6
Spokane County,Washington,2024-04-01,30,5.4
Milwaukee County,Wisconsin,2024-04-01,44,4.8
Jefferson County,Alabama,2024-05-01,28,4.2
Anchorage Borough,Alaska,2024-05-01,18,6.2
Maricopa County,Arizona,2024-05-01,114,2.4
Pima County,Arizona,2024-05-01,37,3.4
Alameda County,California,2024-05-01,36,2.2
Contra Costa County,California,2024-05-01,16,1.4
Fresno County,California,2024-05-01,13,1.3
Kern County,California,2024-05-01,33,3.6
Los Angeles County,California,2024-05-01,140,1.4
Orange County,California,2024-05-01,52,1.6
Riverside County,California,2024-05-01,44,1.7
Sacramento County,California,2024-05-01,50,3.1
San Bernardino County,California,2024-05-01,32,1.4
San Diego County,California,2024-05-01,77,2.3
San Francisco County,California,2024-05-01,63,7.6
San Joaquin County,California,2024-05-01,25,3.1
Santa Clara County,California,2024-05-01,22,1.1
Ventura County,California,2024-05-01,19,2.3
Adams County,Colorado,2024-05-01,26,4.8
Arapahoe County,Colorado,2024-05-01,18,2.7
Denver County,Colorado,2024-05-01,33,4.5
El Paso County,Colorado,2024-05-01,16,2.1
Jefferson County,Colorado,2024-05-01,12,2.1
Hartford County,Connecticut,2024-05-01,28,3.1
New Haven County,Connecticut,2024-05-01,26,3
New Castle County,Delaware,2024-05-01,14,2.4
"Washington, D.C.","Washington, D.C.",2024-05-01,38,5.4
Brevard County,Florida,2024-05-01,19,2.9
Broward County,Florida,2024-05-01,40,2
Duval County,Florida,2024-05-01,41,3.9
Hillsborough County,Florida,2024-05-01,34,2.1
Miami-Dade County,Florida,2024-05-01,35,1.2
Orange County,Florida,2024-05-01,27,1.8
Palm Beach County,Florida,2024-05-01,33,2.1
Pinellas County,Florida,2024-05-01,43,4.5
Fulton County,Georgia,2024-05-01,18,1.7
Honolulu County,Hawaii,2024-05-01,21,2.1
Cook County,Illinois,2024-05-01,138,2.7
Marion County,Indiana,2024-05-01,33,3.4
Sedgwick County,Kansas,2024-05-01,15,2.8
Jefferson County,Kentucky,2024-05-01,45,5.7
Orleans Parish,Louisiana,2024-05-01,22,6.1
Baltimore city,Maryland,2024-05-01,56,9.9
Suffolk County,Massachusetts,2024-05-01,32,4
Wayne County,Michigan,2024-05-01,56,3.2
Hennepin County,Minnesota,2024-05-01,33,2.6
Ramsey County,Minnesota,2024-05-01,20,3.7
Jackson County,Missouri,2024-05-01,30,4.1
St. Louis County,Missouri,2024-05-01,24,2.4
St. Louis city,Missouri,2024-05-01,16,5.7
Clark County,Nevada,2024-05-01,80,3.3
Washoe County,Nevada,2024-05-01,22,4.3
Essex County,New Jersey,2024-05-01,22,2.5
Bernalillo County,New Mexico,2024-05-01,28,4.2
Bronx County,New York,2024-05-01,61,4.4
Erie County,New York,2024-05-01,26,2.7
Kings County,New York,2024-05-01,49,1.9
Monroe County,New York,2024-05-01,19,2.5
New York County,New York,2024-05-01,52,3.1
Queens County,New York,2024-05-01,31,1.3
Suffolk County,New York,2024-05-01,23,1.5
Mecklenburg County,North Carolina,2024-05-01,22,1.8
Cuyahoga County,Ohio,2024-05-01,42,3.4
Franklin County,Ohio,2024-05-01,54,4
Montgomery County,Ohio,2024-05-01,11,2
Oklahoma County,Oklahoma,2024-05-01,28,3.4
Tulsa County,Oklahoma,2024-05-01,23,3.3
Allegheny County,Pennsylvania,2024-05-01,38,3.1
Philadelphia County,Pennsylvania,2024-05-01,77,4.9
Davidson County,Tennessee,2024-05-01,45,6.2
Knox County,Tennessee,2024-05-01,39,7.7
Shelby County,Tennessee,2024-05-01,31,3.4
Bexar County,Texas,2024-05-01,38,1.8
Dallas County,Texas,2024-05-01,54,2
Harris County,Texas,2024-05-01,88,1.8
Tarrant County,Texas,2024-05-01,40,1.8
Travis County,Texas,2024-05-01,37,2.7
Salt Lake County,Utah,2024-05-01,23,1.9
King County,Washington,2024-05-01,85,3.6
Pierce County,Washington,2024-05-01,37,3.9
Snohomish County,Washington,2024-05-01,28,3.2
Spokane County,Washington,2024-05-01,30,5.4
Milwaukee County,Wisconsin,2024-05-01,45,4.9
Jefferson County,Alabama,2024-06-01,23,3.5
Anchorage Borough,Alaska,2024-06-01,24,8.3
Maricopa County,Arizona,2024-06-01,155,3.3
Pima County,Arizona,2024-06-01,29,2.7
Alameda County,California,2024-06-01,23,1.4
Contra Costa County,California,2024-06-01,17,1.4
Fresno County,California,2024-06-01,24,2.3
Kern County,California,2024-06-01,36,3.9
Los Angeles County,California,2024-06-01,168,1.7
Orange County,California,2024-06-01,66,2.1
Riverside County,California,2024-06-01,51,2
Sacramento County,California,2024-06-01,39,2.4
San Bernardino County,California,2024-06-01,38,1.7
San Diego County,California,2024-06-01,62,1.9
San Francisco County,California,2024-06-01,48,5.8
San Joaquin County,California,2024-06-01,26,3.2
Santa Clara County,California,2024-06-01,23,1.2
Ventura County,California,2024-06-01,13,1.6
Adams County,Colorado,2024-06-01,17,3.1
Arapahoe County,Colorado,2024-06-01,23,3.4
Denver County,Colorado,2024-06-01,36,4.9
El Paso County,Colorado,2024-06-01,16,2.1
Jefferson County,Colorado,2024-06-01,17,2.9
Hartford County,Connecticut,2024-06-01,33,3.7
New Haven County,Connecticut,2024-06-01,35,4
New Castle County,Delaware,2024-06-01,28,4.8
"Washington, D.C.","Washington, D.C.",2024-06-01,29,4.1
Brevard County,Florida,2024-06-01,26,3.9
Broward County,Florida,2024-06-01,32,1.6
Duval County,Florida,2024-06-01,20,1.9
Hillsborough County,Florida,2024-06-01,32,2
Miami-Dade County,Florida,2024-06-01,35,1.2
Orange County,Florida,2024-06-01,28,1.8
Palm Beach County,Florida,2024-06-01,25,1.6
Pinellas County,Florida,2024-06-01,31,3.2
Fulton County,Georgia,2024-06-01,27,2.5
Honolulu County,Hawaii,2024-06-01,27,2.7
Cook County,Illinois,2024-06-01,105,2
Marion County,Indiana,2024-06-01,34,3.5
Sedgwick County,Kansas,2024-06-01,17,3.2
Jefferson County,Kentucky,2024-06-01,34,4.3
Orleans Parish,Louisiana,2024-06-01,25,6.9
Baltimore city,Maryland,2024-06-01,84,14.8
Suffolk County,Massachusetts,2024-06-01,17,2.1
Wayne County,Michigan,2024-06-01,54,3
Hennepin County,Minnesota,2024-06-01,28,2.2
Ramsey County,Minnesota,2024-06-01,17,3.1
Jackson County,Missouri,2024-06-01,22,3
St. Louis County,Missouri,2024-06-01,23,2.3
St. Louis city,Missouri,2024-06-01,16,5.7
Clark County,Nevada,2024-06-01,105,4.4
Washoe County,Nevada,2024-06-01,29,5.7
Essex County,New Jersey,2024-06-01,23,2.6
Bernalillo County,New Mexico,2024-06-01,23,3.4
Bronx County,New York,2024-06-01,55,4
Erie County,New York,2024-06-01,33,3.5
Kings County,New York,2024-06-01,62,2.4
Monroe County,New York,2024-06-01,20,2.7
New York County,New York,2024-06-01,41,2.5
Queens County,New York,2024-06-01,20,0.9
Suffolk County,New York,2024-06-01,29,1.9
Mecklenburg County,North Carolina,2024-06-01,27,2.2
Cuyahoga County,Ohio,2024-06-01,34,2.7
Franklin County,Ohio,2024-06-01,48,3.5
Montgomery County,Ohio,2024-06-01,14,2.6
Oklahoma County,Oklahoma,2024-06-01,32,3.9
Tulsa County,Oklahoma,2024-06-01,35,5
Allegheny County,Pennsylvania,2024-06-01,33,2.7
Philadelphia County,Pennsylvania,2024-06-01,95,6
Davidson County,Tennessee,2024-06-01,44,6
Knox County,Tennessee,2024-06-01,26,5.1
Shelby County,Tennessee,2024-06-01,29,3.2
Bexar County,Texas,2024-06-01,43,2
Dallas County,Texas,2024-06-01,55,2.1
Harris County,Texas,2024-06-01,77,1.5
Tarrant County,Texas,2024-06-01,47,2.1
Travis County,Texas,2024-06-01,34,2.5
Salt Lake County,Utah,2024-06-01,28,2.3
King County,Washington,2024-06-01,74,3.2
Pierce County,Washington,2024-06-01,27,2.9
Snohomish County,Washington,2024-06-01,24,2.8
Spokane County,Washington,2024-06-01,32,5.8
Milwaukee County,Wisconsin,2024-06-01,36,3.9
Jefferson County,Alabama,2024-07-01,21,3.2
Anchorage Borough,Alaska,2024-07-01,17,5.9
Maricopa County,Arizona,2024-07-01,230,4.9
Pima County,Arizona,2024-07-01,42,3.9
Alameda County,California,2024-07-01,22,1.3
Contra Costa County,California,2024-07-01,13,1.1
Fresno County,California,2024-07-01,21,2.1
Kern County,California,2024-07-01,52,5.6
Los Angeles County,California,2024-07-01,140,1.4
Orange County,California,2024-07-01,56,1.8
Riverside County,California,2024-07-01,75,3
Sacramento County,California,2024-07-01,41,2.5
San Bernardino County,California,2024-07-01,40,1.8
San Diego County,California,2024-07-01,56,1.7
San Francisco County,California,2024-07-01,39,4.7
San Joaquin County,California,2024-07-01,27,3.3
Santa Clara County,California,2024-07-01,24,1.2
Ventura County,California,2024-07-01,13,1.6
Adams County,Colorado,2024-07-01,10,1.8
Arapahoe County,Colorado,2024-07-01,19,2.8
Denver County,Colorado,2024-07-01,41,5.6
El Paso County,Colorado,2024-07-01,10,1.3
Hartford County,Connecticut,2024-07-01,21,2.3
New Haven County,Connecticut,2024-07-01,18,2.1
New Castle County,Delaware,2024-07-01,14,2.4
"Washington, D.C.","Washington, D.C.",2024-07-01,38,5.4
Brevard County,Florida,2024-07-01,22,3.3
Broward County,Florida,2024-07-01,29,1.4
Duval County,Florida,2024-07-01,23,2.2
Hillsborough County,Florida,2024-07-01,35,2.2
Miami-Dade County,Florida,2024-07-01,23,0.8
Orange County,Florida,2024-07-01,31,2
Palm Beach County,Florida,2024-07-01,26,1.6
Pinellas County,Florida,2024-07-01,45,4.7
Fulton County,Georgia,2024-07-01,29,2.7
Honolulu County,Hawaii,2024-07-01,28,2.8
Cook County,Illinois,2024-07-01,129,2.5
Marion County,Indiana,2024-07-01,42,4.3
Jefferson County,Kentucky,2024-07-01,26,3.3
Orleans Parish,Louisiana,2024-07-01,31,8.5
Baltimore city,Maryland,2024-07-01,65,11.4
Suffolk County,Massachusetts,2024-07-01,22,2.8
Wayne County,Michigan,2024-07-01,43,2.4
Hennepin County,Minnesota,2024-07-01,36,2.8
Ramsey County,Minnesota,2024-07-01,18,3.3
Jackson County,Missouri,2024-07-01,25,3.4
St. Louis County,Missouri,2024-07-01,15,1.5
St. Louis city,Missouri,2024-07-01,23,8.2
Clark County,Nevada,2024-07-01,124,5.2
Washoe County,Nevada,2024-07-01,13,2.6
Essex County,New Jersey,2024-07-01,19,2.2
Bernalillo County,New Mexico,2024-07-01,29,4.3
Bronx County,New York,2024-07-01,59,4.3
Erie County,New York,2024-07-01,26,2.7
Kings County,New York,2024-07-01,36,1.4
Monroe County,New York,2024-07-01,26,3.5
New York County,New York,2024-07-01,42,2.5
Queens County,New York,2024-07-01,39,1.7
Suffolk County,New York,2024-07-01,19,1.2
Mecklenburg County,North Carolina,2024-07-01,30,2.5
Cuyahoga County,Ohio,2024-07-01,42,3.4
Franklin County,Ohio,2024-07-01,36,2.7
Montgomery County,Ohio,2024-07-01,10,1.9
Oklahoma County,Oklahoma,2024-07-01,37,4.5
Tulsa County,Oklahoma,2024-07-01,18,2.6
Allegheny County,Pennsylvania,2024-07-01,38,3.1
Philadelphia County,Pennsylvania,2024-07-01,93,5.9
Davidson County,Tennessee,2024-07-01,46,6.3
Knox County,Tennessee,2024-07-01,24,4.7
Shelby County,Tennessee,2024-07-01,43,4.7
Bexar County,Texas,2024-07-01,59,2.8
Dallas County,Texas,2024-07-01,59,2.2
Harris County,Texas,2024-07-01,84,1.7
Tarrant County,Texas,2024-07-01,40,1.8
Travis County,Texas,2024-07-01,27,2
Salt Lake County,Utah,2024-07-01,35,2.9
King County,Washington,2024-07-01,85,3.6
Pierce County,Washington,2024-07-01,32,3.4
Snohomish County,Washington,2024-07-01,25,2.9
Spokane County,Washington,2024-07-01,30,5.4
Milwaukee County,Wisconsin,2024-07-01,36,3.9
Jefferson County,Alabama,2024-08-01,37,5.6
Anchorage Borough,Alaska,2024-08-01,16,5.5
Maricopa County,Arizona,2024-08-01,171,3.7
Pima County,Arizona,2024-08-01,36,3.3
Alameda County,California,2024-08-01,30,1.8
Contra Costa County,California,2024-08-01,14,1.2
Fresno County,California,2024-08-01,29,2.8
Kern County,California,2024-08-01,28,3
Los Angeles County,California,2024-08-01,131,1.3
Orange County,California,2024-08-01,51,1.6
Riverside County,California,2024-08-01,51,2
Sacramento County,California,2024-08-01,40,2.5
San Bernardino County,California,2024-08-01,38,1.7
San Diego County,California,2024-08-01,55,1.7
San Francisco County,California,2024-08-01,42,5.1
San Joaquin County,California,2024-08-01,17,2.1
Santa Clara County,California,2024-08-01,22,1.1
Adams County,Colorado,2024-08-01,12,2.2
Arapahoe County,Colorado,2024-08-01,11,1.6
Denver County,Colorado,2024-08-01,24,3.3
Jefferson County,Colorado,2024-08-01,14,2.4
Hartford County,Connecticut,2024-08-01,24,2.7
New Haven County,Connecticut,2024-08-01,30,3.5
New Castle County,Delaware,2024-08-01,16,2.7
"Washington, D.C.","Washington, D.C.",2024-08-01,29,4.1
Brevard County,Florida,2024-08-01,12,1.8
Broward County,Florida,2024-08-01,36,1.8
Duval County,Florida,2024-08-01,15,1.4
Hillsborough County,Florida,2024-08-01,15,0.9
Miami-Dade County,Florida,2024-08-01,21,0.7
Orange County,Florida,2024-08-01,27,1.8
Palm Beach County,Florida,2024-08-01,25,1.6
Pinellas County,Florida,2024-08-01,40,4.1
Fulton County,Georgia,2024-08-01,24,2.2
Honolulu County,Hawaii,2024-08-01,19,1.9
Cook County,Illinois,2024-08-01,115,2.2
Marion County,Indiana,2024-08-01,36,3.7
Jefferson County,Kentucky,2024-08-01,33,4.2
Orleans Parish,Louisiana,2024-08-01,16,4.4
Baltimore city,Maryland,2024-08-01,57,10
Suffolk County,Massachusetts,2024-08-01,22,2.8
Wayne County,Michigan,2024-08-01,51,2.9
Hennepin County,Minnesota,2024-08-01,32,2.5
Ramsey County,Minnesota,2024-08-01,14,2.6
Jackson County,Missouri,2024-08-01,25,3.4
St. Louis County,Missouri,2024-08-01,15,1.5
St. Louis city,Missouri,2024-08-01,17,6.1
Clark County,Nevada,2024-08-01,103,4.3
Washoe County,Nevada,2024-08-01,13,2.6
Essex County,New Jersey,2024-08-01,27,3.1
Bernalillo County,New Mexico,2024-08-01,31,4.6
Bronx County,New York,2024-08-01,54,3.9
Erie County,New York,2024-08-01,33,3.5
Kings County,New York,2024-08-01,51,1.9
Monroe County,New York,2024-08-01,22,2.9
New York County,New York,2024-08-01,52,3.1
Queens County,New York,2024-08-01,29,1.3
Suffolk County,New York,2024-08-01,22,1.4
Mecklenburg County,North Carolina,2024-08-01,21,1.7
Cuyahoga County,Ohio,2024-08-01,41,3.3
Franklin County,Ohio,2024-08-01,53,3.9
Montgomery County,Ohio,2024-08-01,23,4.3
Oklahoma County,Oklahoma,2024-08-01,20,2.4
Tulsa County,Oklahoma,2024-08-01,21,3
Allegheny County,Pennsylvania,2024-08-01,32,2.6
Philadelphia County,Pennsylvania,2024-08-01,83,5.3
Davidson County,Tennessee,2024-08-01,43,5.9
Knox County,Tennessee,2024-08-01,23,4.5
Shelby County,Tennessee,2024-08-01,34,3.7
Bexar County,Texas,2024-08-01,47,2.2
Dallas County,Texas,2024-08-01,52,2
Harris County,Texas,2024-08-01,102,2
Tarrant County,Texas,2024-08-01,50,2.2
Travis County,Texas,2024-08-01,38,2.8
Salt Lake County,Utah,2024-08-01,22,1.8
King County,Washington,2024-08-01,70,3
Pierce County,Washington,2024-08-01,16,1.7
Spokane County,Washington,2024-08-01,18,3.2
Milwaukee County,Wisconsin,2024-08-01,34,3.7
Jefferson County,Alabama,2024-09-01,26,3.9
Maricopa County,Arizona,2024-09-01,120,2.6
Pima County,Arizona,2024-09-01,26,2.4
Alameda County,California,2024-09-01,20,1.2
Contra Costa County,California,2024-09-01,15,1.3
Fresno County,California,2024-09-01,19,1.9
Kern County,California,2024-09-01,20,2.2
Los Angeles County,California,2024-09-01,173,1.8
Orange County,California,2024-09-01,45,1.4
Riverside County,California,2024-09-01,50,2
Sacramento County,California,2024-09-01,39,2.4
San Bernardino County,California,2024-09-01,34,1.5
San Diego County,California,2024-09-01,50,1.5
San Francisco County,California,2024-09-01,40,4.8
San Joaquin County,California,2024-09-01,12,1.5
Santa Clara County,California,2024-09-01,21,1.1
Ventura County,California,2024-09-01,15,1.8
Adams County,Colorado,2024-09-01,19,3.5
Denver County,Colorado,2024-09-01,25,3.4
Hartford County,Connecticut,2024-09-01,24,2.7
New Haven County,Connecticut,2024-09-01,23,2.7
New Castle County,Delaware,2024-09-01,12,2
"Washington, D.C.","Washington, D.C.",2024-09-01,26,3.7
Broward County,Florida,2024-09-01,38,1.9
Duval County,Florida,2024-09-01,37,3.5
Hillsborough County,Florida,2024-09-01,24,1.5
Miami-Dade County,Florida,2024-09-01,20,0.7
Orange County,Florida,2024-09-01,16,1
Palm Beach County,Florida,2024-09-01,22,1.4
Pinellas County,Florida,2024-09-01,16,1.7
Fulton County,Georgia,2024-09-01,28,2.6
Honolulu County,Hawaii,2024-09-01,20,2
Cook County,Illinois,2024-09-01,108,2.1
Marion County,Indiana,2024-09-01,32,3.3
Sedgwick County,Kansas,2024-09-01,16,3
Jefferson County,Kentucky,2024-09-01,22,2.8
Orleans Parish,Louisiana,2024-09-01,20,5.5
Baltimore city,Maryland,2024-09-01,62,10.9
Suffolk County,Massachusetts,2024-09-01,13,1.6
Wayne County,Michigan,2024-09-01,43,2.4
Hennepin County,Minnesota,2024-09-01,30,2.4
Ramsey County,Minnesota,2024-09-01,16,3
Jackson County,Missouri,2024-09-01,20,2.7
St. Louis County,Missouri,2024-09-01,10,1
St. Louis city,Missouri,2024-09-01,12,4.3
Clark County,Nevada,2024-09-01,57,2.4
Washoe County,Nevada,2024-09-01,19,3.7
Essex County,New Jersey,2024-09-01,25,2.8
Bernalillo County,New Mexico,2024-09-01,21,3.1
Bronx County,New York,2024-09-01,63,4.5
Erie County,New York,2024-09-01,22,2.3
Kings County,New York,2024-09-01,18,0.7
Monroe County,New York,2024-09-01,17,2.3
New York County,New York,2024-09-01,42,2.5
Queens County,New York,2024-09-01,24,1
Suffolk County,New York,2024-09-01,26,1.7
Mecklenburg County,North Carolina,2024-09-01,27,2.2
Cuyahoga County,Ohio,2024-09-01,30,2.4
Franklin County,Ohio,2024-09-01,37,2.7
Montgomery County,Ohio,2024-09-01,14,2.6
Oklahoma County,Oklahoma,2024-09-01,18,2.2
Tulsa County,Oklahoma,2024-09-01,13,1.9
Allegheny County,Pennsylvania,2024-09-01,38,3.1
Philadelphia County,Pennsylvania,2024-09-01,61,3.9
Davidson County,Tennessee,2024-09-01,31,4.2
Knox County,Tennessee,2024-09-01,22,4.3
Shelby County,Tennessee,2024-09-01,30,3.3
Bexar County,Texas,2024-09-01,33,1.6
Dallas County,Texas,2024-09-01,34,1.3
Harris County,Texas,2024-09-01,65,1.3
Tarrant County,Texas,2024-09-01,29,1.3
Travis County,Texas,2024-09-01,17,1.2
Salt Lake County,Utah,2024-09-01,22,1.8
King County,Washington,2024-09-01,51,2.2
Pierce County,Washington,2024-09-01,28,3
Snohomish County,Washington,2024-09-01,13,1.5
Spokane County,Washington,2024-09-01,28,5
Milwaukee County,Wisconsin,2024-09-01,39,4.2
Jefferson County,Alabama,2024-10-01,18,2.7
Anchorage Borough,Alaska,2024-10-01,18,6.2
Maricopa County,Arizona,2024-10-01,113,2.4
Pima County,Arizona,2024-10-01,25,2.3
Alameda County,California,2024-10-01,35,2.1
Contra Costa County,California,2024-10-01,11,0.9
Fresno County,California,2024-10-01,19,1.9
Kern County,California,2024-10-01,27,2.9
Los Angeles County,California,2024-10-01,162,1.7
Orange County,California,2024-10-01,34,1.1
Riverside County,California,2024-10-01,53,2.1
Sacramento County,California,2024-10-01,48,3
San Bernardino County,California,2024-10-01,35,1.6
San Diego County,California,2024-10-01,64,1.9
San Francisco County,California,2024-10-01,37,4.5
Santa Clara County,California,2024-10-01,20,1
Ventura County,California,2024-10-01,17,2
Adams County,Colorado,2024-10-01,11,2
Arapahoe County,Colorado,2024-10-01,15,2.2
Denver County,Colorado,2024-10-01,27,3.7
El Paso County,Colorado,2024-10-01,12,1.6
Jefferson County,Colorado,2024-10-01,18,3.1
Hartford County,Connecticut,2024-10-01,23,2.6
New Haven County,Connecticut,2024-10-01,21,2.4
New Castle County,Delaware,2024-10-01,11,1.9
"Washington, D.C.","Washington, D.C.",2024-10-01,24,3.4
Brevard County,Florida,2024-10-01,11,1.7
Broward County,Florida,2024-10-01,25,1.2
Duval County,Florida,2024-10-01,22,2.1
Hillsborough County,Florida,2024-10-01,18,1.1
Miami-Dade County,Florida,2024-10-01,17,0.6
Orange County,Florida,2024-10-01,18,1.2
Palm Beach County,Florida,2024-10-01,18,1.1
Pinellas County,Florida,2024-10-01,23,2.4
Fulton County,Georgia,2024-10-01,23,2.1
Honolulu County,Hawaii,2024-10-01,18,1.8
Cook County,Illinois,2024-10-01,95,1.8
Marion County,Indiana,2024-10-01,35,3.6
Sedgwick County,Kansas,2024-10-01,12,2.2
Jefferson County,Kentucky,2024-10-01,29,3.7
Orleans Parish,Louisiana,2024-10-01,13,3.6
Baltimore city,Maryland,2024-10-01,45,7.9
Suffolk County,Massachusetts,2024-10-01,22,2.8
Wayne County,Michigan,2024-10-01,32,1.8
Hennepin County,Minnesota,2024-10-01,24,1.9
Jackson County,Missouri,2024-10-01,26,3.6
St. Louis city,Missouri,2024-10-01,28,10
Clark County,Nevada,2024-10-01,67,2.8
Washoe County,Nevada,2024-10-01,12,2.4
Essex County,New Jersey,2024-10-01,20,2.3
Bernalillo County,New Mexico,2024-10-01,30,4.5
Bronx County,New York,2024-10-01,42,3
Erie County,New York,2024-10-01,18,1.9
Kings County,New York,2024-10-01,23,0.9
Monroe County,New York,2024-10-01,17,2.3
New York County,New York,2024-10-01,31,1.9
Queens County,New York,2024-10-01,20,0.9
Suffolk County,New York,2024-10-01,17,1.1
Mecklenburg County,North Carolina,2024-10-01,15,1.2
Cuyahoga County,Ohio,2024-10-01,30,2.4
Franklin County,Ohio,2024-10-01,36,2.7
Montgomery County,Ohio,2024-10-01,19,3.5
Oklahoma County,Oklahoma,2024-10-01,14,1.7
Tulsa County,Oklahoma,2024-10-01,22,3.2
Allegheny County,Pennsylvania,2024-10-01,31,2.5
Philadelphia County,Pennsylvania,2024-10-01,90,5.7
Davidson County,Tennessee,2024-10-01,36,4.9
Knox County,Tennessee,2024-10-01,23,4.5
Shelby County,Tennessee,2024-10-01,26,2.9
Bexar County,Texas,2024-10-01,32,1.5
Dallas County,Texas,2024-10-01,47,1.8
Harris County,Texas,2024-10-01,85,1.7
Tarrant County,Texas,2024-10-01,34,1.5
Travis County,Texas,2024-10-01,19,1.4
Salt Lake County,Utah,2024-10-01,26,2.1
King County,Washington,2024-10-01,51,2.2
Pierce County,Washington,2024-10-01,35,3.7
Snohomish County,Washington,2024-10-01,18,2.1
Spokane County,Washington,2024-10-01,29,5.2
Milwaukee County,Wisconsin,2024-10-01,35,3.8
Jefferson County,Alabama,2024-11-01,28,4.2
Anchorage Borough,Alaska,2024-11-01,18,6.2
Maricopa County,Arizona,2024-11-01,146,3.1
Pima County,Arizona,2024-11-01,25,2.3
Alameda County,California,2024-11-01,18,1.1
Contra Costa County,California,2024-11-01,14,1.2
Fresno County,California,2024-11-01,19,1.9
Kern County,California,2024-11-01,29,3.1
Los Angeles County,California,2024-11-01,144,1.5
Orange County,California,2024-11-01,37,1.2
Riverside County,California,2024-11-01,46,1.8
Sacramento County,California,2024-11-01,43,2.7
San Bernardino County,California,2024-11-01,29,1.3
San Diego County,California,2024-11-01,60,1.8
San Francisco County,California,2024-11-01,34,4.1
San Joaquin County,California,2024-11-01,18,2.2
Santa Clara County,California,2024-11-01,17,0.9
Ventura County,California,2024-11-01,13,1.6
Adams County,Colorado,2024-11-01,14,2.6
Arapahoe County,Colorado,2024-11-01,14,2.1
Denver County,Colorado,2024-11-01,35,4.8
El Paso County,Colorado,2024-11-01,16,2.1
Jefferson County,Colorado,2024-11-01,16,2.8
Hartford County,Connecticut,2024-11-01,18,2
New Haven County,Connecticut,2024-11-01,15,1.7
New Castle County,Delaware,2024-11-01,17,2.9
"Washington, D.C.","Washington, D.C.",2024-11-01,18,2.6
Brevard County,Florida,2024-11-01,27,4.1
Broward County,Florida,2024-11-01,24,1.2
Duval County,Florida,2024-11-01,25,2.4
Hillsborough County,Florida,2024-11-01,23,1.5
Miami-Dade County,Florida,2024-11-01,24,0.8
Orange County,Florida,2024-11-01,18,1.2
Palm Beach County,Florida,2024-11-01,27,1.7
Pinellas County,Florida,2024-11-01,13,1.3
Fulton County,Georgia,2024-11-01,29,2.7
Cook County,Illinois,2024-11-01,88,1.7
Marion County,Indiana,2024-11-01,36,3.7
Sedgwick County,Kansas,2024-11-01,16,3
Jefferson County,Kentucky,2024-11-01,38,4.8
Orleans Parish,Louisiana,2024-11-01,17,4.7
Baltimore city,Maryland,2024-11-01,49,8.6
Suffolk County,Massachusetts,2024-11-01,19,2.4
Wayne County,Michigan,2024-11-01,30,1.7
Hennepin County,Minnesota,2024-11-01,22,1.7
Ramsey County,Minnesota,2024-11-01,12,2.2
Jackson County,Missouri,2024-11-01,22,3
St. Louis County,Missouri,2024-11-01,14,1.4
St. Louis city,Missouri,2024-11-01,21,7.5
Clark County,Nevada,2024-11-01,52,2.2
Washoe County,Nevada,2024-11-01,15,3
Essex County,New Jersey,2024-11-01,18,2
Bernalillo County,New Mexico,2024-11-01,23,3.4
Bronx County,New York,2024-11-01,60,4.3
Erie County,New York,2024-11-01,18,1.9
Kings County,New York,2024-11-01,31,1.2
Monroe County,New York,2024-11-01,23,3.1
New York County,New York,2024-11-01,37,2.2
Queens County,New York,2024-11-01,21,0.9
Suffolk County,New York,2024-11-01,24,1.6
Mecklenburg County,North Carolina,2024-11-01,22,1.8
Cuyahoga County,Ohio,2024-11-01,32,2.6
Franklin County,Ohio,2024-11-01,35,2.6
Montgomery County,Ohio,2024-11-01,19,3.5
Oklahoma County,Oklahoma,2024-11-01,14,1.7
Tulsa County,Oklahoma,2024-11-01,21,3
Allegheny County,Pennsylvania,2024-11-01,27,2.2
Philadelphia County,Pennsylvania,2024-11-01,64,4.1
Davidson County,Tennessee,2024-11-01,35,4.8
Knox County,Tennessee,2024-11-01,19,3.7
Shelby County,Tennessee,2024-11-01,13,1.4
Bexar County,Texas,2024-11-01,31,1.5
Dallas County,Texas,2024-11-01,44,1.7
Harris County,Texas,2024-11-01,62,1.2
Tarrant County,Texas,2024-11-01,34,1.5
Travis County,Texas,2024-11-01,17,1.2
Salt Lake County,Utah,2024-11-01,15,1.2
King County,Washington,2024-11-01,102,4.4
Pierce County,Washington,2024-11-01,30,3.2
Snohomish County,Washington,2024-11-01,29,3.4
Spokane County,Washington,2024-11-01,26,4.7
Milwaukee County,Wisconsin,2024-11-01,21,2.3
Jefferson County,Alabama,2024-12-01,27,4.1
Anchorage Borough,Alaska,2024-12-01,10,3.5
Maricopa County,Arizona,2024-12-01,165,3.5
Pima County,Arizona,2024-12-01,28,2.6
Alameda County,California,2024-12-01,20,1.2
Contra Costa County,California,2024-12-01,17,1.4
Fresno County,California,2024-12-01,18,1.8
Kern County,California,2024-12-01,26,2.8
Los Angeles County,California,2024-12-01,146,1.5
Orange County,California,2024-12-01,40,1.3
Riverside County,California,2024-12-01,46,1.8
Sacramento County,California,2024-12-01,41,2.5
San Bernardino County,California,2024-12-01,43,1.9
San Diego County,California,2024-12-01,64,1.9
San Francisco County,California,2024-12-01,48,5.8
San Joaquin County,California,2024-12-01,10,1.2
Santa Clara County,California,2024-12-01,23,1.2
Ventura County,California,2024-12-01,11,1.3
Adams County,Colorado,2024-12-01,23,4.2
Arapahoe County,Colorado,2024-12-01,23,3.4
Denver County,Colorado,2024-12-01,47,6.4
Jefferson County,Colorado,2024-12-01,17,2.9
Hartford County,Connecticut,2024-12-01,18,2
New Haven County,Connecticut,2024-12-01,28,3.2
New Castle County,Delaware,2024-12-01,20,3.4
"Washington, D.C.","Washington, D.C.",2024-12-01,26,3.7
Brevard County,Florida,2024-12-01,13,2
Broward County,Florida,2024-12-01,20,1
Duval County,Florida,2024-12-01,22,2.1
Hillsborough County,Florida,2024-12-01,18,1.1
Miami-Dade County,Florida,2024-12-01,17,0.6
Orange County,Florida,2024-12-01,24,1.6
Palm Beach County,Florida,2024-12-01,18,1.1
Pinellas County,Florida,2024-12-01,19,2
Fulton County,Georgia,2024-12-01,24,2.2
Honolulu County,Hawaii,2024-12-01,22,2.2
Cook County,Illinois,2024-12-01,88,1.7
Marion County,Indiana,2024-12-01,27,2.8
Sedgwick County,Kansas,2024-12-01,23,4.3
Jefferson County,Kentucky,2024-12-01,28,3.5
Orleans Parish,Louisiana,2024-12-01,14,3.9
Baltimore city,Maryland,2024-12-01,54,9.5
Suffolk County,Massachusetts,2024-12-01,20,2.5
Wayne County,Michigan,2024-12-01,39,2.2
Hennepin County,Minnesota,2024-12-01,40,3.1
Ramsey County,Minnesota,2024-12-01,13,2.4
Jackson County,Missouri,2024-12-01,24,3.3
St. Louis County,Missouri,2024-12-01,20,2
St. Louis city,Missouri,2024-12-01,16,5.7
Clark County,Nevada,2024-12-01,74,3.1
Washoe County,Nevada,2024-12-01,17,3.4
Essex County,New Jersey,2024-12-01,17,1.9
Bernalillo County,New Mexico,2024-12-01,36,5.4
Bronx County,New York,2024-12-01,49,3.5
Erie County,New York,2024-12-01,20,2.1
Kings County,New York,2024-12-01,28,1.1
Monroe County,New York,2024-12-01,15,2
New York County,New York,2024-12-01,29,1.7
Queens County,New York,2024-12-01,23,1
Suffolk County,New York,2024-12-01,29,1.9
Mecklenburg County,North Carolina,2024-12-01,25,2.1
Cuyahoga County,Ohio,2024-12-01,26,2.1
Franklin County,Ohio,2024-12-01,35,2.6
Montgomery County,Ohio,2024-12-01,13,2.4
Oklahoma County,Oklahoma,2024-12-01,22,2.7
Tulsa County,Oklahoma,2024-12-01,24,3.5
Allegheny County,Pennsylvania,2024-12-01,25,2
Philadelphia County,Pennsylvania,2024-12-01,87,5.5
Davidson County,Tennessee,2024-12-01,39,5.3
Knox County,Tennessee,2024-12-01,15,3
Shelby County,Tennessee,2024-12-01,29,3.2
Bexar County,Texas,2024-12-01,26,1.2
Dallas County,Texas,2024-12-01,59,2.2
Harris County,Texas,2024-12-01,73,1.5
Tarrant County,Texas,2024-12-01,34,1.5
Travis County,Texas,2024-12-01,25,1.8
Salt Lake County,Utah,2024-12-01,29,2.4
King County,Washington,2024-12-01,93,4
Pierce County,Washington,2024-12-01,54,5.7
Snohomish County,Washington,2024-12-01,24,2.8
Spokane County,Washington,2024-12-01,33,5.9
Milwaukee County,Wisconsin,2024-12-01,31,3.4
Jefferson County,Alabama,2025-01-01,27,4.1
Anchorage Borough,Alaska,2025-01-01,16,5.5
Maricopa County,Arizona,2025-01-01,187,4
Pima County,Arizona,2025-01-01,43,4
Alameda County,California,2025-01-01,38,2.3
Contra Costa County,California,2025-01-01,20,1.7
Fresno County,California,2025-01-01,17,1.7
Kern County,California,2025-01-01,29,3.1
Los Angeles County,California,2025-01-01,194,2
Orange County,California,2025-01-01,41,1.3
Riverside County,California,2025-01-01,58,2.3
Sacramento County,California,2025-01-01,37,2.3
San Bernardino County,California,2025-01-01,42,1.9
San Diego County,California,2025-01-01,59,1.8
San Francisco County,California,2025-01-01,59,7.1
San Joaquin County,California,2025-01-01,17,2.1
Santa Clara County,California,2025-01-01,34,1.8
Ventura County,California,2025-01-01,10,1.2
Adams County,Colorado,2025-01-01,18,3.3
Arapahoe County,Colorado,2025-01-01,24,3.6
Denver County,Colorado,2025-01-01,36,4.9
El Paso County,Colorado,2025-01-01,14,1.9
Jefferson County,Colorado,2025-01-01,11,1.9
Hartford County,Connecticut,2025-01-01,20,2.2
New Haven County,Connecticut,2025-01-01,21,2.4
New Castle County,Delaware,2025-01-01,28,4.8
"Washington, D.C.","Washington, D.C.",2025-01-01,27,3.8
Brevard County,Florida,2025-01-01,16,2.4
Broward County,Florida,2025-01-01,29,1.4
Duval County,Florida,2025-01-01,20,1.9
Hillsborough County,Florida,2025-01-01,26,1.6
Miami-Dade County,Florida,2025-01-01,23,0.8
Orange County,Florida,2025-01-01,23,1.5
Palm Beach County,Florida,2025-01-01,20,1.3
Pinellas County,Florida,2025-01-01,27,2.8
Fulton County,Georgia,2025-01-01,26,2.4
Honolulu County,Hawaii,2025-01-01,19,1.9
Cook County,Illinois,2025-01-01,101,1.9
Marion County,Indiana,2025-01-01,33,3.4
Sedgwick County,Kansas,2025-01-01,20,3.7
Jefferson County,Kentucky,2025-01-01,25,3.1
Orleans Parish,Louisiana,2025-01-01,27,7.4
Baltimore city,Maryland,2025-01-01,67,11.8
Suffolk County,Massachusetts,2025-01-01,23,2.9
Wayne County,Michigan,2025-01-01,57,3.2
Hennepin County,Minnesota,2025-01-01,32,2.5
Ramsey County,Minnesota,2025-01-01,13,2.4
Jackson County,Missouri,2025-01-01,22,3
St. Louis County,Missouri,2025-01-01,19,1.9
St. Louis city,Missouri,2025-01-01,23,8.2
Clark County,Nevada,2025-01-01,62,2.6
Washoe County,Nevada,2025-01-01,14,2.8
Essex County,New Jersey,2025-01-01,18,2
Bernalillo County,New Mexico,2025-01-01,26,3.9
Bronx County,New York,2025-01-01,47,3.4
Erie County,New York,2025-01-01,14,1.5
Kings County,New York,2025-01-01,46,1.8
Monroe County,New York,2025-01-01,16,2.1
New York County,New York,2025-01-01,42,2.5
Queens County,New York,2025-01-01,19,0.8
Suffolk County,New York,2025-01-01,26,1.7
Mecklenburg County,North Carolina,2025-01-01,19,1.6
Cuyahoga County,Ohio,2025-01-01,30,2.4
Franklin County,Ohio,2025-01-01,33,2.4
Montgomery County,Ohio,2025-01-01,11,2
Oklahoma County,Oklahoma,2025-01-01,28,3.4
Tulsa County,Oklahoma,2025-01-01,23,3.3
Allegheny County,Pennsylvania,2025-01-01,48,3.9
Philadelphia County,Pennsylvania,2025-01-01,88,5.6
Davidson County,Tennessee,2025-01-01,47,6.4
Knox County,Tennessee,2025-01-01,31,6.1
Shelby County,Tennessee,2025-01-01,31,3.4
Bexar County,Texas,2025-01-01,32,1.5
Dallas County,Texas,2025-01-01,64,2.4
Harris County,Texas,2025-01-01,81,1.6
Tarrant County,Texas,2025-01-01,36,1.6
Travis County,Texas,2025-01-01,15,1.1
Salt Lake County,Utah,2025-01-01,28,2.3
King County,Washington,2025-01-01,90,3.8
Pierce County,Washington,2025-01-01,57,6.1
Snohomish County,Washington,2025-01-01,41,4.7
Spokane County,Washington,2025-01-01,41,7.4
Milwaukee County,Wisconsin,2025-01-01,44,4.8
Jefferson County,Alabama,2025-02-01,21,3.2
Anchorage Borough,Alaska,2025-02-01,20,6.9
Maricopa County,Arizona,2025-02-01,162,3.5
Pima County,Arizona,2025-02-01,36,3.3
Alameda County,California,2025-02-01,24,1.5
Contra Costa County,California,2025-02-01,11,0.9
Fresno County,California,2025-02-01,16,1.6
Kern County,California,2025-02-01,27,2.9
Los Angeles County,California,2025-02-01,145,1.5
Orange County,California,2025-02-01,38,1.2
Riverside County,California,2025-02-01,54,2.1
Sacramento County,California,2025-02-01,43,2.7
San Bernardino County,California,2025-02-01,38,1.7
San Diego County,California,2025-02-01,55,1.7
San Francisco County,California,2025-02-01,62,7.5
San Joaquin County,California,2025-02-01,16,2
Santa Clara County,California,2025-02-01,33,1.7
Ventura County,California,2025-02-01,14,1.7
Adams County,Colorado,2025-02-01,15,2.8
Arapahoe County,Colorado,2025-02-01,10,1.5
Denver County,Colorado,2025-02-01,28,3.8
El Paso County,Colorado,2025-02-01,21,2.8
Jefferson County,Colorado,2025-02-01,13,2.2
Hartford County,Connecticut,2025-02-01,27,3
New Haven County,Connecticut,2025-02-01,26,3
New Castle County,Delaware,2025-02-01,23,3.9
"Washington, D.C.","Washington, D.C.",2025-02-01,30,4.3
Brevard County,Florida,2025-02-01,12,1.8
Broward County,Florida,2025-02-01,28,1.4
Duval County,Florida,2025-02-01,17,1.6
Hillsborough County,Florida,2025-02-01,16,1
Miami-Dade County,Florida,2025-02-01,18,0.6
Orange County,Florida,2025-02-01,20,1.3
Palm Beach County,Florida,2025-02-01,17,1.1
Pinellas County,Florida,2025-02-01,22,2.3
Fulton County,Georgia,2025-02-01,16,1.5
Honolulu County,Hawaii,2025-02-01,17,1.7
Cook County,Illinois,2025-02-01,80,1.5
Marion County,Indiana,2025-02-01,43,4.4
Sedgwick County,Kansas,2025-02-01,18,3.4
Jefferson County,Kentucky,2025-02-01,26,3.3
Orleans Parish,Louisiana,2025-02-01,16,4.4
Baltimore city,Maryland,2025-02-01,49,8.6
Suffolk County,Massachusetts,2025-02-01,21,2.6
Wayne County,Michigan,2025-02-01,67,3.8
Hennepin County,Minnesota,2025-02-01,31,2.4
Ramsey County,Minnesota,2025-02-01,20,3.7
Jackson County,Missouri,2025-02-01,23,3.2
St. Louis County,Missouri,2025-02-01,14,1.4
St. Louis city,Missouri,2025-02-01,27,9.7
Clark County,Nevada,2025-02-01,73,3
Washoe County,Nevada,2025-02-01,17,3.4
Essex County,New Jersey,2025-02-01,22,2.5
Bernalillo County,New Mexico,2025-02-01,19,2.8
Bronx County,New York,2025-02-01,52,3.8
Erie County,New York,2025-02-01,27,2.8
Kings County,New York,2025-02-01,45,1.7
Monroe County,New York,2025-02-01,16,2.1
New York County,New York,2025-02-01,32,1.9
Queens County,New York,2025-02-01,20,0.9
Suffolk County,New York,2025-02-01,19,1.2
Mecklenburg County,North Carolina,2025-02-01,25,2.1
Cuyahoga County,Ohio,2025-02-01,31,2.5
Franklin County,Ohio,2025-02-01,37,2.7
Montgomery County,Ohio,2025-02-01,14,2.6
Oklahoma County,Oklahoma,2025-02-01,23,2.8
Tulsa County,Oklahoma,2025-02-01,21,3
Allegheny County,Pennsylvania,2025-02-01,25,2
Philadelphia County,Pennsylvania,2025-02-01,99,6.3
Davidson County,Tennessee,2025-02-01,19,2.6
Knox County,Tennessee,2025-02-01,33,6.5
Shelby County,Tennessee,2025-02-01,32,3.5
Bexar County,Texas,2025-02-01,32,1.5
Dallas County,Texas,2025-02-01,41,1.5
Harris County,Texas,2025-02-01,50,1
Tarrant County,Texas,2025-02-01,36,1.6
Travis County,Texas,2025-02-01,27,2
Salt Lake County,Utah,2025-02-01,24,2
King County,Washington,2025-02-01,83,3.5
Pierce County,Washington,2025-02-01,40,4.3
Snohomish County,Washington,2025-02-01,25,2.9
Spokane County,Washington,2025-02-01,31,5.6
Milwaukee County,Wisconsin,2025-02-01,35,3.8
Jefferson County,Alabama,2025-03-01,22,3.3
Anchorage Borough,Alaska,2025-03-01,20,6.9
Maricopa County,Arizona,2025-03-01,170,3.6
Pima County,Arizona,2025-03-01,36,3.3
Alameda County,California,2025-03-01,35,2.1
Contra Costa County,California,2025-03-01,19,1.6
Fresno County,California,2025-03-01,19,1.9
Kern County,California,2025-03-01,24,2.6
Los Angeles County,California,2025-03-01,157,1.6
Orange County,California,2025-03-01,53,1.7
Riverside County,California,2025-03-01,66,2.6
Sacramento County,California,2025-03-01,49,3
San Bernardino County,California,2025-03-01,32,1.4
San Diego County,California,2025-03-01,52,1.6
San Francisco County,California,2025-03-01,64,7.7
San Joaquin County,California,2025-03-01,11,1.3
Santa Clara County,California,2025-03-01,31,1.6
Ventura County,California,2025-03-01,18,2.2
Adams County,Colorado,2025-03-01,19,3.5
Arapahoe County,Colorado,2025-03-01,19,2.8
Denver County,Colorado,2025-03-01,56,7.7
El Paso County,Colorado,2025-03-01,24,3.2
Jefferson County,Colorado,2025-03-01,16,2.8
Hartford County,Connecticut,2025-03-01,19,2.1
New Haven County,Connecticut,2025-03-01,35,4
New Castle County,Delaware,2025-03-01,22,3.7
"Washington, D.C.","Washington, D.C.",2025-03-01,35,5
Brevard County,Florida,2025-03-01,20,3
Broward County,Florida,2025-03-01,27,1.3
Duval County,Florida,2025-03-01,32,3
Hillsborough County,Florida,2025-03-01,24,1.5
Miami-Dade County,Florida,2025-03-01,25,0.9
Orange County,Florida,2025-03-01,13,0.8
Palm Beach County,Florida,2025-03-01,27,1.7
Pinellas County,Florida,2025-03-01,16,1.7
Fulton County,Georgia,2025-03-01,23,2.1
Honolulu County,Hawaii,2025-03-01,19,1.9
Cook County,Illinois,2025-03-01,99,1.9
Marion County,Indiana,2025-03-01,37,3.8
Sedgwick County,Kansas,2025-03-01,21,3.9
Jefferson County,Kentucky,2025-03-01,32,4
Orleans Parish,Louisiana,2025-03-01,25,6.9
Baltimore city,Maryland,2025-03-01,65,11.4
Suffolk County,Massachusetts,2025-03-01,21,2.6
Wayne County,Michigan,2025-03-01,49,2.8
Hennepin County,Minnesota,2025-03-01,37,2.9
Ramsey County,Minnesota,2025-03-01,26,4.8
Jackson County,Missouri,2025-03-01,20,2.7
St. Louis County,Missouri,2025-03-01,16,1.6
St. Louis city,Missouri,2025-03-01,22,7.9
Clark County,Nevada,2025-03-01,83,3.5
Washoe County,Nevada,2025-03-01,13,2.6
Essex County,New Jersey,2025-03-01,21,2.4
Bernalillo County,New Mexico,2025-03-01,32,4.8
Bronx County,New York,2025-03-01,47,3.4
Erie County,New York,2025-03-01,18,1.9
Kings County,New York,2025-03-01,41,1.6
Monroe County,New York,2025-03-01,15,2
New York County,New York,2025-03-01,26,1.6
Queens County,New York,2025-03-01,28,1.2
Suffolk County,New York,2025-03-01,18,1.2
Mecklenburg County,North Carolina,2025-03-01,27,2.2
Cuyahoga County,Ohio,2025-03-01,37,3
Franklin County,Ohio,2025-03-01,37,2.7
Montgomery County,Ohio,2025-03-01,15,2.8
Oklahoma County,Oklahoma,2025-03-01,28,3.4
Tulsa County,Oklahoma,2025-03-01,19,2.7
Allegheny County,Pennsylvania,2025-03-01,39,3.2
Philadelphia County,Pennsylvania,2025-03-01,81,5.1
Davidson County,Tennessee,2025-03-01,45,6.2
Knox County,Tennessee,2025-03-01,28,5.5
Shelby County,Tennessee,2025-03-01,34,3.7
Bexar County,Texas,2025-03-01,29,1.4
Dallas County,Texas,2025-03-01,55,2.1
Harris County,Texas,2025-03-01,73,1.5
Tarrant County,Texas,2025-03-01,33,1.5
Travis County,Texas,2025-03-01,37,2.7
Salt Lake County,Utah,2025-03-01,27,2.2
King County,Washington,2025-03-01,115,4.9
Pierce County,Washington,2025-03-01,54,5.7
Snohomish County,Washington,2025-03-01,30,3.5
Spokane County,Washington,2025-03-01,34,6.1
Milwaukee County,Wisconsin,2025-03-01,22,2.4
Jefferson County,Alabama,2025-04-01,24,3.6
Anchorage Borough,Alaska,2025-04-01,21,7.3
Maricopa County,Arizona,2025-04-01,169,3.6
Pima County,Arizona,2025-04-01,32,3
Alameda County,California,2025-04-01,23,1.4
Contra Costa County,California,2025-04-01,26,2.2
Fresno County,California,2025-04-01,18,1.8
Kern County,California,2025-04-01,30,3.3
Los Angeles County,California,2025-04-01,161,1.7
Orange County,California,2025-04-01,55,1.7
Riverside County,California,2025-04-01,40,1.6
Sacramento County,California,2025-04-01,48,3
San Bernardino County,California,2025-04-01,31,1.4
San Diego County,California,2025-04-01,59,1.8
San Francisco County,California,2025-04-01,52,6.3
San Joaquin County,California,2025-04-01,20,2.5
Santa Clara County,California,2025-04-01,12,0.6
Ventura County,California,2025-04-01,22,2.6
Adams County,Colorado,2025-04-01,14,2.6
Arapahoe County,Colorado,2025-04-01,30,4.5
Denver County,Colorado,2025-04-01,49,6.7
El Paso County,Colorado,2025-04-01,14,1.9
Jefferson County,Colorado,2025-04-01,10,1.7
Hartford County,Connecticut,2025-04-01,15,1.7
New Haven County,Connecticut,2025-04-01,28,3.2
New Castle County,Delaware,2025-04-01,24,4.1
"Washington, D.C.","Washington, D.C.",2025-04-01,29,4.1
Brevard County,Florida,2025-04-01,23,3.5
Broward County,Florida,2025-04-01,27,1.3
Duval County,Florida,2025-04-01,25,2.4
Hillsborough County,Florida,2025-04-01,24,1.5
Miami-Dade County,Florida,2025-04-01,15,0.5
Orange County,Florida,2025-04-01,23,1.5
Palm Beach County,Florida,2025-04-01,22,1.4
Pinellas County,Florida,2025-04-01,30,3.1
Fulton County,Georgia,2025-04-01,21,1.9
Honolulu County,Hawaii,2025-04-01,18,1.8
Cook County,Illinois,2025-04-01,64,1.2
Marion County,Indiana,2025-04-01,38,3.9
Sedgwick County,Kansas,2025-04-01,14,2.6
Jefferson County,Kentucky,2025-04-01,25,3.1
Orleans Parish,Louisiana,2025-04-01,22,6.1
Baltimore city,Maryland,2025-04-01,41,7.2
Suffolk County,Massachusetts,2025-04-01,20,2.5
Wayne County,Michigan,2025-04-01,47,2.7
Hennepin County,Minnesota,2025-04-01,35,2.7
Jackson County,Missouri,2025-04-01,23,3.2
St. Louis County,Missouri,2025-04-01,15,1.5
St. Louis city,Missouri,2025-04-01,19,6.8
Clark County,Nevada,2025-04-01,63,2.6
Washoe County,Nevada,2025-04-01,18,3.5
Essex County,New Jersey,2025-04-01,21,2.4
Bernalillo County,New Mexico,2025-04-01,30,4.5
Bronx County,New York,2025-04-01,55,4
Erie County,New York,2025-04-01,17,1.8
Kings County,New York,2025-04-01,46,1.8
Monroe County,New York,2025-04-01,22,2.9
New York County,New York,2025-04-01,25,1.5
Queens County,New York,2025-04-01,21,0.9
Suffolk County,New York,2025-04-01,20,1.3
Mecklenburg County,North Carolina,2025-04-01,26,2.2
Cuyahoga County,Ohio,2025-04-01,25,2
Franklin County,Ohio,2025-04-01,29,2.1
Montgomery County,Ohio,2025-04-01,10,1.9
Oklahoma County,Oklahoma,2025-04-01,26,3.2
Tulsa County,Oklahoma,2025-04-01,24,3.5
Allegheny County,Pennsylvania,2025-04-01,33,2.7
Philadelphia County,Pennsylvania,2025-04-01,73,4.6
Davidson County,Tennessee,2025-04-01,34,4.7
Knox County,Tennessee,2025-04-01,28,5.5
Shelby County,Tennessee,2025-04-01,19,2.1
Bexar County,Texas,2025-04-01,19,0.9
Dallas County,Texas,2025-04-01,52,2
Harris County,Texas,2025-04-01,66,1.3
Tarrant County,Texas,2025-04-01,41,1.8
Travis County,Texas,2025-04-01,20,1.5
Salt Lake County,Utah,2025-04-01,28,2.3
King County,Washington,2025-04-01,105,4.5
Pierce County,Washington,2025-04-01,37,3.9
Snohomish County,Washington,2025-04-01,28,3.2
Spokane County,Washington,2025-04-01,30,5.4
Milwaukee County,Wisconsin,2025-04-01,33,3.6
Jefferson County,Alabama,2025-05-01,13,2
Anchorage Borough,Alaska,2025-05-01,24,8.3
Maricopa County,Arizona,2025-05-01,177,3.8
Pima County,Arizona,2025-05-01,27,2.5
Alameda County,California,2025-05-01,26,1.6
Contra Costa County,California,2025-05-01,10,0.9
Fresno County,California,2025-05-01,18,1.8
Kern County,California,2025-05-01,23,2.5
Los Angeles County,California,2025-05-01,170,1.7
Orange County,California,2025-05-01,48,1.5
Riverside County,California,2025-05-01,50,2
Sacramento County,California,2025-05-01,51,3.2
San Bernardino County,California,2025-05-01,47,2.1
San Diego County,California,2025-05-01,56,1.7
San Francisco County,California,2025-05-01,48,5.8
San Joaquin County,California,2025-05-01,10,1.2
Santa Clara County,California,2025-05-01,26,1.3
Ventura County,California,2025-05-01,11,1.3
Adams County,Colorado,2025-05-01,20,3.7
Arapahoe County,Colorado,2025-05-01,19,2.8
Denver County,Colorado,2025-05-01,54,7.4
El Paso County,Colorado,2025-05-01,20,2.7
Jefferson County,Colorado,2025-05-01,18,3.1
Hartford County,Connecticut,2025-05-01,24,2.7
New Haven County,Connecticut,2025-05-01,33,3.8
New Castle County,Delaware,2025-05-01,15,2.6
"Washington, D.C.","Washington, D.C.",2025-05-01,24,3.4
Brevard County,Florida,2025-05-01,10,1.5
Broward County,Florida,2025-05-01,35,1.7
Duval County,Florida,2025-05-01,31,2.9
Hillsborough County,Florida,2025-05-01,23,1.5
Miami-Dade County,Florida,2025-05-01,27,1
Orange County,Florida,2025-05-01,14,0.9
Palm Beach County,Florida,2025-05-01,27,1.7
Pinellas County,Florida,2025-05-01,31,3.2
Fulton County,Georgia,2025-05-01,22,2
Honolulu County,Hawaii,2025-05-01,16,1.6
Cook County,Illinois,2025-05-01,97,1.9
Marion County,Indiana,2025-05-01,29,3
Sedgwick County,Kansas,2025-05-01,10,1.9
Jefferson County,Kentucky,2025-05-01,34,4.3
Orleans Parish,Louisiana,2025-05-01,19,5.2
Baltimore city,Maryland,2025-05-01,46,8.1
Suffolk County,Massachusetts,2025-05-01,11,1.4
Wayne County,Michigan,2025-05-01,44,2.5
Hennepin County,Minnesota,2025-05-01,28,2.2
Ramsey County,Minnesota,2025-05-01,22,4.1
Jackson County,Missouri,2025-05-01,25,3.4
St. Louis County,Missouri,2025-05-01,19,1.9
St. Louis city,Missouri,2025-05-01,23,8.2
Clark County,Nevada,2025-05-01,72,3
Washoe County,Nevada,2025-05-01,13,2.6
Essex County,New Jersey,2025-05-01,32,3.6
Bernalillo County,New Mexico,2025-05-01,27,4
Bronx County,New York,2025-05-01,49,3.5
Erie County,New York,2025-05-01,21,2.2
Kings County,New York,2025-05-01,42,1.6
Monroe County,New York,2025-05-01,24,3.2
New York County,New York,2025-05-01,33,2
Queens County,New York,2025-05-01,29,1.3
Suffolk County,New York,2025-05-01,24,1.6
Mecklenburg County,North Carolina,2025-05-01,14,1.2
Cuyahoga County,Ohio,2025-05-01,29,2.3
Franklin County,Ohio,2025-05-01,32,2.4
Montgomery County,Ohio,2025-05-01,17,3.2
Oklahoma County,Oklahoma,2025-05-01,21,2.6
Tulsa County,Oklahoma,2025-05-01,22,3.2
Allegheny County,Pennsylvania,2025-05-01,27,2.2
Philadelphia County,Pennsylvania,2025-05-01,95,6
Davidson County,Tennessee,2025-05-01,46,6.3
Knox County,Tennessee,2025-05-01,31,6.1
Shelby County,Tennessee,2025-05-01,16,1.8
Bexar County,Texas,2025-05-01,44,2.1
Dallas County,Texas,2025-05-01,51,1.9
Harris County,Texas,2025-05-01,77,1.5
Tarrant County,Texas,2025-05-01,54,2.4
Travis County,Texas,2025-05-01,24,1.8
Salt Lake County,Utah,2025-05-01,22,1.8
King County,Washington,2025-05-01,66,2.8
Pierce County,Washington,2025-05-01,31,3.3
Snohomish County,Washington,2025-05-01,24,2.8
Spokane County,Washington,2025-05-01,22,4
Milwaukee County,Wisconsin,2025-05-01,13,1.4
Jefferson County,Alabama,2025-06-01,17,2.6
Anchorage Borough,Alaska,2025-06-01,21,7.3
Maricopa County,Arizona,2025-06-01,198,4.2
Pima County,Arizona,2025-06-01,35,3.2
Alameda County,California,2025-06-01,21,1.3
Contra Costa County,California,2025-06-01,17,1.4
Kern County,California,2025-06-01,23,2.5
Los Angeles County,California,2025-06-01,181,1.9
Orange County,California,2025-06-01,37,1.2
Riverside County,California,2025-06-01,37,1.5
Sacramento County,California,2025-06-01,44,2.7
San Bernardino County,California,2025-06-01,28,1.3
San Diego County,California,2025-06-01,68,2.1
San Francisco County,California,2025-06-01,43,5.2
San Joaquin County,California,2025-06-01,20,2.5
Santa Clara County,California,2025-06-01,26,1.3
Adams County,Colorado,2025-06-01,17,3.1
Arapahoe County,Colorado,2025-06-01,18,2.7
Denver County,Colorado,2025-06-01,39,5.3
El Paso County,Colorado,2025-06-01,13,1.7
Jefferson County,Colorado,2025-06-01,10,1.7
Hartford County,Connecticut,2025-06-01,33,3.7
New Haven County,Connecticut,2025-06-01,30,3.5
New Castle County,Delaware,2025-06-01,14,2.4
"Washington, D.C.","Washington, D.C.",2025-06-01,25,3.6
Brevard County,Florida,2025-06-01,20,3
Broward County,Florida,2025-06-01,35,1.7
Duval County,Florida,2025-06-01,24,2.3
Hillsborough County,Florida,2025-06-01,29,1.8
Miami-Dade County,Florida,2025-06-01,28,1
Orange County,Florida,2025-06-01,20,1.3
Palm Beach County,Florida,2025-06-01,23,1.5
Pinellas County,Florida,2025-06-01,27,2.8
Fulton County,Georgia,2025-06-01,20,1.8
Honolulu County,Hawaii,2025-06-01,19,1.9
Cook County,Illinois,2025-06-01,95,1.8
Marion County,Indiana,2025-06-01,41,4.2
Jefferson County,Kentucky,2025-06-01,28,3.5
Orleans Parish,Louisiana,2025-06-01,16,4.4
Baltimore city,Maryland,2025-06-01,45,7.9
Suffolk County,Massachusetts,2025-06-01,16,2
Wayne County,Michigan,2025-06-01,44,2.5
Hennepin County,Minnesota,2025-06-01,40,3.1
Ramsey County,Minnesota,2025-06-01,13,2.4
Jackson County,Missouri,2025-06-01,23,3.2
St. Louis County,Missouri,2025-06-01,14,1.4
St. Louis city,Missouri,2025-06-01,25,8.9
Clark County,Nevada,2025-06-01,86,3.6
Washoe County,Nevada,2025-06-01,19,3.7
Essex County,New Jersey,2025-06-01,25,2.8
Bernalillo County,New Mexico,2025-06-01,25,3.7
Bronx County,New York,2025-06-01,52,3.8
Erie County,New York,2025-06-01,20,2.1
Kings County,New York,2025-06-01,41,1.6
Monroe County,New York,2025-06-01,22,2.9
New York County,New York,2025-06-01,32,1.9
Queens County,New York,2025-06-01,32,1.4
Suffolk County,New York,2025-06-01,15,1
Mecklenburg County,North Carolina,2025-06-01,29,2.4
Cuyahoga County,Ohio,2025-06-01,20,1.6
Franklin County,Ohio,2025-06-01,30,2.2
Montgomery County,Ohio,2025-06-01,19,3.5
Oklahoma County,Oklahoma,2025-06-01,23,2.8
Tulsa County,Oklahoma,2025-06-01,21,3
Allegheny County,Pennsylvania,2025-06-01,39,3.2
Philadelphia County,Pennsylvania,2025-06-01,88,5.6
Davidson County,Tennessee,2025-06-01,34,4.7
Knox County,Tennessee,2025-06-01,23,4.5
Shelby County,Tennessee,2025-06-01,40,4.4
Bexar County,Texas,2025-06-01,29,1.4
Dallas County,Texas,2025-06-01,62,2.3
Harris County,Texas,2025-06-01,53,1.1
Tarrant County,Texas,2025-06-01,45,2
Travis County,Texas,2025-06-01,17,1.2
Salt Lake County,Utah,2025-06-01,32,2.6
King County,Washington,2025-06-01,59,2.5
Pierce County,Washington,2025-06-01,25,2.7
Snohomish County,Washington,2025-06-01,16,1.9
Spokane County,Washington,2025-06-01,24,4.3
Milwaukee County,Wisconsin,2025-06-01,25,2.7
Jefferson County,Alabama,2025-07-01,17,2.6
Anchorage Borough,Alaska,2025-07-01,11,3.8
Maricopa County,Arizona,2025-07-01,180,3.9
Pima County,Arizona,2025-07-01,40,3.7
Alameda County,California,2025-07-01,17,1
Contra Costa County,California,2025-07-01,20,1.7
Fresno County,California,2025-07-01,16,1.6
Kern County,California,2025-07-01,27,2.9
Los Angeles County,California,2025-07-01,169,1.7
Orange County,California,2025-07-01,40,1.3
Riverside County,California,2025-07-01,48,1.9
Sacramento County,California,2025-07-01,37,2.3
San Bernardino County,California,2025-07-01,36,1.6
San Diego County,California,2025-07-01,57,1.7
San Francisco County,California,2025-07-01,48,5.8
San Joaquin County,California,2025-07-01,20,2.5
Santa Clara County,California,2025-07-01,24,1.2
Ventura County,California,2025-07-01,16,1.9
Adams County,Colorado,2025-07-01,14,2.6
Arapahoe County,Colorado,2025-07-01,19,2.8
Denver County,Colorado,2025-07-01,43,5.9
El Paso County,Colorado,2025-07-01,16,2.1
Jefferson County,Colorado,2025-07-01,19,3.3
Hartford County,Connecticut,2025-07-01,16,1.8
New Haven County,Connecticut,2025-07-01,16,1.9
New Castle County,Delaware,2025-07-01,16,2.7
"Washington, D.C.","Washington, D.C.",2025-07-01,22,3.1
Brevard County,Florida,2025-07-01,13,2
Broward County,Florida,2025-07-01,21,1
Duval County,Florida,2025-07-01,21,2
Hillsborough County,Florida,2025-07-01,29,1.8
Miami-Dade County,Florida,2025-07-01,22,0.8
Orange County,Florida,2025-07-01,18,1.2
Palm Beach County,Florida,2025-07-01,24,1.5
Pinellas County,Florida,2025-07-01,17,1.8
Fulton County,Georgia,2025-07-01,25,2.3
Honolulu County,Hawaii,2025-07-01,21,2.1
Cook County,Illinois,2025-07-01,78,1.5
Marion County,Indiana,2025-07-01,33,3.4
Sedgwick County,Kansas,2025-07-01,19,3.5
Jefferson County,Kentucky,2025-07-01,24,3
Orleans Parish,Louisiana,2025-07-01,23,6.3
Baltimore city,Maryland,2025-07-01,46,8.1
Suffolk County,Massachusetts,2025-07-01,23,2.9
Wayne County,Michigan,2025-07-01,53,3
Hennepin County,Minnesota,2025-07-01,23,1.8
Ramsey County,Minnesota,2025-07-01,14,2.6
Jackson County,Missouri,2025-07-01,13,1.8
St. Louis County,Missouri,2025-07-01,17,1.7
St. Louis city,Missouri,2025-07-01,24,8.6
Clark County,Nevada,2025-07-01,75,3.1
Washoe County,Nevada,2025-07-01,23,4.5
Essex County,New Jersey,2025-07-01,18,2
Bernalillo County,New Mexico,2025-07-01,31,4.6
Bronx County,New York,2025-07-01,65,4.7
Erie County,New York,2025-07-01,11,1.2
Kings County,New York,2025-07-01,43,1.6
Monroe County,New York,2025-07-01,27,3.6
New York County,New York,2025-07-01,34,2
Queens County,New York,2025-07-01,29,1.3
Suffolk County,New York,2025-07-01,32,2.1
Mecklenburg County,North Carolina,2025-07-01,20,1.7
Cuyahoga County,Ohio,2025-07-01,29,2.3
Franklin County,Ohio,2025-07-01,35,2.6
Montgomery County,Ohio,2025-07-01,10,1.9
Oklahoma County,Oklahoma,2025-07-01,21,2.6
Tulsa County,Oklahoma,2025-07-01,24,3.5
Allegheny County,Pennsylvania,2025-07-01,37,3
Philadelphia County,Pennsylvania,2025-07-01,78,5
Davidson County,Tennessee,2025-07-01,42,5.8
Knox County,Tennessee,2025-07-01,21,4.1
Shelby County,Tennessee,2025-07-01,42,4.6
Bexar County,Texas,2025-07-01,28,1.3
Dallas County,Texas,2025-07-01,57,2.1
Harris County,Texas,2025-07-01,76,1.5
Tarrant County,Texas,2025-07-01,51,2.3
Travis County,Texas,2025-07-01,25,1.8
Salt Lake County,Utah,2025-07-01,28,2.3
King County,Washington,2025-07-01,78,3.3
Pierce County,Washington,2025-07-01,19,2
Snohomish County,Washington,2025-07-01,26,3
Spokane County,Washington,2025-07-01,34,6.1
Milwaukee County,Wisconsin,2025-07-01,35,3.8
Jefferson County,Alabama,2025-08-01,16,2.4
Anchorage Borough,Alaska,2025-08-01,16,5.5
Maricopa County,Arizona,2025-08-01,199,4.3
Pima County,Arizona,2025-08-01,41,3.8
Alameda County,California,2025-08-01,21,1.3
Contra Costa County,California,2025-08-01,22,1.9
Fresno County,California,2025-08-01,12,1.2
Kern County,California,2025-08-01,34,3.7
Los Angeles County,California,2025-08-01,171,1.8
Orange County,California,2025-08-01,38,1.2
Riverside County,California,2025-08-01,51,2
Sacramento County,California,2025-08-01,47,2.9
San Bernardino County,California,2025-08-01,46,2.1
San Diego County,California,2025-08-01,76,2.3
San Francisco County,California,2025-08-01,46,5.6
San Joaquin County,California,2025-08-01,14,1.7
Santa Clara County,California,2025-08-01,20,1
Ventura County,California,2025-08-01,17,2
Adams County,Colorado,2025-08-01,18,3.3
Arapahoe County,Colorado,2025-08-01,15,2.2
Denver County,Colorado,2025-08-01,41,5.6
El Paso County,Colorado,2025-08-01,16,2.1
Jefferson County,Colorado,2025-08-01,14,2.4
Hartford County,Connecticut,2025-08-01,21,2.3
New Haven County,Connecticut,2025-08-01,23,2.7
New Castle County,Delaware,2025-08-01,16,2.7
"Washington, D.C.","Washington, D.C.",2025-08-01,21,3
Brevard County,Florida,2025-08-01,18,2.7
Broward County,Florida,2025-08-01,27,1.3
Duval County,Florida,2025-08-01,20,1.9
Hillsborough County,Florida,2025-08-01,35,2.2
Miami-Dade County,Florida,2025-08-01,22,0.8
Orange County,Florida,2025-08-01,14,0.9
Palm Beach County,Florida,2025-08-01,20,1.3
Pinellas County,Florida,2025-08-01,17,1.8
Fulton County,Georgia,2025-08-01,23,2.1
Honolulu County,Hawaii,2025-08-01,16,1.6
Cook County,Illinois,2025-08-01,84,1.6
Marion County,Indiana,2025-08-01,33,3.4
Sedgwick County,Kansas,2025-08-01,16,3
Jefferson County,Kentucky,2025-08-01,27,3.4
Orleans Parish,Louisiana,2025-08-01,15,4.1
Baltimore city,Maryland,2025-08-01,51,9
Suffolk County,Massachusetts,2025-08-01,18,2.3
Wayne County,Michigan,2025-08-01,50,2.8
Hennepin County,Minnesota,2025-08-01,23,1.8
Ramsey County,Minnesota,2025-08-01,17,3.1
Jackson County,Missouri,2025-08-01,18,2.5
St. Louis County,Missouri,2025-08-01,16,1.6
St. Louis city,Missouri,2025-08-01,15,5.4
Clark County,Nevada,2025-08-01,76,3.2
Washoe County,Nevada,2025-08-01,25,4.9
Essex County,New Jersey,2025-08-01,23,2.6
Bernalillo County,New Mexico,2025-08-01,37,5.5
Bronx County,New York,2025-08-01,44,3.2
Erie County,New York,2025-08-01,20,2.1
Kings County,New York,2025-08-01,33,1.3
Monroe County,New York,2025-08-01,18,2.4
New York County,New York,2025-08-01,26,1.6
Queens County,New York,2025-08-01,26,1.1
Suffolk County,New York,2025-08-01,21,1.4
Mecklenburg County,North Carolina,2025-08-01,21,1.7
Cuyahoga County,Ohio,2025-08-01,30,2.4
Franklin County,Ohio,2025-08-01,24,1.8
Montgomery County,Ohio,2025-08-01,17,3.2
Oklahoma County,Oklahoma,2025-08-01,11,1.3
Tulsa County,Oklahoma,2025-08-01,19,2.7
Allegheny County,Pennsylvania,2025-08-01,36,2.9
Philadelphia County,Pennsylvania,2025-08-01,72,4.6
Davidson County,Tennessee,2025-08-01,12,1.6
Knox County,Tennessee,2025-08-01,20,3.9
Shelby County,Tennessee,2025-08-01,32,3.5
Bexar County,Texas,2025-08-01,30,1.4
Dallas County,Texas,2025-08-01,67,2.5
Harris County,Texas,2025-08-01,69,1.4
Tarrant County,Texas,2025-08-01,35,1.6
Travis County,Texas,2025-08-01,31,2.3
Salt Lake County,Utah,2025-08-01,23,1.9
King County,Washington,2025-08-01,55,2.4
Pierce County,Washington,2025-08-01,31,3.3
Snohomish County,Washington,2025-08-01,15,1.7
Spokane County,Washington,2025-08-01,28,5
Milwaukee County,Wisconsin,2025-08-01,31,3.4
Jefferson County,Alabama,2025-09-01,21,3.2
Anchorage Borough,Alaska,2025-09-01,16,5.5
Maricopa County,Arizona,2025-09-01,145,3.1
Pima County,Arizona,2025-09-01,35,3.2
Alameda County,California,2025-09-01,17,1
Contra Costa County,California,2025-09-01,15,1.3
Fresno County,California,2025-09-01,21,2.1
Kern County,California,2025-09-01,22,2.4
Los Angeles County,California,2025-09-01,155,1.6
Orange County,California,2025-09-01,34,1.1
Riverside County,California,2025-09-01,43,1.7
Sacramento County,California,2025-09-01,41,2.5
San Bernardino County,California,2025-09-01,30,1.4
San Diego County,California,2025-09-01,64,1.9
San Francisco County,California,2025-09-01,38,4.6
San Joaquin County,California,2025-09-01,17,2.1
Santa Clara County,California,2025-09-01,23,1.2
Ventura County,California,2025-09-01,13,1.6
Adams County,Colorado,2025-09-01,12,2.2
Arapahoe County,Colorado,2025-09-01,20,3
Denver County,Colorado,2025-09-01,43,5.9
El Paso County,Colorado,2025-09-01,12,1.6
Jefferson County,Colorado,2025-09-01,14,2.4
Hartford County,Connecticut,2025-09-01,20,2.2
New Haven County,Connecticut,2025-09-01,24,2.8
New Castle County,Delaware,2025-09-01,13,2.2
"Washington, D.C.","Washington, D.C.",2025-09-01,23,3.3
Brevard County,Florida,2025-09-01,15,2.3
Broward County,Florida,2025-09-01,28,1.4
Duval County,Florida,2025-09-01,15,1.4
Hillsborough County,Florida,2025-09-01,28,1.8
Miami-Dade County,Florida,2025-09-01,20,0.7
Orange County,Florida,2025-09-01,17,1.1
Palm Beach County,Florida,2025-09-01,16,1
Pinellas County,Florida,2025-09-01,11,1.1
Fulton County,Georgia,2025-09-01,23,2.1
Honolulu County,Hawaii,2025-09-01,14,1.4
Cook County,Illinois,2025-09-01,72,1.4
Marion County,Indiana,2025-09-01,39,4
Sedgwick County,Kansas,2025-09-01,11,2.1
Jefferson County,Kentucky,2025-09-01,12,1.5
Orleans Parish,Louisiana,2025-09-01,18,5
Baltimore city,Maryland,2025-09-01,49,8.6
Suffolk County,Massachusetts,2025-09-01,15,1.9
Wayne County,Michigan,2025-09-01,37,2.1
Hennepin County,Minnesota,2025-09-01,26,2
Ramsey County,Minnesota,2025-09-01,21,3.9
Jackson County,Missouri,2025-09-01,15,2.1
St. Louis County,Missouri,2025-09-01,20,2
St. Louis city,Missouri,2025-09-01,12,4.3
Clark County,Nevada,2025-09-01,54,2.3
Washoe County,Nevada,2025-09-01,23,4.5
Essex County,New Jersey,2025-09-01,16,1.8
Bernalillo County,New Mexico,2025-09-01,32,4.8
Bronx County,New York,2025-09-01,64,4.6
Erie County,New York,2025-09-01,23,2.4
Kings County,New York,2025-09-01,44,1.7
Monroe County,New York,2025-09-01,17,2.3
New York County,New York,2025-09-01,23,1.4
Queens County,New York,2025-09-01,23,1
Suffolk County,New York,2025-09-01,19,1.2
Mecklenburg County,North Carolina,2025-09-01,10,0.8
Cuyahoga County,Ohio,2025-09-01,24,1.9
Franklin County,Ohio,2025-09-01,29,2.1
Montgomery County,Ohio,2025-09-01,13,2.4
Oklahoma County,Oklahoma,2025-09-01,12,1.5
Allegheny County,Pennsylvania,2025-09-01,25,2
Philadelphia County,Pennsylvania,2025-09-01,66,4.2
Davidson County,Tennessee,2025-09-01,14,1.9
Knox County,Tennessee,2025-09-01,16,3.2
Shelby County,Tennessee,2025-09-01,34,3.7
Bexar County,Texas,2025-09-01,29,1.4
Dallas County,Texas,2025-09-01,50,1.9
Harris County,Texas,2025-09-01,63,1.3
Tarrant County,Texas,2025-09-01,32,1.4
Travis County,Texas,2025-09-01,23,1.7
Salt Lake County,Utah,2025-09-01,21,1.7
King County,Washington,2025-09-01,49,2.1
Pierce County,Washington,2025-09-01,23,2.4
Snohomish County,Washington,2025-09-01,17,2
Spokane County,Washington,2025-09-01,17,3.1
Milwaukee County,Wisconsin,2025-09-01,25,2.7
Jefferson County,Alabama,2025-10-01,23,3.5
Anchorage Borough,Alaska,2025-10-01,17,5.9
Maricopa County,Arizona,2025-10-01,162,3.5
Pima County,Arizona,2025-10-01,40,3.7
Alameda County,California,2025-10-01,23,1.4
Contra Costa County,California,2025-10-01,12,1
Fresno County,California,2025-10-01,19,1.9
Kern County,California,2025-10-01,26,2.8
Los Angeles County,California,2025-10-01,142,1.5
Orange County,California,2025-10-01,40,1.3
Riverside County,California,2025-10-01,42,1.7
Sacramento County,California,2025-10-01,26,1.6
San Bernardino County,California,2025-10-01,28,1.3
San Diego County,California,2025-10-01,46,1.4
San Francisco County,California,2025-10-01,33,4
San Joaquin County,California,2025-10-01,16,2
Santa Clara County,California,2025-10-01,16,0.8
Ventura County,California,2025-10-01,16,1.9
Adams County,Colorado,2025-10-01,15,2.8
Arapahoe County,Colorado,2025-10-01,16,2.4
Denver County,Colorado,2025-10-01,41,5.6
El Paso County,Colorado,2025-10-01,15,2
Jefferson County,Colorado,2025-10-01,18,3.1
Hartford County,Connecticut,2025-10-01,19,2.1
New Haven County,Connecticut,2025-10-01,21,2.4
New Castle County,Delaware,2025-10-01,17,2.9
"Washington, D.C.","Washington, D.C.",2025-10-01,30,4.3
Brevard County,Florida,2025-10-01,10,1.5
Broward County,Florida,2025-10-01,21,1
Duval County,Florida,2025-10-01,14,1.3
Hillsborough County,Florida,2025-10-01,31,2
Miami-Dade County,Florida,2025-10-01,15,0.5
Orange County,Florida,2025-10-01,14,0.9
Palm Beach County,Florida,2025-10-01,20,1.3
Pinellas County,Florida,2025-10-01,22,2.3
Fulton County,Georgia,2025-10-01,17,1.6
Honolulu County,Hawaii,2025-10-01,20,2
Cook County,Illinois,2025-10-01,90,1.7
Marion County,Indiana,2025-10-01,38,3.9
Sedgwick County,Kansas,2025-10-01,13,2.4
Jefferson County,Kentucky,2025-10-01,15,1.9
Orleans Parish,Louisiana,2025-10-01,25,6.9
Baltimore city,Maryland,2025-10-01,63,11.1
Suffolk County,Massachusetts,2025-10-01,19,2.4
Wayne County,Michigan,2025-10-01,41,2.3
Hennepin County,Minnesota,2025-10-01,35,2.7
Ramsey County,Minnesota,2025-10-01,13,2.4
Jackson County,Missouri,2025-10-01,26,3.6
St. Louis County,Missouri,2025-10-01,13,1.3
St. Louis city,Missouri,2025-10-01,23,8.2
Clark County,Nevada,2025-10-01,56,2.3
Washoe County,Nevada,2025-10-01,10,2
Essex County,New Jersey,2025-10-01,13,1.5
Bernalillo County,New Mexico,2025-10-01,34,5.1
Bronx County,New York,2025-10-01,32,2.3
Erie County,New York,2025-10-01,12,1.3
Kings County,New York,2025-10-01,35,1.3
Monroe County,New York,2025-10-01,17,2.3
New York County,New York,2025-10-01,32,1.9
Queens County,New York,2025-10-01,18,0.8
Suffolk County,New York,2025-10-01,15,1
Mecklenburg County,North Carolina,2025-10-01,22,1.8
Cuyahoga County,Ohio,2025-10-01,25,2
Franklin County,Ohio,2025-10-01,34,2.5
Montgomery County,Ohio,2025-10-01,14,2.6
Oklahoma County,Oklahoma,2025-10-01,22,2.7
Tulsa County,Oklahoma,2025-10-01,14,2
Allegheny County,Pennsylvania,2025-10-01,31,2.5
Philadelphia County,Pennsylvania,2025-10-01,60,3.8
Davidson County,Tennessee,2025-10-01,20,2.7
Knox County,Tennessee,2025-10-01,19,3.7
Shelby County,Tennessee,2025-10-01,27,3
Bexar County,Texas,2025-10-01,26,1.2
Dallas County,Texas,2025-10-01,57,2.1
Harris County,Texas,2025-10-01,48,1
Tarrant County,Texas,2025-10-01,38,1.7
Travis County,Texas,2025-10-01,16,1.2
Salt Lake County,Utah,2025-10-01,23,1.9
King County,Washington,2025-10-01,54,2.3
Pierce County,Washington,2025-10-01,26,2.8
Snohomish County,Washington,2025-10-01,23,2.7
Spokane County,Washington,2025-10-01,17,3.1
Milwaukee County,Wisconsin,2025-10-01,38,4.1
Jefferson County,Alabama,2025-11-01,13,2
Anchorage Borough,Alaska,2025-11-01,19,6.6
Maricopa County,Arizona,2025-11-01,145,3.1
Pima County,Arizona,2025-11-01,27,2.5
Alameda County,California,2025-11-01,30,1.8
Contra Costa County,California,2025-11-01,13,1.1
Fresno County,California,2025-11-01,15,1.5
Kern County,California,2025-11-01,20,2.2
Los Angeles County,California,2025-11-01,154,1.6
Orange County,California,2025-11-01,25,0.8
Riverside County,California,2025-11-01,44,1.7
Sacramento County,California,2025-11-01,33,2
San Bernardino County,California,2025-11-01,26,1.2
San Diego County,California,2025-11-01,42,1.3
San Francisco County,California,2025-11-01,47,5.7
San Joaquin County,California,2025-11-01,11,1.3
Santa Clara County,California,2025-11-01,22,1.1
Ventura County,California,2025-11-01,11,1.3
Adams County,Colorado,2025-11-01,13,2.4
Arapahoe County,Colorado,2025-11-01,21,3.1
Denver County,Colorado,2025-11-01,34,4.7
El Paso County,Colorado,2025-11-01,16,2.1
Jefferson County,Colorado,2025-11-01,17,2.9
Hartford County,Connecticut,2025-11-01,23,2.6
New Haven County,Connecticut,2025-11-01,18,2.1
New Castle County,Delaware,2025-11-01,14,2.4
"Washington, D.C.","Washington, D.C.",2025-11-01,26,3.7
Brevard County,Florida,2025-11-01,13,2
Broward County,Florida,2025-11-01,23,1.1
Duval County,Florida,2025-11-01,16,1.5
Hillsborough County,Florida,2025-11-01,13,0.8
Miami-Dade County,Florida,2025-11-01,14,0.5
Orange County,Florida,2025-11-01,20,1.3
Palm Beach County,Florida,2025-11-01,17,1.1
Pinellas County,Florida,2025-11-01,21,2.2
Fulton County,Georgia,2025-11-01,23,2.1
Honolulu County,Hawaii,2025-11-01,22,2.2
Cook County,Illinois,2025-11-01,68,1.3
Marion County,Indiana,2025-11-01,16,1.6
Sedgwick County,Kansas,2025-11-01,17,3.2
Jefferson County,Kentucky,2025-11-01,18,2.3
Orleans Parish,Louisiana,2025-11-01,10,2.8
Baltimore city,Maryland,2025-11-01,47,8.3
Suffolk County,Massachusetts,2025-11-01,20,2.5
Wayne County,Michigan,2025-11-01,39,2.2
Hennepin County,Minnesota,2025-11-01,27,2.1
Ramsey County,Minnesota,2025-11-01,10,1.8
Jackson County,Missouri,2025-11-01,16,2.2
St. Louis County,Missouri,2025-11-01,10,1
St. Louis city,Missouri,2025-11-01,17,6.1
Clark County,Nevada,2025-11-01,58,2.4
Washoe County,Nevada,2025-11-01,16,3.2
Essex County,New Jersey,2025-11-01,19,2.2
Bernalillo County,New Mexico,2025-11-01,43,6.4
Bronx County,New York,2025-11-01,39,2.8
Erie County,New York,2025-11-01,19,2
Kings County,New York,2025-11-01,31,1.2
Monroe County,New York,2025-11-01,16,2.1
New York County,New York,2025-11-01,32,1.9
Queens County,New York,2025-11-01,24,1
Suffolk County,New York,2025-11-01,21,1.4
Mecklenburg County,North Carolina,2025-11-01,10,0.8
Cuyahoga County,Ohio,2025-11-01,19,1.5
Franklin County,Ohio,2025-11-01,22,1.6
Oklahoma County,Oklahoma,2025-11-01,15,1.8
Tulsa County,Oklahoma,2025-11-01,12,1.7
Allegheny County,Pennsylvania,2025-11-01,34,2.8
Philadelphia County,Pennsylvania,2025-11-01,55,3.5
Davidson County,Tennessee,2025-11-01,14,1.9
Knox County,Tennessee,2025-11-01,21,4.1
Shelby County,Tennessee,2025-11-01,30,3.3
Bexar County,Texas,2025-11-01,34,1.6
Dallas County,Texas,2025-11-01,46,1.7
Harris County,Texas,2025-11-01,47,0.9
Tarrant County,Texas,2025-11-01,54,2.4
Travis County,Texas,2025-11-01,27,2
Salt Lake County,Utah,2025-11-01,25,2.1
King County,Washington,2025-11-01,65,2.8
Pierce County,Washington,2025-11-01,16,1.7
Snohomish County,Washington,2025-11-01,15,1.7
Spokane County,Washington,2025-11-01,10,1.8
Milwaukee County,Wisconsin,2025-11-01,32,3.5
